start,end,N,SS,TajD,FayH,bsfs,FulD,FerL,ZngE,btree,Colless,Omega,path
0,100001.0,50,298,-0.3674761159239598,0.0506339687678093,0.0317980905040112,-0.1107562410207424,0.6403052785126111,-0.7497831095519147,0.541085133007706,0.1065067248273355,0.0662368286346094,3000000
0,100001.0,50,407,0.2180675925996281,-0.0136662885286412,0.1159022290178977,-0.1259048058418314,-0.2437076920322316,0.32621139743889,0.2514287648471694,0.1177293668790267,-0.1053842263925191,3000001
0,100001.0,50,370,0.2684902484515101,-0.0237889622651681,0.0767772217371163,-0.9294161932728768,-0.3583199006486536,0.4524865609885604,0.2005545113870324,0.1221257508851493,0.2664357616640316,3000002
0,100001.0,50,420,0.4632937933461718,-0.0535822790740321,0.1920931482631223,-0.7528994497942544,-0.7250962920939211,0.8749075812554278,0.1325640540522309,0.1229562000238692,-0.0343546317443939,3000003
0,100001.0,50,425,-0.1105857148670785,-0.0433923199528455,0.0049586379434903,-0.4691540854655994,-0.3010482984500286,0.2067830703171717,-0.2631122064821149,0.1390864917395529,-0.1848037669514831,3000004
0,100001.0,50,439,0.0882486503406314,0.0122305652720973,0.1841127486062617,0.1156598798218611,0.0512567329006634,0.0006644195248423,0.1867950722901569,0.1227543503589281,0.2606786661089911,3000005
0,100001.0,50,408,0.1447593725422126,0.0075406424643436,0.1148949822112046,0.2655868352599401,-0.0216716082898542,0.0937394635894461,0.1642777810132233,0.11760552174086,0.1895666057478524,3000006
0,100001.0,50,450,-0.1741685230070739,-0.0171014954373675,-0.187772513426596,0.0652728802651316,-0.0417760822912753,-0.0533936135130159,-0.1810255187071549,0.1335379329396733,-0.0473130521089217,3000007
0,100001.0,50,568,0.0341865209841478,0.0144967013281685,0.2451507307929712,0.3331406634580514,0.1026377846222931,-0.072317625259095,-0.1695982338828626,0.1339738022868722,-0.0120731200367596,3000008
0,100001.0,50,414,-0.2551087984339536,-0.0948929811142618,-1.11425971256957,0.6791029655678865,-0.650233667206687,0.4382381476250702,-0.2304327410550326,0.1270353302611367,-0.3160129051077891,3000009
0,100001.0,50,391,0.0607147879422281,0.0283833227074425,0.1667458330447982,0.3822604847369606,0.2034698585688547,-0.1469997761218075,0.334663378251594,0.1083989433336786,0.1201553029264673,3000010
0,100001.0,50,399,0.321748196034635,0.0162175151502945,0.455795203453163,0.2715524260264466,-0.0527573536102991,0.2123286036386755,0.4311847703371238,0.116061765615337,0.2842561309345733,3000011
0,100001.0,50,522,-0.5372910171147482,-0.0970000721563644,-1.4259871907153845,1.334581312893993,-0.5039064270164141,0.1638299932179567,-0.8238213976445039,0.1633031925641543,-0.2013371328691401,3000012
0,100001.0,50,436,-0.7469647315422784,0.0076677140744201,-0.937121472744943,0.4449123894133659,0.5049809781718416,-0.8286525989224578,-0.0226163265188106,0.1258247017399925,-0.1858480525265656,3000013
0,100001.0,50,491,-0.097223557683001,-0.0106933151222102,-0.1558588679183003,0.4187511766667552,-0.0330812063356734,-0.0212841336599445,0.2939492882233865,0.1207598423984978,0.3068337090044314,3000014
0,100001.0,50,489,0.5661031687466055,0.0549490618285184,1.096821421356389,-0.9302362560497264,0.1307433009823799,0.178180891398366,0.8146985149176764,0.0954081632653061,0.6752158273610885,3000015
0,100001.0,50,348,0.0105466128055052,0.050492825638413,0.2784190994898554,0.8779145371323134,0.4184798348318305,-0.3612418563620733,0.0484779865580587,0.1281839440321583,0.121557560575376,3000016
0,100001.0,50,513,-0.1061687159534324,-0.029616950947214,-0.428811006478852,0.2884543579322051,-0.1879694453257404,0.1098985650742489,-0.5793534069154715,0.1523953921191118,-0.475540222542378,3000017
0,100001.0,50,480,-0.1622595887378479,0.0059019285747459,-0.022381463066552,-0.1755695859535739,0.1456018492045081,-0.2115866745452387,0.096759800645706,0.1286128441013711,-0.106065900897188,3000018
0,100001.0,50,531,0.3726118537534328,-0.0148019807031763,0.083343918132537,-0.2519390908084958,-0.3452403023357388,0.4956564694398376,0.7021453412047894,0.1035136542655339,0.4087252283840419,3000019
0,100001.0,50,455,-0.1001743805367522,-0.0185906041168258,-0.3935234568886445,0.4843109941323703,-0.0979959462375698,0.0341365477672419,-0.1051515146040151,0.1351086776173884,-0.0353908084652375,3000020
0,100001.0,50,495,-0.0324869978692408,0.0111525089386819,-0.1397226697495463,0.3588092378535067,0.1134944955552909,-0.1163287273974898,0.5043583697602095,0.101743999486587,0.3608788436600725,3000021
0,100001.0,50,493,0.1343641517078406,-0.0177110103668945,-0.3804489919688232,0.3134839289581617,-0.2290589333781491,0.2703656796751319,0.2264572373977008,0.1144179894179894,0.0143413778751344,3000022
0,100001.0,50,480,-0.2783439394545437,-0.0487208072809183,-0.3990446085703782,-0.3608507971952051,-0.2477400358448558,0.0732755504705985,0.3443348565951408,0.1132086167800453,-0.1931266444010591,3000023
0,100001.0,50,417,0.3295196309826678,0.0449546105960304,0.7607955900234765,-0.1308105562529378,0.1851444319768892,0.0078846584495659,0.5649972106324899,0.1117797118847539,0.3083315596976533,3000024
0,100001.0,50,446,0.4665412699290454,-0.0017565461832602,0.7414038056075971,-0.5690271875441179,-0.2898541929674709,0.4952320562257568,0.3573313020215914,0.1122743651916212,0.0303598553467096,3000025
0,100001.0,50,383,0.5686454826995203,0.06339475412408,1.4506263156001002,-0.5073133964107011,0.1993467773794296,0.1186870822942681,0.6412350014574065,0.1115578681803847,0.4554069061715636,3000026
0,100001.0,50,433,-0.6532201380131144,-0.032544755808951,-1.3398119092034917,1.326098473022272,0.1102297022826875,-0.4341226562060764,-0.88499269015894,0.1666477702191988,-0.7603371903786682,3000027
0,100001.0,50,459,-0.3065660474026552,-0.0392109790570194,-0.3689426364252253,-0.4848592908625054,-0.1505458794606544,-0.0264879277364583,0.0995285384412986,0.1234444997511199,0.0153237469246042,3000028
0,100001.0,50,430,-0.0804077472714864,-0.0220208183004156,-0.1375770282050079,-0.0541697662709218,-0.1384939659214838,0.0798703413157704,-0.0205675028973883,0.1231859410430839,0.0162538696112795,3000029
0,100001.0,50,496,-0.0590237091827833,-0.0767459601985727,-0.6337520115787876,-0.3061157947827374,-0.6143188196603403,0.5081584233154507,0.1913352041983589,0.1171290124089837,0.0151193274569749,3000030
0,100001.0,50,452,-0.0792175965862843,0.0059989788535334,0.1266187730943366,0.4110190376415317,0.0973780139151394,-0.1263208170977919,0.1045404011571301,0.1228231292517006,0.0020582707662093,3000031
0,100001.0,50,414,0.0652991748906749,0.0469285068641234,0.5782696208582875,-0.7160383874747793,0.3574229897490985,-0.2795870409088483,0.4437743687318737,0.1037528344671201,0.1434965285460954,3000032
0,100001.0,50,459,0.3460952801715837,-0.0189286771320283,0.3548324483965246,-0.5817148222320473,-0.3639968424056127,0.4980557079482621,0.6102028817559347,0.1084983498349835,0.4236883875662329,3000033
0,100001.0,50,441,0.3807048982685478,0.0349477170464277,0.6749026449660592,-1.0084413324794828,0.0707090524096902,0.1347393214336336,0.6161022951188707,0.1020499108734402,0.1993179270838846,3000034
0,100001.0,50,411,-0.0449182110421464,-0.0085208579806152,0.1266223391666278,-0.4089479367681013,-0.0454135815025586,0.0166134164537081,-0.2437225160324295,0.142423383494812,-0.0786326220896255,3000035
0,100001.0,50,394,-0.1798941702697216,0.0302584614680983,0.0753500473707273,-0.8481514735017677,0.3609903963716203,-0.4092483689867767,0.2236795841428032,0.1172657265153252,-0.0529175609154112,3000036
0,100001.0,50,411,0.1674520717423876,-0.0205585213765664,0.1656265604353996,-0.697206769356527,-0.2720564873602007,0.3249412111585733,0.4986801948599572,0.1131237411165583,0.0957207444424732,3000037
0,100001.0,50,521,0.0918723314203603,0.0109583412897499,0.2428231624642144,-0.8765787891048485,0.0385284693609969,0.0137608507589402,0.7981202187813767,0.0995068881824086,0.6934733534543511,3000038
0,100001.0,50,365,-0.5915017985109391,-0.1547411831726606,-2.40972405130084,0.6435832395591653,-0.9545649629420478,0.5314851117166687,0.0307313214601863,0.1241859548697527,0.0508392767730373,3000039
0,100001.0,50,462,-0.3866453428599927,-0.0290599326732722,-0.734087386887403,0.7799511226686361,-0.0175725257760207,-0.184484231651642,-0.2392288657634595,0.1375026573129251,-0.1198831787239918,3000040
0,100001.0,50,400,0.0016885425620008,0.029398770481107,0.1163080843522753,0.9289553627760389,0.2468778420045449,-0.215518738503639,0.4691977482289534,0.1157646048109965,0.454533350754787,3000041
0,100001.0,50,393,0.1379801426715426,0.0621492048945019,0.9100541171397648,-0.01313842866648,0.4426006237832441,-0.3167139790572454,0.3127306574541313,0.1219283631820074,0.0579846441379215,3000042
0,100001.0,50,486,0.0016590737283044,0.0124708492683939,-0.133197281687586,1.0059500280820568,0.1044746640342233,-0.0907517276526753,0.7070410460773702,0.1079808136846971,0.8312858644630499,3000043
0,100001.0,50,401,-0.9059907932998972,-0.0630638602042089,-3.8019342514182783,1.7308011448623335,0.0018532594519833,-0.4693234631267474,-0.4166740971473015,0.1330934159378037,-0.1845277290150117,3000044
0,100001.0,50,546,-0.3998799629133014,-0.105730096728739,-1.4966474160424332,0.2620116572540968,-0.6593202894986183,0.3712101114031298,-0.4177986748990702,0.1432300990571667,-0.2664937321790669,3000045
0,100001.0,50,494,0.3617677269687189,-0.0143738530640787,0.3245884247335163,-0.5640949363589284,-0.3349941172956435,0.4809002242939806,0.3212768010968271,0.1208398157469265,0.3816604374731882,3000046
0,100001.0,50,418,0.4084733675629076,0.0448630978805664,0.684211120271907,-0.9533249861968058,0.1378654903164204,0.0901092516076215,0.7864066280407366,0.1003990705192968,0.4804692487830309,3000047
0,100001.0,50,493,-0.1290501733124687,-0.0280047646520618,-0.4294165594605519,-0.4683394101432129,-0.1607224290016085,0.0741769001213926,-0.0188949905467764,0.1249183079345275,-0.0966630775244766,3000048
0,100001.0,50,367,-0.2692614140420138,-0.0832066120014226,-0.726958714825664,-0.4665284037392068,-0.5420586872329002,0.3361640316302351,-0.0365615324908634,0.1259593581022152,-0.1511383942828313,3000049
0,100001.0,50,480,-0.1559070900667063,-0.0758668649328189,-0.3451448430353775,-0.5152518065632314,-0.5494632213790358,0.4011604456261271,-0.4248469403489141,0.1521891920033319,-0.2983985014621617,3000050
0,100001.0,50,408,-0.0465557149438999,-0.0101811089255133,0.1198156158528641,-1.0773520435240238,-0.0584449625982297,0.0271917470573429,0.0895970726811286,0.1302562233684682,0.0488674269898888,3000051
0,100001.0,50,510,-0.0351449724787186,-0.0008209167261121,-0.2222114089954464,0.1932367369398769,0.0137921333171874,-0.0302810621260056,0.3499408057232895,0.1178495842781557,0.1014608455574136,3000052
0,100001.0,50,396,-0.2199978969871407,0.040663685421614,-0.0188019578929792,0.3733033561375688,0.4723493377220483,-0.5275619228969343,-0.2354231806136597,0.1423478245464852,0.5660349633770702,3000053
0,100001.0,50,411,0.2208387841044277,-0.0037550936327301,0.3165769605122228,-0.8773685397242929,-0.1617673363063865,0.2558332571730002,0.6755537851430059,0.1055772308923569,0.5951964133240766,3000054
0,100001.0,50,494,0.595964876289042,0.0432445878917862,1.3692949894120223,-0.2339896448221754,0.0141708004090711,0.2958749461684875,0.7929449112846878,0.098651720303506,0.6296787536185134,3000055
0,100001.0,50,509,-0.2397329550204529,-0.015243357775962,-0.7498680340712114,0.6370334001040578,0.0124821262656746,-0.1349965845584225,0.3940997147485202,0.1140966538899823,0.3691957536259534,3000056
0,100001.0,50,499,0.6487570083657711,0.0277827374294112,0.9757920911831236,-0.2349640299511621,-0.1477437379763869,0.4651991244313826,0.5298572682637565,0.1123093176664605,0.621224571065917,3000057
0,100001.0,50,454,0.2513658312273817,0.0037932590713715,0.4421078087063461,-0.0295938164326086,-0.1161520905139276,0.2317669993215942,0.1891045608303283,0.1260674482558981,-0.0406237740516981,3000058
0,100001.0,50,536,0.463536347989181,0.0191611744644439,0.6901144403570355,-0.474034061171427,-0.1113829331052383,0.3376498906008116,0.61092268468611,0.1055529354598982,0.3528768668530647,3000059
0,100001.0,50,392,0.0926472309402729,0.0336438772088467,0.5039603455670145,-0.3824523408487317,0.229015114625076,-0.1529092392903893,0.4197439162381045,0.1131681243926141,-0.0903347639471694,3000060
0,100001.0,50,415,0.2468045348888176,-0.0467339194071506,0.2073261442157583,-0.6508810932623894,-0.5396665936087279,0.6005164117882515,0.6907783138748379,0.104906413432425,0.4204131430039552,3000061
0,100001.0,50,452,-0.073918898317978,-0.000732129424217,0.1094555591293759,-0.3429750214975444,0.0373941191045025,-0.0709918973764485,-0.1459486432530937,0.1372321052314731,-0.0847793500941377,3000062
0,100001.0,50,426,-0.5156680902518391,-0.1128830820075129,-1.4321181729074146,0.045780204138847,-0.6488512114518471,0.3024254107178901,-1.2678695059772451,0.1785261977131278,-0.6220332772149931,3000063
0,100001.0,50,380,-0.4528217753658863,0.0096523742931389,-0.5442319234440516,0.6832459221408761,0.3478755747577512,-0.5384960687263711,0.0838720056308344,0.1295449214168426,-0.0223584718755284,3000064
0,100001.0,50,397,-0.6759447802947679,-0.0975576932076409,-1.7059146816774162,0.6997337202857747,-0.4243765209770442,0.0230594877266223,-0.1043068133034454,0.1237461086129367,-0.1987952947978661,3000065
0,100001.0,50,435,0.1564190142251866,0.0120869760947651,0.2269387845143499,-0.5000694350523172,0.0098568260039762,0.0721771514005379,0.1311676329568882,0.1244622849139655,0.1220391688995566,3000066
0,100001.0,50,455,-0.0760346161428671,0.0057441627091509,0.0659379511304143,-1.209194503544369,0.0933559692391552,-0.1211529844730779,0.5144333340898315,0.1068773851003816,0.2720411923738909,3000067
0,100001.0,50,513,-0.1390834656138488,0.009312885686735,0.038790714190496,-0.3185219395690232,0.1608792741243359,-0.2130570900368489,0.1626781392630448,0.121461210746925,0.178352281447091,3000068
0,100001.0,50,494,-0.2098594992070579,-0.0237171993021176,-0.49380775444446,0.5162496541249901,-0.0767912853539039,-0.0412259030190547,-0.0671723300871881,0.1260706555349412,-0.0885400398919191,3000069
0,100001.0,50,408,0.1562554626683722,0.0397725434041396,0.5206358119800375,-0.4240304268183116,0.243403714555712,-0.1326757558761004,0.3659085907640639,0.1186572989851678,0.5324570820983977,3000070
0,100001.0,50,484,-0.3318601624091828,-0.058496156286184,-0.9646313289419516,1.329962438071438,-0.2988655232625088,0.0904179968653692,-0.6523770106661722,0.1419040143529939,-0.3810262425635458,3000071
0,100001.0,50,471,0.4951424641556281,0.0435160368980199,1.054424497748066,-0.5250329824366262,0.0758091156841704,0.1895605425212372,0.1845558020271527,0.1250447547440028,0.0594752922026082,3000072
0,100001.0,50,566,0.174372375777817,0.0075453800915168,0.342982017456563,0.2149165848193256,-0.0390381970244413,0.1245502785893332,0.2891377737030819,0.1122599482270784,-0.0134005556302661,3000073
0,100001.0,50,334,-0.4490597216343346,-0.1223070159958388,-1.2576348974405536,0.1224086131634908,-0.7638742808278548,0.4379391040311847,-0.3973910234039162,0.1499709639953542,-0.2905163034881569,3000074
0,100001.0,50,443,0.0834135421259151,0.0556300891267042,0.7090187976428456,0.5531112213749289,0.4206196168935791,-0.3256519299264387,-0.0702825872062338,0.1367812488123741,0.035910242194625,3000075
0,100001.0,50,381,-0.5094341060732887,-0.0741439174805868,-1.3609535676861395,0.2843234990031251,-0.3247280059046752,0.0217627045667132,-0.1662644386725535,0.1253554331785624,-0.2357816579564827,3000076
0,100001.0,50,368,-0.4547735214968396,-0.0177047701586174,-0.6720845552488534,0.4909183694972396,0.1185678356897683,-0.3384395411702868,-0.1025236341276998,0.1222547661039724,-0.2429007586322722,3000077
0,100001.0,50,504,0.3397685832809842,0.0113819145182396,0.6809139966817657,-0.0299990797803,-0.1041808139783059,0.2671572459919547,0.0317152631584878,0.1228949913298652,0.057461959582062,3000078
0,100001.0,50,462,0.1224182656501094,0.0228912749327687,0.4446617662055747,0.042187264339737,0.1212481319378663,-0.0430185582161013,0.5327825064054384,0.1057796134326746,0.5287205911656534,3000079
0,100001.0,50,463,0.3223994462242154,0.0375591247953676,0.6482530399783719,0.6431305736085293,0.1272799555296688,0.0550839735775077,0.6410813009272088,0.1068937676080533,0.4102154435725454,3000080
0,100001.0,50,388,0.2569301361501482,0.061105732959459,1.3411562404699224,0.9066431984772892,0.3636680160496502,-0.1861499653125135,0.4253702699821937,0.1106717687074829,0.4577110360769088,3000081
0,100001.0,50,435,0.1707364340345333,0.0425178985684191,0.3360178734222018,0.7259465136703855,0.2583330640702519,-0.1382566132835444,0.0976308402162535,0.1264739229024943,0.2010112134763126,3000082
0,100001.0,50,453,0.190963333101103,0.0288477510793526,0.5936201100035279,-0.1532300788269019,0.1311111951017039,-0.0162436946227912,0.4367407311828252,0.1114338042909471,0.2974483627358946,3000083
0,100001.0,50,377,-0.5700206380974203,-0.0057784408550743,-1.310073369598754,0.8718643660419698,0.2868581905562527,-0.5454525596599883,0.6191566935923549,0.0995620470410386,0.4683235045718594,3000084
0,100001.0,50,483,0.4415879107837113,0.0026494919153665,0.5856777950650958,-0.4097739522738283,-0.2380665767836826,0.4371415487794743,0.568743840108052,0.107711219202707,0.3138690706114102,3000085
0,100001.0,50,475,-0.1865178818061036,0.015304820236261,-0.0458404551550827,0.1381005332873984,0.239379709495359,-0.3063470990206972,0.2256526346351766,0.1231704803133374,0.046337760854548,3000086
0,100001.0,50,458,0.0777372180405325,0.0140745529174172,0.3374872057976388,-0.1875232250022264,0.0730809767653438,-0.0238886555404954,0.457714666512183,0.1126314162028447,0.3473773255262364,3000087
0,100001.0,50,480,0.1986228357703424,0.0293478498377116,0.5301667746942854,-0.731413219678468,0.1309714044912753,-0.0121179311703047,0.8129530505973026,0.0975265106042417,0.4704051903321807,3000088
0,100001.0,50,516,0.2797290766667195,-0.0014198839808451,0.2013193320637029,-0.0484760238912406,-0.1770911219688477,0.3000655749698498,0.4818431396427389,0.1120668162552979,0.2581628371397267,3000089
0,100001.0,50,400,0.0505206869101038,-0.0608745362345726,-0.3974870835674231,-0.4406714581260424,-0.5430104550011625,0.5020325157952401,0.0663616351781718,0.1217238429113976,-0.4704781566899283,3000090
0,100001.0,50,500,-0.0910633941496229,-0.0425495794634945,-0.2774566625704801,-0.8341127194011566,-0.306208646172672,0.2214033984485517,-0.0409340589342949,0.130685856432125,0.102902607347098,3000091
0,100001.0,50,455,-0.0543407309606972,0.0054324639574916,-0.0651258957293699,0.2563391002143472,0.077932453116195,-0.0964165988064784,0.1822330942306023,0.11851389491967,0.21503185077693,3000092
0,100001.0,50,413,-0.7656142457219065,-0.0618671645820516,-2.162244996789007,0.9038608412459912,-0.0708650414739118,-0.3332419497336117,-0.2292817663613263,0.131608228397742,-0.4536295938864902,3000093
0,100001.0,50,477,0.2600287713103296,-0.0073477596349458,-0.0745958376873215,-0.9017097468774852,-0.2154792265420819,0.323411860862147,0.6873122994088392,0.1017188428769566,0.4660149109487583,3000094
0,100001.0,50,491,-0.3222708612104729,-0.0616017471799095,-1.0112759489028649,0.6300950193727092,-0.3308624895117941,0.123420255284714,0.0657222064355528,0.1177431705666559,-0.1312999184353115,3000095
0,100001.0,50,488,-0.5631181457294436,-0.0839487933778396,-1.4817209520047412,0.623826352808191,-0.3777312078926431,0.0399441844290191,0.0521130425921359,0.1238298071522187,0.1028505391348428,3000096
0,100001.0,50,332,-0.6357050943247868,-0.0007122418961053,-1.3789964624457365,1.3900804773828856,0.3677345393520169,-0.64959050782477,0.2300020615129913,0.114740461401952,0.0979078859627203,3000097
0,100001.0,50,462,-0.0132988622192315,-0.023914511998729,-0.2260616562479076,0.0101105748471762,-0.1942365192764427,0.163426563304664,0.0135267034981251,0.1182094847508381,0.1462867230372259,3000098
0,100001.0,50,479,0.1105792346043531,0.075849180610172,1.201020336881541,-0.1690564370963302,0.5760315196982123,-0.4478982607982368,0.6178989703603803,0.1030748983010289,0.4627412626790839,3000099
0,100001.0,50,557,0.4347774998667425,0.0184987477703681,0.5440254037678092,0.0852283645240947,-0.1000075896950102,0.312862630736801,0.469979018241423,0.1171442876215906,0.4567354087548152,3000100
0,100001.0,50,542,-0.0219698054017285,-0.0219201421736982,-0.0264820730345902,-0.8063120130768167,-0.1726477994920384,0.1400434635107656,0.3216350927818776,0.1106099257884972,0.1097726491538252,3000101
0,100001.0,50,513,0.1602166056710133,0.0124720271211045,0.2489641134110219,-0.2896183063546786,0.0109947614570011,0.0732684340597576,0.1844961225690863,0.1227197582943792,0.1348125829258633,3000102
0,100001.0,50,504,0.0370240107252229,0.0725722660247737,0.5992944333983162,-0.5006735956915331,0.592122697904963,-0.5000884478848597,0.9846035359428854,0.0965791789352557,0.6777384133419792,3000103
0,100001.0,50,420,-0.1947062766815396,-0.0086838027310856,-0.499050214636054,1.1514057797780033,0.0414459498639935,-0.1368952828192829,0.7049892222743891,0.102000800320128,0.3570028914983377,3000104
0,100001.0,50,435,-0.1541994935997288,0.0078250943503681,-0.3017357101250564,-0.2616774450229036,0.1569436172417579,-0.217259050536954,0.2029312859248987,0.1188726919339164,0.3116222656484872,3000105
0,100001.0,50,537,-0.1992362376025889,-0.0489704840457095,-0.2814501007062072,-0.5345299064556684,-0.297022661483545,0.1573517886557992,0.6051448630096156,0.1052683504340962,0.3411859979667974,3000106
0,100001.0,50,410,-0.25964380398965,-0.013590884493112,-0.5295288173022208,0.7539189921888904,0.0383131216590083,-0.1676520591137019,0.0054125996382861,0.1229947202761701,0.0566436209444099,3000107
0,100001.0,50,397,-0.164685340197192,0.0120458400402877,-0.1351719428921029,0.252195235831874,0.1985346202191087,-0.2590200913287932,-0.2386560572541954,0.1384569700896231,-0.1136365226491873,3000108
0,100001.0,50,498,0.1183351631974205,0.008000371263432,0.1535288406026745,-0.199046991361516,-0.0021418728353216,0.0630991585548801,1.0165455652990898,0.0994347987951399,0.8757453571299112,3000109
0,100001.0,50,393,-0.1275998292607255,-0.0104068981094084,-0.0628269095568196,-0.3521865053864037,-0.0125814487847289,-0.0548286075633441,0.0866791074614153,0.1195396397552731,0.1560764447407224,3000110
0,100001.0,50,418,-0.3578256444834822,-0.0392319833077671,-0.4644786798312962,0.0742208713107622,-0.1201939140509894,-0.0794423825430215,-0.3575823279449342,0.1464207070111281,-0.5759647289490165,3000111
0,100001.0,50,430,0.4587504217990762,0.0169396951048489,0.5973167607140085,-0.4331159548910877,-0.1273571334424276,0.3486453630390001,1.2751437606240916,0.0942009981562718,0.8531741632200044,3000112
0,100001.0,50,506,0.0285414679782663,-0.0039635721226116,-0.2763465227021622,-0.3652224503014615,-0.0503746390977808,0.0589430043843144,-0.1619960463322814,0.1256696979309858,-0.0960698434486269,3000113
0,100001.0,50,411,-0.3525021510806328,-0.0070089603254241,-0.3215618817098021,0.2756667906294097,0.1485324464228687,-0.3122189360270968,-0.1858539720365462,0.1386390714477881,-0.2472513319722781,3000114
0,100001.0,50,493,-0.2625369964846281,-0.0194026652627271,-0.6927430723794998,0.4036943142390891,-0.0092207318650608,-0.1277261157300287,0.2039166530447591,0.120304643596569,0.3399242763398402,3000115
0,100001.0,50,477,0.0258242747399221,0.0280177578372983,0.3115986573649539,0.2480052760894507,0.2216260925845015,-0.1809736315228252,-0.2795624431065265,0.1313468686443649,-0.0470155712519719,3000116
0,100001.0,50,399,-0.0836954888112248,0.0137459522985795,0.0133376374508418,-0.1366479365929466,0.1651835736884084,-0.187987556687568,0.0051724524930932,0.1233423144538714,-0.1985716850306459,3000117
0,100001.0,50,435,-0.2009604647052071,-0.058090457364886,-0.8082251178944171,0.5556665207922331,-0.371992084522536,0.2222817821820162,-0.2309038179806103,0.1362973760932944,0.0789941356570666,3000118
0,100001.0,50,455,-0.1313061691989102,0.0038739701991948,-0.1353009155752393,1.037957022218996,0.1101431498973773,-0.1644416593896272,0.3518931256002067,0.1151808982299387,0.2804057458534104,3000119
0,100001.0,50,403,-0.3912747012061503,0.0177240033629043,-0.1228629783269264,-1.0865445227274348,0.3799106511782967,-0.5349989529178403,0.5999314060573914,0.1055432984004412,0.3731938693233115,3000120
0,100001.0,50,448,0.1849383889692052,-0.0173286731405935,0.2707614835418969,-0.6804233677994506,-0.2553846348536165,0.3194834462971427,0.1809774408542755,0.122030219122825,0.196184758059803,3000121
0,100001.0,50,439,-0.2705216426584139,0.0185843054700548,-0.1586426373670812,0.9930947129647304,0.3163685590115188,-0.417141383551014,-0.2029174272759849,0.1355636782076014,-0.3020463624589763,3000122
0,100001.0,50,424,0.0019503731989337,0.0260283702515183,0.2214604268138296,-0.078212970663649,0.2185102021133547,-0.1905431262368374,0.2569651192928324,0.1176801129808648,0.5868365585715668,3000123
0,100001.0,50,420,-0.3522612656679185,-0.0782265896025299,-1.1108970932315831,1.0456110448017668,-0.4525245701842517,0.2147452423146904,-0.3998027884896374,0.1389982623484176,-0.510918030143799,3000124
0,100001.0,50,442,0.2176055127299286,0.0314993619447654,0.5829430909690533,0.3942067528254632,0.1377327010660001,-0.0082995615124248,0.4295880018093434,0.1128734102336586,0.5687042902660625,3000125
0,100001.0,50,459,-0.6319215670644216,-0.0659524253745176,-1.2723995772671348,0.7096922626951737,-0.1846551444332942,-0.1647767044169756,-0.4206060480109805,0.1411039134755025,-0.6089937029398578,3000126
0,100001.0,50,535,-0.0803926869418723,0.0621978463552108,0.2972700573787807,0.0856602154528636,0.5740529505488595,-0.5450698610549476,0.2590210913200449,0.1088942457717031,0.2327454842977531,3000127
0,100001.0,50,468,0.0161957164874744,0.0114502632831139,0.0147318594059059,0.854445918736456,0.0872219793760518,-0.0681020377853039,-0.0974490472620728,0.1223787341023365,-0.0177674540034108,3000128
0,100001.0,50,389,0.4046096111298579,-0.0042889652985848,0.4907336175268346,-0.283893150346685,-0.2743783125966146,0.4492792501738338,0.149914259114229,0.1260012880892002,0.2421854418444682,3000129
0,100001.0,50,467,0.1741615806977154,-0.0048878196335516,0.1985779648522785,-0.1522050894258741,-0.1440109687699712,0.216317026941292,0.3291672088347524,0.1184645286686102,0.3241492087780977,3000130
0,100001.0,50,378,-0.2792500299940638,0.0430314041711854,0.0974915999495468,-0.587934059598776,0.5268461524456687,-0.6057838347270145,0.3806242739941757,0.1125712911427197,0.3788415296845551,3000131
0,100001.0,50,477,0.1831443535582548,0.0474914444998571,0.4696440491356316,-0.4045356828917831,0.2934671352119397,-0.1626084900575727,0.6583432131715046,0.101765958908816,0.5531169190915247,3000132
0,100001.0,50,461,-0.1241909606043006,0.0103791099012597,-0.1174750513753998,0.017277177270814,0.1609286918775615,-0.2053018311535588,0.2347491476686418,0.1228828266000277,0.0665304793159881,3000133
0,100001.0,50,445,0.2052530050086132,-0.0158900098704671,0.2408893527680186,-1.1622097321506928,-0.2551891110788216,0.3298010623640546,0.2606652610187152,0.1119884461721196,-0.1355363161860762,3000134
0,100001.0,50,439,0.0756312200869601,0.052968347461423,0.6064134342314855,-0.0868250816726474,0.4026715758412609,-0.3139355207809982,0.3872842412908335,0.1117683788491241,0.2377306376290989,3000135
0,100001.0,50,435,0.1200833488061258,0.0030353292569384,0.1588175643398167,0.0788825407334033,-0.0451471127489738,0.1016235143768089,0.0204782408107877,0.1341543254469929,0.0077286831084387,3000136
0,100001.0,50,416,0.1739569231739127,0.0618994501478998,1.2147428085344285,-0.2300159128216275,0.4197419298310101,-0.2781016244733073,0.1904882678171057,0.1094690749863163,-0.0582909140776533,3000137
0,100001.0,50,432,0.4551683407533396,0.0584552283414043,1.182919951372121,-0.6521124173760312,0.2252136142437878,0.0377240736787113,0.4835493699313008,0.1095275066548358,0.2292066084318308,3000138
0,100001.0,50,563,0.3670446624906422,0.0539028814521402,0.9502306860003428,-0.2406449089233996,0.2399231111758831,-0.0203443346773129,0.4834691629666784,0.1166837391327187,0.3817225184968427,3000139
0,100001.0,50,420,0.1527034816023307,-0.0210743027390513,-0.0848591496204067,-0.5413099798417808,-0.2677965911352033,0.313620907944328,0.259380514825541,0.1117678778828604,0.152789239902546,3000140
0,100001.0,50,411,-0.2910559570727531,0.0427604097696449,-0.0620367309530897,0.7440873935856016,0.5321446247701427,-0.6167495904030846,0.6845322600227575,0.1062169312169312,0.6091710205342461,3000141
0,100001.0,50,474,0.5117106490535692,0.001702543829462,0.3441426859504515,-1.1054193224442197,-0.2873962678331292,0.5166085988532938,0.4042021385719829,0.1136046002559439,0.5444743188546939,3000142
0,100001.0,50,381,0.281183735422234,0.009423121028439,0.5200602146335254,-0.3372862604462001,-0.0861437651346104,0.2205680038281619,0.4365286883934394,0.1147462231645905,0.1522558810566354,3000143
0,100001.0,50,514,0.7576475518840338,-0.001412276540952,0.6366416297243124,-0.6993368851062597,-0.4590457070234803,0.7946419562898301,0.6205402491415848,0.1054072313857049,0.4274673610994329,3000144
0,100001.0,50,491,0.1764020215265042,-0.0041535449092057,0.1985923543706615,-0.8795038570983948,-0.1391896875924151,0.2133027171402069,0.4127546368902576,0.114681449502878,0.3232693375596545,3000145
0,100001.0,50,514,-0.2454274779139544,0.0182282204704271,-0.1271676708408446,0.108398142997297,0.2990807049913318,-0.3892876468636221,0.2875018310531555,0.1153783431180691,0.388268606562305,3000146
0,100001.0,50,499,0.0565375524933652,0.059692963858321,0.5008390367635911,0.2106921458886065,0.4715851568501062,-0.3842851164010044,0.377837934511831,0.1163791707159054,0.4182757656550742,3000147
0,100001.0,50,421,-0.643200969589049,-0.1306291099714154,-1.6245527933926258,-0.1960349734366633,-0.7233097328952125,0.3018440043399908,-0.0006880697874968,0.1257092698830684,0.0446768711216105,3000148
0,100001.0,50,422,-0.1913404760622227,0.0540962758683697,0.3205008441274034,0.4986014057848774,0.5692385708568228,-0.5978314768188064,-0.1244946492282493,0.1226424432206745,-0.0088401199592658,3000149
0,100001.0,50,431,0.0273698843672009,0.0065579931506377,0.241560485470577,0.4538689469106395,0.0392287268126437,-0.0202498368139844,0.0905624852574679,0.1249534060199422,0.197192668671201,3000150
0,100001.0,50,375,1.016974089955902,0.0180853829544534,1.223329270001809,-1.0793730760326257,-0.4462706679776226,0.9156893559504078,0.3586478016247933,0.1135014515360284,0.239744544651337,3000151
0,100001.0,50,440,0.1633829310072801,0.0046738789335295,0.1802785959778407,0.3099421512552596,-0.0568350342298763,0.1342529479652735,0.5266536767066867,0.1038688202553748,0.3481599897446791,3000152
0,100001.0,50,487,0.1863433180512946,-0.0288770621297281,0.1258654207722441,0.1448473455049259,-0.3541112844119664,0.4068934011850781,0.0334607412589534,0.1233797573083287,-0.0800328445838372,3000153
0,100001.0,50,551,0.4261647535277224,0.0121442062926419,0.4849490205822139,-1.0085683981176126,-0.1487452390224691,0.3511272406055199,0.4200108795665601,0.1162631719354408,0.501961017083964,3000154
0,100001.0,50,495,0.4073637098400969,0.0737907288676828,1.0776390015579116,-0.7493133415987602,0.3838025942300566,-0.1258145223166411,1.1151850751167551,0.0955215419501133,0.741310073548635,3000155
0,100001.0,50,429,0.6989341617453504,0.0165305398311506,1.1020523084047922,-0.5300334214262563,-0.2723505058098054,0.5998263715540308,0.6318024676338463,0.1041348782503655,0.4443608348140659,3000156
0,100001.0,50,371,0.2551930941972398,0.0440355538814808,0.7006482698500004,-0.3773256317595548,0.2206139517562269,-0.0617154915835755,0.2230625945346327,0.1188513867085295,0.2641421396106773,3000157
0,100001.0,50,432,-0.1634991694958569,0.019855078896385,-0.1827369331825736,0.925278388584886,0.2639651276255129,-0.3158769728346263,-0.1374904416215817,0.1304506802721088,-0.0250092077285456,3000158
0,100001.0,50,523,0.4439290713067946,0.0513283693572361,1.0140079018297732,-0.31877331271328,0.1724516256470823,0.0785302849519628,0.6272988717924166,0.1072980287005313,0.5946803710426632,3000159
0,100001.0,50,466,-0.371923690300537,0.0108762978635252,-0.1829271848850019,-0.1772642321342326,0.3112347181938099,-0.46518426876291,0.3734770467740371,0.1183596554199569,0.201390300788501,3000160
0,100001.0,50,403,0.0452635637818041,0.0594319772339089,0.6019625607661567,-0.0577371509336446,0.4744955409259616,-0.3925384687225869,0.4688058648508382,0.1112951028364562,0.4891328256398232,3000161
0,100001.0,50,448,-0.4573602567791512,0.0013642844012385,-0.3701343570598847,-0.217395970801371,0.2811395687544046,-0.4828598313568226,-0.612403697777325,0.1574312714776632,-0.1709734424374472,3000162
0,100001.0,50,567,0.2408676404420581,-0.0255137410486645,0.1063528286015877,-0.2883785591416717,-0.3583944370015299,0.439098229278182,0.2604758801751778,0.1159685335321343,0.2009215846957283,3000163
0,100001.0,50,420,-0.1765124610339253,0.0071239344627239,-0.2081341187916516,-0.188660863254326,0.1641117054863165,-0.2350275223915548,0.0971144204938755,0.1237770881548495,0.1953545669520598,3000164
0,100001.0,50,453,0.2358232967969173,0.0382773131246707,0.4815443767954365,0.2392946035114741,0.184321094804828,-0.039707381357199,0.2146289812127296,0.1136983427732326,0.1530224347146922,3000165
0,100001.0,50,439,0.4505452120568602,0.0405993229598301,0.7642526166479151,-1.1329973827276076,0.0772531825609487,0.1650820353860398,0.6591307271515223,0.0996906300208525,0.5055647659549315,3000166
0,100001.0,50,455,0.2352566848351069,-6.679258964128323e-05,0.54914331057736,0.0935020331300459,-0.1392663913104904,0.2437087041092665,-0.208075771258385,0.1238559059987631,-0.003793389038967,3000167
0,100001.0,50,453,0.082818777762979,-0.0404763019020374,-0.0575331227193085,-0.7420171023344646,-0.3907551289097044,0.3853994135955934,0.258966119853815,0.1183390022675736,0.2621710320726317,3000168
0,100001.0,50,427,0.3339489935240337,0.0336194456364616,0.7258901639058867,-0.9333635442226628,0.0869652452511794,0.0962743384717567,0.5289252062856941,0.1114764087453163,0.3378332229904316,3000169
0,100001.0,50,458,0.158427315969003,-0.017701939001948,0.0070106977568349,-0.4787207142530891,-0.242973156012115,0.2949276086012952,0.113830787594942,0.1278850826044703,0.0629517811800337,3000170
0,100001.0,50,444,0.3192312358475846,-0.0025402242407641,0.3578121486193127,0.0105416865361896,-0.2096277003684026,0.3487560326749656,0.2597155646491912,0.1165276612928276,0.3284412229447205,3000171
0,100001.0,50,493,0.0124389860778082,-0.0384012510159234,-0.1010144444764826,0.0127826446884021,-0.3321212138714401,0.2976670308751669,0.253936864054089,0.1244239631336405,0.0715209033585718,3000172
0,100001.0,50,572,0.1914871787561685,0.0292390411132689,0.4470382204086391,-0.0553352521226204,0.1346730399535464,-0.0189410610793435,-0.0272088781393842,0.1393519849254255,0.4170005264624162,3000173
0,100001.0,50,451,-0.3309844031360179,-0.0785117320109215,-1.0916704319332269,0.9449016043991144,-0.4680675381849577,0.2392957262618521,-0.5038730581320724,0.1453004278634531,-0.1614966015641163,3000174
0,100001.0,50,325,-0.4593395588227322,0.0288131676908102,-0.7924758063178492,1.6270434958181583,0.5119947747946967,-0.685047476431155,0.5771002990259396,0.1088706759299464,0.5007209670813487,3000175
0,100001.0,50,424,-0.3234939811802141,-0.0090637348060672,-0.412510008887639,0.1663265788282191,0.1141249166293762,-0.2671420940937318,0.4350132406845438,0.116416616151411,0.3494655417456133,3000176
0,100001.0,50,433,-0.0525625295761223,0.016713015024822,0.1866564453269901,-0.0423965664259359,0.172067905676079,-0.1780016670550047,0.2712254166108129,0.1223395791064964,0.0568849026129692,3000177
0,100001.0,50,406,-0.2982101293428546,-0.0664370457737085,-1.339666569532316,0.8301999891671926,-0.3846398073549488,0.1831852739739247,-0.1684051637822628,0.1274144372775016,-0.1005337086831931,3000178
0,100001.0,50,480,-0.1544702153672814,0.0088353066625517,-0.1566875605773667,0.5964354608865576,0.1658079207139424,-0.2252757059533223,0.0109247829283051,0.1287267458003609,-0.0608594963120646,3000179
0,100001.0,50,483,-0.2694794981902509,0.0181759339840449,-0.1566171541062706,0.357461343495737,0.3126337804666537,-0.4135102107574641,-0.1003806002461332,0.1397801895324603,-0.4005904338113801,3000180
0,100001.0,50,412,-0.1143318652083733,-0.0067460223535535,-0.1871434640028507,-0.2721690132519399,0.0104470520527957,-0.0681965052221485,0.3656658863183515,0.109376221753069,0.3090602276226846,3000181
0,100001.0,50,409,-0.1737825979277807,-0.0528286860933195,-0.6894449032039469,0.1844790864253949,-0.343211585355167,0.2111115383329761,-0.0890034456634831,0.1258230564953254,-0.0157486993797087,3000182
0,100001.0,50,534,0.0463551664834865,-0.1471179379056479,-0.5782397620044529,-0.1301866469816293,-1.272910368430934,1.1403533044056444,0.1320214229328875,0.1253198527117269,-0.0040822622692822,3000183
0,100001.0,50,524,0.3066630176924579,-0.0030798761265516,0.3623961114570151,-0.7772552054377148,-0.2070577456222351,0.3403098661536661,0.7870301132514297,0.1118281471004243,0.4115219320072141,3000184
0,100001.0,50,380,0.1334321470180195,0.010150102617647,0.1211441562972553,-0.1347495301195771,0.0069579004085047,0.0627414725404146,0.493644888234956,0.1111340489953206,0.1985558533708435,3000185
0,100001.0,50,513,0.3531277119244647,0.0197972863220488,0.6576677912643096,-0.9544018702845952,-0.0408556728368357,0.2185679537505731,0.364937290230815,0.110324646290441,0.0585446658119916,3000186
0,100001.0,50,377,0.0503520675066289,0.062004014198402,0.3854695255650353,0.0866635969507251,0.4926178908270524,-0.405748967738469,0.0230726268737618,0.1310223456471196,0.5008460984427551,3000187
0,100001.0,50,413,-0.1476110538986096,0.0471403917281955,0.2323757336174348,1.0831555338339836,0.4846233992323244,-0.5010323926615734,0.5133337030354127,0.1084994691518225,0.4461801427815342,3000188
0,100001.0,50,482,0.1955049727954138,-0.0367005673531974,0.2828657282245231,-0.2192679820586412,-0.4256204481562026,0.4743191817244266,0.0827794965443694,0.1208108243297318,-0.0931820473825519,3000189
0,100001.0,50,379,0.5254169328531523,0.0198102351856944,0.4536154761742112,-0.2045309318257401,-0.1424141648243479,0.3958726356207224,0.6768095821261502,0.0951267941731666,0.4816947517544801,3000190
0,100001.0,50,414,0.2558443832340218,0.0104249316482443,0.5127275487994206,-0.6444926770623347,-0.0627780251751837,0.1871501352492353,0.4743189142005725,0.10816427162581,0.3221289956185109,3000191
0,100001.0,50,456,-0.0915803549599115,-0.0365516064784985,-0.158314042924729,-0.3038812782114716,-0.2548092321466167,0.1760648097486186,0.3467010061113229,0.1096891534391534,0.2506758436428292,3000192
0,100001.0,50,461,0.4739062010446755,0.0081523989556119,0.6222843307779606,-0.6256405333469425,-0.2105472292457287,0.4296011303440723,0.5443235243891466,0.1157082624716553,0.5717750403567159,3000193
0,100001.0,50,429,-0.4391574698632912,-0.0351313329840119,-0.987764356963996,0.782086784918658,-0.0377402874422453,-0.1937858257217729,-0.0776075315177101,0.1290217617659308,0.1517826617621928,3000194
0,100001.0,50,539,0.157578086712457,0.0082807223607309,0.3295459865636156,-1.1226233026983443,-0.0229029397917976,0.1016658693321043,0.4116523050008555,0.1106904300181611,0.3703141163362156,3000195
0,100001.0,50,438,0.1726991274409837,-0.0206852881831941,-0.0395162323638221,-0.180976650627548,-0.2764432431660549,0.3315887183063682,-0.0830895209409983,0.1321716517294748,-0.0522692246843254,3000196
0,100001.0,50,499,0.1144789187018663,0.0208336698843539,0.3174352966566764,-0.0567015596152544,0.1086906487013447,-0.0360844120716284,1.0220976239868125,0.099281379218354,0.8811042747636283,3000197
0,100001.0,50,357,-0.3053479098928491,0.0063864418896613,-0.5980501294765646,0.8973688887066659,0.2333821494960418,-0.3619202778248677,-0.2061447904046489,0.1319309846843765,-0.249216003951915,3000198
0,100001.0,50,379,-0.1545733713806046,0.0340507911131526,-0.0421483145653766,0.420337086505247,0.3778249250252384,-0.4108689686804421,-0.024003273196645,0.1292193507837918,0.0088186946534594,3000199
0,100001.0,50,328,-0.0946364717847673,0.0685305477229099,0.3764321392697918,0.455225690877587,0.631362165855985,-0.6018545522395493,0.3140502686488848,0.1227242695639407,0.2023812940686061,3000200
0,100001.0,50,378,0.2427350796098455,0.0016172516933107,0.2855093294592309,0.743399670652468,-0.129261378366373,0.2385061730696244,0.1668119561749479,0.1243675595238095,0.1581288711475399,3000201
0,100001.0,50,301,-0.4656221115543626,0.0922315064657336,0.0902573954207357,0.6430362016752016,1.0469024320651077,-1.156430830656252,1.489471552403474,0.0948375727102435,0.9932068717163488,3000202
0,100001.0,50,333,0.1742239851196059,-0.0145976258161811,0.2230237184609063,0.2214595999537889,-0.2250996780602625,0.2869490437586417,0.1192707896740314,0.1165569064505234,0.2139584860981466,3000203
0,100001.0,50,364,-0.3248670606102852,-0.0443453187293629,-0.7760910754543161,0.816984020523604,-0.1821247297802854,-0.0079191550505089,-0.2226067244983331,0.138185521122029,0.0776158997388739,3000204
0,100001.0,50,331,-0.8407687245051709,-0.0306578291596818,-3.5747902678348407,2.699731197328383,0.2366500555918998,-0.640344979713953,-0.3242585804240785,0.135718761188686,-0.3412584909715002,3000205
0,100001.0,50,466,0.0118913843234501,-0.0293971621800945,-0.0126298404801615,-0.5588985392887651,-0.2554493132748277,0.2301238794712653,-0.0816397105547518,0.1371726772900941,0.0816217565864651,3000206
0,100001.0,50,454,0.1535028833037075,-0.0103310526473238,0.1045496337177093,-1.1066724088133653,-0.17777600742423,0.2352100587715683,0.1078476813381095,0.117394710693266,0.1297657115846366,3000207
0,100001.0,50,428,-0.2103050467426759,0.0299350322783588,-0.0544279933752052,0.4801085375299825,0.3765953477047623,-0.4387797388743081,0.4593126807237944,0.1129765859832305,0.3122085652282658,3000208
0,100001.0,50,470,0.2716775151220148,0.0540475113170529,0.6465381447044051,-0.6137362894422014,0.2965985982386802,-0.1195818374687873,0.4774118909730271,0.1089486870016823,0.4947648311722728,3000209
0,100001.0,50,541,0.113973003995602,0.0069145925637608,0.2726325681402008,0.048155215796404,-0.0087292982181972,0.0666624058415036,0.8001794670565995,0.1040530073415504,0.3989971557724184,3000210
0,100001.0,50,412,-0.4434746965161779,0.0656241251063787,-0.3457521829230085,1.8486117777591655,0.8148166938706133,-0.9432431265412768,-0.0012483890784792,0.1251230755460078,-0.0832165180655846,3000211
0,100001.0,50,459,-0.0225619097051913,-0.0096887165887607,-0.1899241185489967,0.3545553143401879,-0.0685593272986275,0.0484468773613588,0.1761008446834481,0.1247026417929134,0.1043617695444989,3000212
0,100001.0,50,433,-0.0787035776766024,0.0202771064230224,0.1530496976843134,0.2997271934361151,0.2175618620719621,-0.2313902676104394,0.3068944984375805,0.1206905601746871,0.185461265850985,3000213
0,100001.0,50,508,-0.0203547694630009,0.0438129702066489,0.4388521588145349,-0.3475792507466639,0.3827104777394978,-0.3461442161781858,0.5068260045136014,0.1121273394150286,0.3233134200851551,3000214
0,100001.0,50,538,0.6297984796814026,-0.0206524634138982,0.2853265891459409,-0.4569674331382186,-0.546631917346702,0.8054550596837705,0.4324549163357781,0.1065827773417059,0.248771001857813,3000215
0,100001.0,50,388,-0.5067474561412798,-0.0555087263650242,-1.0971780166646483,0.2580202587379453,-0.1694130620727498,-0.1130192228671292,0.3374379336288933,0.1079577664399093,0.4002142036250835,3000216
0,100001.0,50,470,-0.2929681356256327,-0.069199206301456,-0.691111779432753,-0.1722649919577181,-0.4121062618473294,0.2098507743809913,-0.0821017131362964,0.1297021283761029,-0.0530120855880016,3000217
0,100001.0,50,371,-0.2921388016986523,-0.0090310666633096,-0.5380706570943468,0.0215805869889386,0.0958880042912788,-0.2347072917364195,-0.1149886699200049,0.1265239862178637,-0.1656415328923922,3000218
0,100001.0,50,380,0.0919043701219204,0.0403426583025393,0.3488531095900805,0.2158199494206177,0.2857493044472506,-0.2030170040904702,0.4839998495700713,0.1079931972789115,0.3913323544713853,3000219
0,100001.0,50,338,-0.1887531648914797,0.0533080355037582,0.2278759160916847,-0.0491982734838831,0.5590973323902337,-0.5870899379949722,0.263957750199235,0.1146995464852607,0.0549664948697115,3000220
0,100001.0,50,458,-0.5108911035417564,-0.003199767399769,-0.7239273011195376,0.0066084344983487,0.2741907609825456,-0.504502467009062,-0.2283991768808272,0.1347316704459561,-0.023704604781223,3000221
0,100001.0,50,357,0.3415479524424906,-0.0241454810406159,0.3148225431494634,-0.263058289688928,-0.4041171527876501,0.5301921782927045,0.5094371185952098,0.1023903426401235,0.4194523226982825,3000222
0,100001.0,50,409,-0.120313792796612,0.0507313922096523,0.2009734232552721,0.039649266003766,0.4987625125901443,-0.4993141565892462,0.8126650175871579,0.1005685856432125,0.4840550073480518,3000223
0,100001.0,50,461,-0.1139305187736255,0.0531041261708776,0.4081285036979186,0.0172771772708143,0.5158949159066104,-0.5112219546956867,0.3637196860569827,0.1147025883524141,0.2148492806438184,3000224
0,100001.0,50,455,-0.0724721398997168,-0.0074881914386735,-0.4120508652856403,0.4191761672986491,-0.0205335309127029,-0.0194589545103906,-0.2211393735517439,0.1339525553811268,0.20329998144046,3000225
0,100001.0,50,446,0.1332480121291927,0.0501448507402275,0.6699939531612671,0.0953898031878909,0.3449606298249805,-0.2335679207931042,0.2836398952610575,0.115713899196042,0.3490120251122011,3000226
0,100001.0,50,367,-0.457608104355269,-0.0211858888206254,-0.7034433319608431,0.4608864860853231,0.0909287735165513,-0.315672013487318,0.3361355893455758,0.1127619966905681,0.0436525988314545,3000227
0,100001.0,50,448,-0.3607319737554702,-0.0306549428720286,-0.775295193419383,0.940172521693828,-0.0462659308724303,-0.1458756547421573,-0.3570752882969833,0.1388105493453663,0.1932434703127317,3000228
0,100001.0,50,421,0.4105254529434519,0.0419922254037678,0.6959873574587969,-0.6885781226989248,0.1124589939527886,0.1134548478801538,0.7327925609943808,0.1078824553077044,0.5507037183711846,3000229
0,100001.0,50,492,0.1229836575369638,-0.0628558284025854,-0.1158018724200909,-1.065208036558922,-0.6041471769104885,0.5933847609507721,0.1857018339799862,0.1155517762660619,-0.1674480020204858,3000230
0,100001.0,50,454,0.3901271252068247,0.0358053905285937,0.9065005238573988,0.1009611644620286,0.0724739595138349,0.1381157822822963,0.1679734761554154,0.1277349882260596,0.4233878630428306,3000231
0,100001.0,50,440,0.1146764534605022,0.0621495428632548,0.6843887108541843,-0.2287976681109071,0.4571979343626856,-0.3415627772220609,0.1083874553253681,0.1261119832548403,-0.1688881041716461,3000232
0,100001.0,50,494,-0.3353362564056664,-0.0598466274032685,-0.7073796457700585,0.4262209382513302,-0.3083442783781148,0.0969094073623066,-0.2715121206770255,0.1361278602350031,-0.2230865696493267,3000233
0,100001.0,50,373,-0.0573575896806925,-0.0183998012834709,-0.3621850695000553,1.114817077832981,-0.1211927878083294,0.0766239867799288,-0.5390222394722823,0.1470556972789115,-0.305582355903684,3000234
0,100001.0,50,461,0.2241917139328968,0.0231094507681543,0.4730952023492978,-0.0148687082600734,0.0630774037576145,0.0605976997300645,0.4877682068023618,0.1111318122754719,0.1568545938835033,3000235
0,100001.0,50,360,-0.5864950427708439,-0.0757069477510206,-1.7047137658003095,0.7392354460881309,-0.2920779696863185,-0.0464400647124621,-0.1072429916704925,0.1281540985188401,-0.1568420649254283,3000236
0,100001.0,50,509,-0.0448140807573293,-0.0005770984014398,-0.0512351400845986,-0.4990223785857934,0.0215604531903015,-0.0420963403452877,0.2784830873533914,0.1148661299382138,0.1573893569329428,3000237
0,100001.0,50,469,0.3359518096710297,0.062521648174499,1.1632062441452586,0.4980045106930989,0.3303058664191269,-0.1159042969503551,0.4692249684608608,0.1129829290206648,0.27871176116644,3000238
0,100001.0,50,512,0.2203452208561572,0.0286790948489795,0.4450954151479577,0.3244113912133533,0.1126532625570144,0.0152333537592485,0.1874286594626056,0.1189662467857956,0.315646397965872,3000239
0,100001.0,50,448,-0.4466687786910324,-0.0457600585630897,-0.9307297647296926,1.0724660636932797,-0.1231873629708451,-0.1228518911225215,-0.7694306417551707,0.1577697568389057,-0.2738204523301463,3000240
0,100001.0,50,517,-0.3863110715847236,-0.0100766790537024,-0.7093209999303585,-0.2555252054481232,0.14269713973201,-0.3250650754359255,-0.0003410340914428,0.1250604507205726,-0.146182458725103,3000241
0,100001.0,50,436,-0.2705189948270092,-0.0447980385923699,-0.5759818346573711,0.0371722526191373,-0.2187849634508887,0.0520281831428631,-0.2907462161352551,0.1477400776261424,-0.1557545050480085,3000242
0,100001.0,50,556,0.0141714596136696,0.0854890890297081,0.6488912286525542,-0.2021534124803221,0.7157665724038365,-0.6204397653156646,0.7438215063739698,0.103073632886631,0.6992654840052551,3000243
0,100001.0,50,547,0.3038732789557104,-0.0269720508897996,0.0539697928010907,-0.5579552258181318,-0.407815248894175,0.515010091278389,0.3396806741437067,0.1097257084652042,0.0102789523330968,3000244
0,100001.0,50,462,-0.2824550183776257,-0.0491446145108356,-0.8303141759331619,-0.0540428041379457,-0.2487241292277615,0.0720492144348169,-0.0081243601990637,0.1303455302825976,0.0324346226991229,3000245
0,100001.0,50,352,0.2383724616309123,0.0686687915391338,0.6911649726806125,0.0741362712568159,0.437460835739592,-0.2604543398991981,0.5990189930024676,0.1126806972789115,0.478344216860642,3000246
0,100001.0,50,510,0.4133831295998477,-0.0245745394139379,0.5076371376930909,-0.6208017783939946,-0.451862691116231,0.6101665563397789,0.1912068882356007,0.1212479837295743,0.3843001307204545,3000247
0,100001.0,50,562,-0.184095199254386,-0.0705187237677456,-0.5982768429928113,-0.0768344859578951,-0.4887025121489667,0.3332943883449617,-0.1160907275471242,0.1324127477077787,0.0924943357165843,3000248
0,100001.0,50,444,-0.0196135668248859,0.0232651076422078,0.2310079979204319,0.0772809554925012,0.2080384929580695,-0.1925245481982636,0.6708477201120161,0.1072058453010834,0.5580338009439897,3000249
0,100001.0,50,432,-0.446617725156704,-0.033159545149002,-0.8661958797153351,0.5137851348559507,-0.0167152677242842,-0.2160877204443592,-0.2942904321043867,0.1349130561315435,-0.263236187796421,3000250
0,100001.0,50,542,0.1206378687210147,-0.0728927262621814,-0.3515365802243658,-0.3684814346297975,-0.6884616974975721,0.6662621393117716,0.118518202787926,0.1183758891684527,0.222258570689484,3000251
0,100001.0,50,497,0.0192285999726269,0.009028735156871,0.046447596502579,0.4037716275874389,0.0650255375153347,-0.0470730318328396,-0.3850605077981094,0.1462708869955749,-0.0805510963660015,3000252
0,100001.0,50,483,-0.0751716792844955,0.0444121956156297,0.3195808433261823,-0.1335692457967857,0.419856840874211,-0.4070315225660177,0.0631122327308783,0.1259615995931082,-0.0233472557974052,3000253
0,100001.0,50,411,-0.0557426243475077,-0.0394079410559602,-0.7192136423524123,0.563925623217836,-0.2995724609459759,0.2338098432655097,0.2301381506594736,0.1069512970023174,0.1280002701193317,3000254
0,100001.0,50,493,-0.2660472237214099,-0.0401819403799576,-0.8202086226215515,0.2232735436772337,-0.1828930558718108,0.0227487734422568,-0.7710888071682217,0.1548388199500905,-0.4630746151397229,3000255
0,100001.0,50,325,-0.1960395845003821,-0.058811292494446,-0.4801092150281429,0.4442361358510464,-0.3787688257957893,0.2308809495514163,-0.2954321854254572,0.1423479571469306,-0.2319497273475726,3000256
0,100001.0,50,517,0.3208129400618221,-0.0531719512995759,0.103534857063381,-0.2842063164429917,-0.6393101124524507,0.7266786862988823,-0.0297386685719872,0.1348652487815049,0.1420664165930873,3000257
0,100001.0,50,391,0.189326884872237,0.0209808554036451,0.4047295737145006,-1.132277546882948,0.0653503779478515,0.0404312322036266,1.062690085317,0.0942647499251272,0.8573021966120666,3000258
0,100001.0,50,437,0.4568443187889923,0.0588829610048329,0.815753731367493,0.1990580111068324,0.2278980111220606,0.0362597680516686,0.0682394006967598,0.1271099348830441,0.2492683355549771,3000259
0,100001.0,50,456,-0.1407361228950785,0.066275704615592,0.4216184792910056,0.2810537908497418,0.6429023558631215,-0.6364164497011418,0.5025995313898696,0.1071040288261423,0.48431464830472,3000260
0,100001.0,50,498,0.096925233781921,0.032896441839129,0.393702916757397,-0.3478958195907263,0.2210792249017946,-0.1437203264143685,0.3872502272971964,0.1128923650678545,0.1320299175618359,3000261
0,100001.0,50,443,-0.0979786562541388,0.0474586098798109,0.1458158376784045,0.6534448049159725,0.4585348144189337,-0.452631062698967,0.4898686229344536,0.1007090666954612,0.2677041238578857,3000262
0,100001.0,50,484,0.0924583749062544,0.0186685407539449,0.2945507228485704,-0.2626071369340621,0.1033150156601096,-0.0427712437993234,0.1129388129316542,0.1216074971655328,0.1758242044156027,3000263
0,100001.0,50,413,-0.3364486150227138,-0.0347358862205333,-0.6706755877356289,0.1149641938588251,-0.0948180231000438,-0.0906260390134509,0.0089594112041817,0.1294134910601408,-0.084149051440473,3000264
0,100001.0,50,392,-0.9128620120400384,-0.0919886496693616,-2.808371848795622,1.3170845764042776,-0.2378032707197738,-0.2626993347087046,-0.4394526783616076,0.1426276031885146,-0.4201440019518361,3000265
0,100001.0,50,443,-0.3723602928765864,0.017730280530106,-0.6195533348182737,0.9544455555391052,0.3692184535251651,-0.5161206290852313,0.0875378524688912,0.1266745733381071,0.0301238305709825,3000266
0,100001.0,50,475,0.2210127226415532,0.0404479457242571,0.5652408032135449,1.043002384840809,0.2115724488933372,-0.0712202281544205,-0.5410876996287599,0.141754710733851,0.0769373501887346,3000267
0,100001.0,50,433,-0.4511017992276721,-0.0145605221891472,-1.228708025246723,2.010345992746376,0.1429346557409439,-0.358368560823365,-0.2539293271353964,0.1373746867167919,-0.248170194154733,3000268
0,100001.0,50,463,0.3042399241442074,0.0785095103732295,0.9384682436253448,-0.1890719850220537,0.4840302014213297,-0.2670959091730179,0.8221297035327008,0.104609738632295,0.7958137141736542,3000269
0,100001.0,50,506,-0.07924010265522,-0.0516932546024795,-0.3018720733794655,0.1622040105215243,-0.3905970823597238,0.3015244551641007,0.2216799120079568,0.1156052333213987,0.3833653918887436,3000270
0,100001.0,50,441,-0.3304464828841413,-0.0104444973819735,-0.5136964213811432,0.5369437405201724,0.1065792137860896,-0.2641957128810079,0.092090445423208,0.1141350561963916,0.1776160063482841,3000271
0,100001.0,50,455,-0.0419518210404874,0.0275704967241549,0.250219679655738,-0.6881158888746032,0.257654034280688,-0.247583400102365,0.5473394156654511,0.1113353301519612,0.131718443626717,3000272
0,100001.0,50,513,0.3189388429223548,0.005074370928956,0.410944461978645,-1.1278236695706598,-0.1452666306159665,0.2924387179631303,0.5541747257596669,0.1140224934194783,0.474522750574976,3000273
0,100001.0,50,492,0.2148030541887935,0.0318774236193918,0.4509790245532929,-1.2761245450747107,0.1428818577954628,-0.0141739697500912,0.8526104182874621,0.0944689433562369,0.7215357295105358,3000274
0,100001.0,50,366,-0.1138338404642172,0.0332315828722813,0.2033901959957519,1.401054643426333,0.346748436158917,-0.3625660551510188,-0.2010248766820653,0.1319905869324474,-0.3754629524355254,3000275
0,100001.0,50,414,0.3744642508647766,-0.0370419519676663,0.3114507738959748,-1.467268346805445,-0.5330934948169455,0.6606734739039634,-0.0475356500061257,0.1250195480491047,-0.2874860203144176,3000276
0,100001.0,50,448,0.0430873135273445,0.0454057968677404,0.3874976938466281,-0.1512491998016454,0.3581087484829241,-0.2916928243331821,0.0982584035439725,0.1256256388565789,-0.0173732406322243,3000277
0,100001.0,50,430,0.1172629584658901,0.057902815024595,0.6461715058553712,-0.3297669943583156,0.4196568987543086,-0.307310973761206,0.6022276478108525,0.1042626728110599,0.4614551191609354,3000278
0,100001.0,50,535,0.1315748160196284,-0.0452663506398059,-0.0485294057915996,-0.8845657575880621,-0.4609133410721245,0.4723405602895016,0.1967890538783981,0.1208191609977324,-0.1033196990783671,3000279
0,100001.0,50,392,-0.1454883363860264,0.012001516248892,-0.1522888456241921,0.1462924778522044,0.1868246375487195,-0.238831922661245,0.835292339646586,0.1013867085295656,0.5468345545061135,3000280
0,100001.0,50,405,-0.4510649055006446,0.041410037735736,-0.4018372518735427,1.3522428716154609,0.6148962363209913,-0.7718550315109982,0.1661030716035848,0.1205667162698412,0.050611066971582,3000281
0,100001.0,50,397,-0.3432745068507012,-0.1330656990891105,-1.0573010230387432,-0.1953432486220271,-0.9196323841224636,0.6288627062551054,-0.3118391294510134,0.1337565258661604,-0.1197149324160806,3000282
0,100001.0,50,516,-0.109584900094049,-0.0059870683984943,-0.1284707438780072,0.3250974323581702,0.0140021992743864,-0.0689911859538351,0.3480304530764045,0.1145197395197395,0.2788445298395148,3000283
0,100001.0,50,506,0.2485536487787119,0.0117105539986254,0.5038256123282456,0.5138216510701813,-0.0475801462841301,0.1703324460689102,-0.0329485326577739,0.1263268592461139,0.0110090617175849,3000284
0,100001.0,50,524,0.3493784377689233,0.0543424168438004,0.5950853132993869,-0.0980592345085162,0.2537731670791325,-0.0417219032717095,0.6363217255952578,0.0996380203457529,0.5106145651365231,3000285
0,100001.0,50,435,0.0834140736050999,-0.0012110265066045,0.0356980191138566,0.9643385036998008,-0.0593855467008098,0.0951596786015299,-0.4238539232796101,0.1358101751338833,-0.3256003354528878,3000286
0,100001.0,50,451,0.1018116219122127,-0.0561921179422054,-0.1146860703081205,-0.1721557447524515,-0.5346811352982533,0.521396022978748,-0.3853200153801239,0.1465929068256516,-0.1824202206418735,3000287
0,100001.0,50,356,-0.4092576813670017,-0.0370506725061024,-0.4790068193284725,-0.0467578269263001,-0.0709888067028927,-0.1487705679386509,0.276220549848268,0.1134898710865561,0.0677099516530033,3000288
0,100001.0,50,412,-0.0700529552998883,-0.0018934765050678,-0.3421874724802725,0.5905214780068152,0.0252957298152761,-0.0583474956315433,0.2726394969541499,0.1132459802102659,0.198429981563001,3000289
0,100001.0,50,451,0.125681514847264,0.0236972755878854,0.2223982986100545,1.0763201160640044,0.1260789462029639,-0.0455770549436618,-0.1135249708847264,0.1290694849368318,0.026141357223274,3000290
0,100001.0,50,405,0.0644856793271632,-0.0157184698211563,0.0800088372599409,0.3284841117246587,-0.1705380018682917,0.1827751551782531,0.5640343883183478,0.1149116451314253,0.687323445733675,3000291
0,100001.0,50,367,0.1553909193608702,0.026661824462794,0.1972902889419387,0.6221760321417628,0.1330207544275177,-0.0364349577012829,0.4825550798474775,0.11650678235366,0.1441053365424283,3000292
0,100001.0,50,439,-0.215892026516426,0.0018845839570213,-0.056700205325869,-0.22181505600232,0.1431617329488928,-0.2370649471316072,0.1199617796605917,0.1291923746242683,-0.0679895869282436,3000293
0,100001.0,50,457,-0.1346665906060812,0.025824156041131,-0.020711105406743,0.5650663729686763,0.297579779353649,-0.3305189354855339,-0.1130774994320334,0.1317721960579103,-0.1348618948341058,3000294
0,100001.0,50,395,0.0934225997423332,0.0662630803255356,0.6761240032030232,-0.7044190257154826,0.5035586939187373,-0.3931411632494172,0.4777299959683194,0.11425131850493,0.3232421416881795,3000295
0,100001.0,50,423,0.2093164141119957,-0.0095083102765094,0.1221283695455225,-0.9460217596223004,-0.2035752293672068,0.2865751288972222,0.580174518096485,0.0997943953700883,0.4134555260422272,3000296
0,100001.0,50,457,0.4835918860428918,-0.002135388010268,0.440137166251545,-0.342852698361537,-0.303166064995943,0.5157881683938987,0.1161670526857825,0.125525747933582,0.1636161174991001,3000297
0,100001.0,50,556,0.3332468347318679,0.0251506361787805,0.6438962982097107,-0.548974472391407,0.0162824431272908,0.1582877705635687,1.0894494191191335,0.0940880757589379,0.8425977854313196,3000298
0,100001.0,50,390,-0.2186929877372001,-0.0193633723888386,-0.2526164433212454,-0.0638475693212949,-0.0344223780900477,-0.0826906871483727,0.7443309615876673,0.1025410164065626,0.5238885065228809,3000299
0,100001.0,50,451,0.1157848963157653,0.0313942105971575,0.4652592996480237,-0.7635390472444562,0.1969300092612781,-0.112809803792652,0.5315239057895504,0.1051734165168658,0.1846988712715906,3000300
0,100001.0,50,428,0.1618690395045615,-0.0030140174829554,0.1124954659944902,-0.4197430260450952,-0.1208270040127939,0.1895417686356862,0.3370160596183519,0.1172466422466422,-0.0389714511565498,3000301
0,100001.0,50,389,-0.448702605704191,0.0061643023522171,-0.5979537186920447,0.3630732790256187,0.3161445105579966,-0.5086396181811625,0.2052213282816177,0.1209515252641937,0.0143150136715396,3000302
0,100001.0,50,462,0.1660687484126396,-0.0498608804570078,0.0755637472302726,-0.6634999044966018,-0.5192476242566809,0.5411196053000316,0.0473264778258714,0.1267048898767427,0.0830994693181375,3000303
0,100001.0,50,430,-0.0487984325398304,-0.0562850230952492,-0.2044322140398544,-0.6742635294675572,-0.446347835163965,0.3660794185021281,0.2001736190617692,0.1147531638353665,-0.0090003410733,3000304
0,100001.0,50,402,-0.2622174329101107,-0.0473313159500051,-0.6119187530551279,0.1713105561268267,-0.2446626007735721,0.0790830551853603,0.0019324192256298,0.1275308940144104,0.0275034263690878,3000305
0,100001.0,50,517,0.3936278422610393,0.0301255479421448,0.9292482370908892,-0.9725529803198364,0.0226561664294444,0.1838431963712396,0.3607855379279812,0.1222947318462268,0.3717062074400681,3000306
0,100001.0,50,489,-0.3171097785457749,-0.0554945476144511,-1.3157680692164613,1.161486197575616,-0.2822373195923792,0.0834558673220435,-0.0759367298103296,0.1254572940287226,0.2007738188836035,3000307
0,100001.0,50,365,1.288081913997849,0.0308797588952977,1.8962604922898207,-1.099713857907079,-0.4980167339386178,1.1006406592157,0.6622209406130601,0.108357628765792,0.7130342453000694,3000308
0,100001.0,50,466,-0.2466593683943725,0.0152239185951142,-0.2188781728396726,0.4587929464566557,0.2741099943902804,-0.3678679738845746,0.2937335953077805,0.1158724127949051,0.3034296610225286,3000309
0,100001.0,50,440,-0.0354285543741219,0.0669999393919752,0.5408828141076716,1.3200793125668209,0.5866296472373065,-0.5325992400211551,0.960635967094607,0.1062581101804883,0.5474062042989735,3000310
0,100001.0,50,438,-0.2248513333780277,-0.0278091071475145,-0.3810656060108651,-0.6206898808361017,-0.1022768822065534,-0.0265197941844266,0.080121171754187,0.1154002481495743,-0.0778535570082551,3000311
0,100001.0,50,404,-0.5270575654848896,-0.0241084397149177,-0.5054270786835088,-0.1390471200385006,0.1071346409934553,-0.3660115052680583,0.2217489657980714,0.1225065547052154,0.0554603126446104,3000312
0,100001.0,50,441,-0.454351536296962,-0.0666028139504444,-1.0519708081508483,0.3353717744767386,-0.2946040512159285,0.0234910081345239,-0.3111180890244436,0.1428571428571428,-0.2772844869317353,3000313
0,100001.0,50,361,-0.6918942582064002,-0.09386360577944,-1.8252313809508856,0.1542622219369031,-0.3829003771534253,-0.0212049298292216,0.0176207927975184,0.1158056972789115,0.2762712461828064,3000314
0,100001.0,50,451,0.1391988474756528,-0.0036163614878194,-0.0128516135590155,-0.1721557447524511,-0.1126105534462913,0.1706767351685529,0.1469179136281192,0.116797760770975,0.290825708376976,3000315
0,100001.0,50,397,-0.0469553184704412,0.0200934139655081,0.0442996753449941,0.5878490991722995,0.1970465039159891,-0.1969468691968219,0.1714282320232246,0.118360425565575,0.2081477580255207,3000316
0,100001.0,50,448,0.4160741059196753,-0.0011758473292442,0.4336451071154736,-0.8457902952987649,-0.2552095602098999,0.4387884032352541,0.6874684517069795,0.1133846208640524,0.5591643219916385,3000317
0,100001.0,50,500,-0.1935963585696339,-0.0566832518674136,-0.6442748933188986,0.0257748068077408,-0.3652744004990111,0.2201510953325687,-0.0616075783698823,0.1216177482228846,-0.2149332613240188,3000318
0,100001.0,50,446,0.0556603790482018,0.0248339287978176,0.14931551134269,0.7598067939199002,0.1769289349780538,-0.126350231866291,0.1398167505520526,0.1194480219272175,0.2361266427717478,3000319
0,100001.0,50,437,-0.3478142622272686,-0.0233213617208117,-0.752174924717748,1.114386205050732,0.008092206173896,-0.1868108008449397,-0.4506901614692589,0.1389243197278911,-0.6315448634715587,3000320
0,100001.0,50,499,0.1738512353525193,0.0050950806829875,0.1964067165001244,0.4483754396698163,-0.0594705539233247,0.1420939663599799,-0.0052271359585979,0.1224747474747474,-0.2416052234225299,3000321
0,100001.0,50,547,-0.0087622880515001,-0.0457167004441065,-0.07355914127124,-0.5308397790903049,-0.3819936901738794,0.330489680037044,0.2955510614904402,0.1190619104784771,0.0535845350899863,3000322
0,100001.0,50,477,-0.0806369266145673,-0.0472720027381198,-0.3865485142585104,0.4344455500840889,-0.3520699635659278,0.2670046406474426,0.3559309975156172,0.1159416398138202,0.4130599416387462,3000323
0,100001.0,50,328,-0.5915805652523376,-0.1310360923773043,-2.664745805840669,1.401899772960913,-0.7531169252934458,0.3551450361787805,-1.137453523734727,0.166644722405091,-0.5183991823686285,3000324
0,100001.0,50,411,0.6944068662139844,0.0102135260076227,1.025005087034763,-0.8773685397242929,-0.3229125216638845,0.6416227145869697,0.5537593786436491,0.1036120970127181,0.4114619369646333,3000325
0,100001.0,50,469,-0.0673226053366128,0.0272146280630592,0.229836001920229,0.3400018373788397,0.2697144198709547,-0.2712962311810789,-0.0483226001879999,0.1238459669582118,-0.1324850185529946,3000326
0,100001.0,50,402,-0.0152646395989461,-0.0740549432196122,-0.3958216158570562,-0.0496931003734847,-0.6154462020439033,0.5315693024700945,-0.123042260062252,0.1267989607903463,-0.4498246835731465,3000327
0,100001.0,50,456,-0.1074173724759907,-0.0832852346158171,-1.0106240040276315,0.8334924671853323,-0.6402979773715592,0.505856780883922,-0.1698126842427407,0.1343813200956058,-0.1190468002531706,3000328
0,100001.0,50,416,-0.0049536364223856,-0.0741007450426268,-0.1496608840173409,-0.265617835418357,-0.6222483685319203,0.5428950595227618,0.1829935614247904,0.1301020408163265,0.0087403143999107,3000329
0,100001.0,50,433,-0.0392685777643399,0.0255881485284372,-0.2323317570309113,0.4707890733671421,0.2391566778430905,-0.2299473324602925,0.0719734476790178,0.1235013342353516,0.1373371854845897,3000330
0,100001.0,50,418,0.1565113136642888,-0.0178951488934728,-0.0361499572004944,0.4285470290719921,-0.2431994466881132,0.2940193666874696,-0.193318945525547,0.1296068427370948,-0.2126104454830594,3000331
0,100001.0,50,410,0.5682195451974008,-0.0119352676548601,0.3044867554849312,-0.6908687027274293,-0.4353936153247991,0.6750502499166989,0.3044591759532094,0.119576820089738,0.3357365949412375,3000332
0,100001.0,50,339,0.140833276920612,0.0453583340859264,0.636049314507733,-0.3641463728990513,0.2984963115721313,-0.188972770765628,0.4359985470201343,0.1184665532879818,0.4082911018830358,3000333
0,100001.0,50,487,0.3073525314050764,0.0367116552165451,0.6738601393800413,-0.6161192169097701,0.1291402516563606,0.0457384727858169,0.6616676232159509,0.111473455361526,0.4710018226736537,3000334
0,100001.0,50,447,0.1137867167243804,-0.0494433086358717,-0.1312802003401086,-0.8734513230328497,-0.4846738049467139,0.4837295118794054,0.2763257129140684,0.1181058872146989,0.2483058477083843,3000335
0,100001.0,50,424,-0.153642371060848,-0.0520487758854566,-0.3338933901034954,0.0964581361162567,-0.3487193047760814,0.2263320257535687,0.0333051227538157,0.1337416609155739,0.1416126149396619,3000336
0,100001.0,50,393,-0.0703998816236228,-0.0191724109678697,-0.5114067584308204,0.4012536651023144,-0.1201475496382365,0.0689717498701365,0.1760966851270841,0.112490661004286,0.1367273674988175,3000337
0,100001.0,50,479,-0.1642569088557583,-0.0305229509332755,-0.4526358585507608,0.109442504231586,-0.1611701092886611,0.0563717704140754,0.220322929972606,0.1203981592637054,-0.032259444312003,3000338
0,100001.0,50,433,0.102077409881525,-0.0235994323215638,-0.2364543123758039,-0.3503079503017831,-0.2593840042390036,0.2801302431166299,0.4233672749815437,0.1086378737541528,0.5406813042104044,3000339
0,100001.0,50,486,-0.1053308415030846,0.0200367294094976,0.020469467375237,-0.3360924273454199,0.2315620538832702,-0.2575289627816254,0.3047032836598158,0.1145419706344076,0.3060954411016691,3000340
0,100001.0,50,445,0.0630490568289049,0.0185155797917572,0.1872455437161801,-0.0634722311635538,0.1192060271456251,-0.071925478413807,0.6012303429850926,0.1068177270908363,0.5880666261991203,3000341
0,100001.0,50,399,-0.4461531762873691,-0.0721239282858351,-0.928082903921242,0.2715524260264463,-0.3453255647081628,0.0723743210246178,-0.054198972019406,0.130510396248895,-0.1442347531053971,3000342
0,100001.0,50,386,-0.3963843795613449,-0.0126432844285718,-0.7081888453831399,0.77495492555775,0.1268367619211744,-0.315701370144637,-0.060424620299332,0.1342254779006574,-0.1794926367529981,3000343
0,100001.0,50,605,0.1917398239416301,0.0131128080047674,0.448313582747697,-0.9680333527319192,-0.0020871714920102,0.1011868161702359,0.5430700028911006,0.1048532253368273,0.2989836084977808,3000344
0,100001.0,50,343,0.3182746069109624,0.0314154946519495,0.6951917099741578,0.6798028416435936,0.0769843105560624,0.0965437160620644,0.184587795788464,0.1255908207438819,0.238887359099286,3000345
0,100001.0,50,378,0.4407569873867112,0.0005897160870635,0.4802245413458464,-1.0186596782094728,-0.2544806389787658,0.4504031769795232,0.5733288324905569,0.1085669207442012,0.4049896272769555,3000346
0,100001.0,50,381,-0.0516629189359638,-0.0824146342440239,-0.5763222911046814,-0.3372862604462,-0.6638876676801664,0.5551826844780892,-0.6112045230724056,0.1468936972379313,-0.1358472937561552,3000347
0,100001.0,50,402,-0.6768323199145728,-0.036678829506163,-1.008921341364966,0.0976426706267224,0.0893560983504528,-0.427732587142138,-0.1928411612517828,0.1392114856992521,-0.1693545356136629,3000348
0,100001.0,50,434,-0.0520038283088679,0.0059290437843886,-0.1484658172331106,0.0866499061293285,0.0807031735002793,-0.097618196574736,0.4312103363758653,0.1074220092077234,0.217457195148394,3000349
0,100001.0,50,438,0.5914000017193201,0.0749697138626091,1.3872639740646748,-0.4853935023103928,0.2844303752331475,0.0562303800166334,0.9662137334572038,0.102579365079365,0.7277418028085898,3000350
0,100001.0,50,409,-0.5325763101927099,0.0073900709680401,-0.6480022333453647,0.0396492660037664,0.3760504333015207,-0.6046189319912513,-0.0331485014488864,0.1275766330628636,-0.3812116439402999,3000351
0,100001.0,50,435,-0.2624558678474886,-0.0197102326940325,-0.8915192783475309,1.168674495153584,-0.0117220203879318,-0.1253289417329864,-0.4029290687955444,0.149477648202138,-0.2561069097285118,3000352
0,100001.0,50,400,0.3032330774937574,0.0456685667812487,0.4168127716934074,-0.0705020470714266,0.2064615586028695,-0.0244317196957854,0.381051109629223,0.123401546410914,0.6105561292843066,3000353
0,100001.0,50,491,0.1677757422323837,0.033324633493396,0.2044898703134901,-0.8191199020395508,0.1828578404751145,-0.0735562036751957,0.1636563969434528,0.1149473488025347,0.1751186775182372,3000354
0,100001.0,50,381,0.0339669969065455,0.0226314468349997,0.249658486546944,0.4785765488310398,0.1706624193706122,-0.1320455104997568,0.0699382936228444,0.1242724867724867,0.0184178845392453,3000355
0,100001.0,50,470,0.3238560760550205,0.01490024438011,0.6140371832441535,-0.4245343048059939,-0.065048095170959,0.2244922237965368,0.0518444734640943,0.1268075801749271,-0.030833406045988,3000356
0,100001.0,50,510,0.0016884903725399,0.0405625546845899,0.4433688273518009,0.280455149297078,0.3422194570852706,-0.2992322192573703,0.2366319117783856,0.119290573372206,-0.0420805580146628,3000357
0,100001.0,50,415,0.1101444686313596,-0.0299136144420486,0.2440133033502141,-0.3296964353027916,-0.3172528275552562,0.3349785831886389,0.1076254795219142,0.1210659551176792,0.3611855599729176,3000358
0,100001.0,50,475,0.0081156170741105,-0.0473717241311861,-0.0779956677675859,-0.7668013182660125,-0.4052349556435669,0.3595163924241378,0.2343415154158048,0.1240071704357418,0.3293954096138874,3000359
0,100001.0,50,440,-0.3209056851872344,-0.1157955424451456,-1.2669784750422484,0.3099421512552592,-0.7886288806228867,0.5255581189775446,-0.2228117856789531,0.1316751700680272,-0.0671834559017198,3000360
0,100001.0,50,431,0.3280038857587508,0.058426469443615,0.9709243163315114,-0.7834581143462285,0.2998992185963334,-0.0934506952811121,0.7441836703640838,0.1041574238391008,0.6097427898541943,3000361
0,100001.0,50,525,-0.1498987007725134,0.0146819076396104,-0.1304779072291108,0.0370795458672256,0.2127449288556143,-0.2641606175533803,0.2273116229217863,0.1160615408954279,0.2721054331087537,3000362
0,100001.0,50,475,-0.0744144884581358,-0.0242332244242517,-0.1214240253834842,-0.3611556606731042,-0.1609637198851261,0.1026551049231627,0.013824844522945,0.1281510267658465,-0.061711697408532,3000363
0,100001.0,50,358,-0.1537018987382563,-0.0285784070162406,-0.5674402386040709,0.0177876678747378,-0.150064247600325,0.0522576302290788,-0.4653408186430595,0.1386105340339729,-0.5621692867012479,3000364
0,100001.0,50,461,-0.1699299634453926,0.0346678385057604,-0.0467471273754611,0.917361972135674,0.3931320885910411,-0.4325373996382879,0.4324161166244634,0.1159841168610301,0.1356561208205692,3000365
0,100001.0,50,442,-0.3513821207603944,-0.0807844417181542,-1.0465863010247856,0.8634833669621864,-0.4750704216281566,0.2349119814347501,-0.2899704688158359,0.1391610621521335,-0.5756712973996917,3000366
0,100001.0,50,496,0.2849093448921603,-0.0291081892681476,0.1925879817480517,-0.3061157947827373,-0.4142909741804746,0.5106829411540297,0.2253835718813239,0.1197605304748161,0.3392446066884368,3000367
0,100001.0,50,473,0.2878996696387184,0.0171828272620532,0.6044198853886594,-0.912770822228168,-0.0245463732817545,0.1703972219297206,-0.1002828350674901,0.1341595013639973,0.2186427842263362,3000368
0,100001.0,50,379,0.01337584905652,-0.0387204102032578,-0.2983405452033587,-0.4388564386998606,-0.3340436639929973,0.2996557470343449,0.3530142073964898,0.1144472177360152,0.3253949955230065,3000369
0,100001.0,50,406,-0.0356319917893543,0.0239978561483847,0.1245297578118678,-0.9205194221204612,0.2233722842547287,-0.2141909464922942,0.6937916224568795,0.1038855432883536,0.4176500206518872,3000370
0,100001.0,50,418,0.1281362964590833,0.0301511041401538,0.3710937673099187,-0.0320769760176071,0.1789014175248152,-0.090646235019936,0.3613194205018516,0.1147323872077566,-0.1350029590111627,3000371
0,100001.0,50,457,0.115103798812924,-0.0296442100248977,0.0422579745059738,0.1759581995414417,-0.3183200985829187,0.3385904805161518,0.0165649467111898,0.1278672272929272,-0.0911785090046049,3000372
0,100001.0,50,437,-0.5059730113849222,0.0037632548568705,-0.7228842421202913,0.6736726301888537,0.3299879883534763,-0.5507304148461372,-0.2112245390748743,0.1362292139077853,-0.2893908355759605,3000373
0,100001.0,50,478,0.1831614194120848,0.0588285127387876,0.6459358893236922,-1.18580389681957,0.3893112818078866,-0.2466382690446898,1.005296907471455,0.1009690858591957,0.7404034285680497,3000374
0,100001.0,50,471,0.1734847292386397,-0.0171411604980503,0.2212320248553498,-0.210362222755017,-0.2471926793421859,0.3064471639021018,0.2723483703870917,0.1193477390956382,0.4606079570778766,3000375
0,100001.0,50,455,0.1535324163914916,0.0104196439840413,0.2933153143914394,0.1260694465469062,-0.0024924058542402,0.0815479536282245,0.2716960354133975,0.1204561311704168,0.1161431749510172,3000376
0,100001.0,50,521,0.3032577806439665,-0.0271204366041416,0.3172618752933573,-0.6488828776527339,-0.4085114408907719,0.5152073169605762,0.0967280371393831,0.1309688126458312,-0.0125967934082211,3000377
0,100001.0,50,436,0.1165290234605183,0.0584217851144962,0.7516997335130907,-0.1666978157779758,0.4245661730571619,-0.3119960945537871,0.3615209841839098,0.1154977864161537,0.2907164303090248,3000378
0,100001.0,50,501,0.0530628958324592,-0.0476673374393471,-0.0205257125846548,0.0191463691602053,-0.4345455387920101,0.4085117221283325,-0.3931979646197585,0.1465848501562787,-0.1584593647843489,3000379
0,100001.0,50,454,0.0484993772413066,-0.0351211163431698,-0.0755671595970844,-0.1275100521035864,-0.3252932655696928,0.3102687547810055,-0.0113038445153051,0.1213564539739946,0.0803134277641876,3000380
0,100001.0,50,384,-0.005217385836886,0.0005980808234021,0.0750937063530249,0.2178638917517191,0.0081108216287076,-0.0098005741607159,-0.1445244217850124,0.1409220739577882,-0.0085737841385009,3000381
0,100001.0,50,461,0.3617236209266792,-0.0332321959223822,0.1449727078112813,-0.8506617320631574,-0.4940900589101862,0.6202076818193228,0.0373787495537386,0.1234021080959856,0.1793280572429064,3000382
0,100001.0,50,448,-0.3497435101649036,0.0069646341809084,-0.439438767419077,-0.0520290433020573,0.2650008697790699,-0.4130908506912603,-0.1657483525015965,0.1245684841100619,0.093354538809952,3000383
0,100001.0,50,433,-0.4936368593313378,0.0131333258524499,-0.6259000663416845,0.8471252092153997,0.4017926341194012,-0.6072748742237021,-0.2994249631508173,0.1442184855162722,-0.1414939098231797,3000384
0,100001.0,50,430,-0.0630001264361705,0.0127067346683568,0.1787197920588715,-0.1919683803146188,0.1443848935800187,-0.1591215023246146,-0.3825713137949562,0.1495879446305885,-0.0844823322873066,3000385
0,100001.0,50,510,0.1905786519918482,-0.034961784117728,0.0014912164048427,-0.4754377577986602,-0.4082815111927159,0.4566556219040682,0.4347903496870351,0.108171768707483,0.3310952885935142,3000386
0,100001.0,50,527,-0.2508310116734207,-0.0181241104519282,-0.7869299109327548,1.0655928145166718,-0.0053763279769282,-0.1251174781098228,0.1106304910604237,0.1219485581843356,0.2576630098767724,3000387
0,100001.0,50,414,0.1692594724695736,0.012505023643786,0.3498317143769788,-0.465628401031224,0.0057788241379489,0.0823416255788418,0.2412155852149873,0.1155784122159502,0.4314046692486077,3000388
0,100001.0,50,411,0.0829745852940247,0.0701471210998192,0.8078379472123026,-0.0846567501061223,0.5428183273701661,-0.4329679984854063,0.5887200644936094,0.1062640367151645,0.2886443672196131,3000389
0,100001.0,50,395,0.6621467528539121,0.0237777582432664,1.300325818319936,0.0452308237079683,-0.1894866314154343,0.5078437527521007,0.6053868407748688,0.0980333158904587,0.3804007088398927,3000390
0,100001.0,50,459,0.3924541589958079,0.0069446837204177,0.3346671060178448,-0.7754258849711302,-0.1727207865749856,0.3543171272606309,0.572396344870783,0.1116060180686031,0.693031590304212,3000391
0,100001.0,50,543,0.4782385823504384,0.0398423869767272,0.7507707799849831,-0.2099914086327713,0.0550700381666311,0.1993046868935909,0.361797776683458,0.1173969587835134,0.6437389717080434,3000392
0,100001.0,50,350,-0.7320454762772247,0.0500784363984793,-1.350404193568013,1.7417462568917244,0.8518338879341475,-1.1236929496874308,-0.1260694874788112,0.1321678671468587,-0.1513143750771692,3000393
0,100001.0,50,456,0.3956533145841841,0.0011848170657536,0.4687341771315077,-1.116291096352046,-0.2232625611879316,0.4002684990651349,0.4367934650801525,0.1128183831672203,0.4885137907180504,3000394
0,100001.0,50,385,-0.1430033377996964,0.084294305660283,0.5379538436399981,-0.3295389863073898,0.7944552731944762,-0.770073384055572,0.3714603706842898,0.1193635924315081,0.2293232633030671,3000395
0,100001.0,50,492,0.1853608313674058,0.0390078096561083,0.3834249011121927,-0.070887353555917,0.2205550008287156,-0.0975144867362831,0.70115369871337,0.1081321951857666,0.6002797411538284,3000396
0,100001.0,50,403,-0.16712666944478,-0.0960448238970432,-0.9536837257562004,0.4934096553844577,-0.71145482023401,0.5373258873562127,0.2108129825061572,0.1182167523497948,0.0812145279347717,3000397
0,100001.0,50,442,-0.0030776297197903,-0.0122009413111303,-0.0274293301494972,-0.3097081683796231,-0.1012176137919757,0.0871468288883559,0.6028996699999052,0.102779397473275,0.4224761752324624,3000398
0,100001.0,50,458,0.0334699171802654,-0.0402109018394938,-0.2431903875302158,0.3301612003326408,-0.3594748050541537,0.3324755626222772,0.4282195817515177,0.1126423395445134,0.2864006641233759,3000399
0,100001.0,50,402,0.1823457046894957,0.0360907584879698,0.5747651154529775,-0.1970288713736923,0.1969235432621399,-0.0784721904386552,0.6413060423374817,0.1009339489985938,0.4876529249471795,3000400
0,100001.0,50,501,-0.0126684923977427,0.0188971036589748,0.1655103732307161,0.4334401244516284,0.1673330857344958,-0.1532907547349369,0.5771614549774818,0.1135841836734694,0.5697240146330955,3000401
0,100001.0,50,463,0.0508688657127861,0.0381352744766945,0.6896751708526851,0.0029747592773113,0.292258648382526,-0.2299472853757875,0.7420806275934444,0.0980742296918767,0.1764998049602357,3000402
0,100001.0,50,440,0.0626715688563805,-0.0028626549133111,0.1708795863774423,-0.9022224423186148,-0.0611121618051548,0.08596120272238,0.4283474860066341,0.1141055432073819,0.5481237836532025,3000403
0,100001.0,50,428,0.5613635798170139,-0.0302743064976443,0.3781549261667076,-0.7312301057441606,-0.5863332112632833,0.8039978770252505,0.6858441223048635,0.1145572263993316,0.5693241813207754,3000404
0,100001.0,50,415,-0.4994509025980818,0.0343729889562605,-0.7452849036667429,1.3476012229306655,0.5842274611983977,-0.7700499443264626,-0.5868374957474892,0.1437925170068027,-0.4136503066475812,3000405
0,100001.0,50,508,0.3094667315133892,0.0194473226372352,0.5274401164161999,-0.6394461428192485,-0.0180610236192089,0.1759700391421058,0.5787883738025449,0.1058615753993905,0.6775215355184021,3000406
0,100001.0,50,387,0.0991245811593754,0.0424046906120606,0.442869368054871,0.1906801289874419,0.2989715148437439,-0.2108804664777866,0.3658103258755608,0.1163829168030848,0.3572331939765619,3000407
0,100001.0,50,382,-0.6721314794451446,-0.1419754105212484,-1.9890285579661504,0.4299699458780301,-0.8004401779327942,0.3547345898693929,-0.6687050199748589,0.157312925170068,-0.7029497536647948,3000408
0,100001.0,50,344,-0.643747796436668,-0.0373335454239339,-1.445366293285662,0.969273564584528,0.0646527486696441,-0.3883609746852615,-0.1603633142967987,0.1302732131813764,-0.449501985783828,3000409
0,100001.0,50,394,0.410785776071168,0.0555709931154905,0.3202327207013274,0.2415818612385781,0.2265255560083175,0.0134732847790883,0.8386880784382823,0.0959303593232164,0.8499569136751008,3000410
0,100001.0,50,405,-0.192826981577169,0.0580957980074251,0.082156858186253,0.8038006788168173,0.6035042138855847,-0.6285449308457836,-0.3807740297277417,0.1492649192378373,0.0701224811089037,3000411
0,100001.0,50,457,-0.1247933015796624,-0.0111276620881096,-0.2300819479060854,-0.1807242927668566,-0.0204364332125744,-0.0465921383069045,0.2864173822515133,0.1211475200408802,0.1040009243367704,3000412
0,100001.0,50,363,-0.0494860100991336,-0.0078067280995762,-0.050601294208508,-0.0685201156866117,-0.0365932815402049,0.006550376354691,-0.0363727564910102,0.1320505023201333,0.0148998280065772,3000413
0,100001.0,50,419,0.44169093943151,0.0055934803965586,0.5163675966425798,-0.0752060739209826,-0.2130404005085388,0.4148735671502886,0.4696460562642479,0.1055004859086491,0.245415415863119,3000414
0,100001.0,50,392,0.1408046307543172,0.0384341450009386,0.6321108758552647,0.523967348352873,0.2410332281468263,-0.1385887920619138,0.4746629817687475,0.1192006802721088,0.3098113857967568,3000415
0,100001.0,50,427,0.1949897822547487,0.0461466632060112,0.6291881638380085,-0.5517708456586492,0.2745821292144698,-0.1399804010074963,0.3450152296511709,0.1170901528928403,0.0900790054837424,3000416
0,100001.0,50,350,-0.5323741823618767,-0.0039086079671196,-1.1754888557462424,2.3334799169311595,0.2802659040544049,-0.5199605333103358,-0.844759398181438,0.1642680193464669,-0.2720077615822743,3000417
0,100001.0,50,432,-0.7099174220665245,-0.0761762771044377,-2.6298948632822983,1.5425182691782873,-0.2246767737651648,-0.1698086468720618,-0.7077730279454493,0.1448014340871483,-0.2199294815292682,3000418
0,100001.0,50,439,-0.0842630270578191,-0.0001230748706626,-0.3085237823230664,1.533054610283419,0.0486262364328518,-0.0861708581161362,-0.3003746571101824,0.1311981439974834,-0.3233310193183729,3000419
0,100001.0,50,517,-0.1048147471020264,-0.0254300636650145,-0.0963777412235331,-1.0012340913147049,-0.1533569503870125,0.0802440124676381,0.5316360424356966,0.107964249529599,0.3526284410168968,3000420
0,100001.0,50,422,0.1154945576878019,0.0322256956985096,0.2448181106701679,-0.4139670716582352,0.2038886941748733,-0.1190765664825482,0.1700304507429298,0.1194530137636449,-0.1600236471896312,3000421
0,100001.0,50,471,0.7424351501519426,0.0327696548040937,1.102189834681789,-0.8397037421182352,-0.1608599136609551,0.5249454504606499,0.6679429978703746,0.1118810708362947,0.6605355764498673,3000422
0,100001.0,50,419,0.3400313526486801,0.016885218199986,0.7385086483805687,-0.6054345460000345,-0.0578684591260271,0.2263453867413696,0.6814804834237375,0.0981124220521542,0.2385180114910433,3000423
0,100001.0,50,450,0.2656585629542091,0.0329423277621954,0.6571785693746969,-0.2639993682849944,0.1216447435119857,0.0306575062430653,0.5370407385876104,0.1187127700821261,0.2931302876992025,3000424
0,100001.0,50,470,0.3289529458452204,0.0059126813523773,0.3070256690289822,0.3638072978448699,-0.1440174146990177,0.2963684300183064,0.0708162861317313,0.1253360868156786,0.2754238297474349,3000425
0,100001.0,50,309,-0.1552202406659605,0.0631732991413853,0.329629868852872,0.5414804380518465,0.6212582311188004,-0.6240441723510556,0.3015713808680036,0.121137026239067,0.4027962580762619,3000426
0,100001.0,50,394,-0.3186376994190696,-0.0490221362991655,-0.4910035970944768,0.128850826610266,-0.2255862776097781,0.0332636243748688,-0.2916158692649441,0.1353241861716438,-0.0874210708231637,3000427
0,100001.0,50,539,0.5710368187699478,-0.0041466249642994,0.4034019126980775,-0.0770154373603645,-0.3721936120777036,0.6220534664507503,0.2463759441033587,0.1214451058201058,0.3795106988976801,3000428
0,100001.0,50,531,0.0288968051947837,0.0246954007951618,0.2550398349007339,0.2787035037260329,0.1920086455171522,-0.1534338853931237,0.5908724008639928,0.1039954943016167,0.3958445266677721,3000429
0,100001.0,50,326,0.0041052437637141,0.0010155180369934,-0.2869775932868281,0.5235118339248169,0.0061175310870683,-0.003245453113476,-0.0109105354055313,0.1192631162053862,-0.0312274960264885,3000430
0,100001.0,50,369,-0.4709755874220623,0.0177665667627444,-0.812145886649503,1.202579415893586,0.4267631845236931,-0.6168881630114936,0.0973568933764654,0.1279175463288764,0.5000674584377269,3000431
0,100001.0,50,473,-0.2119214047573907,-0.0011636064992582,-0.2561511795900253,0.1839450715657502,0.1151456462385681,-0.2105473657698353,0.2765294785553541,0.1169515306122448,0.2542477756684573,3000432
0,100001.0,50,517,0.0313561439560593,0.0213158006683635,0.2939395155319342,-0.6283796483814138,0.1618887732399823,-0.1257426689781192,0.4784445639829754,0.1105246245963823,0.3117606223249338,3000433
0,100001.0,50,485,-0.1162436032037389,-0.0066416405844189,-0.2105402637431319,-0.1160440046870662,0.0124078487336913,-0.0710042660372484,0.2545538366863287,0.1236467705361714,0.2932927658296543,3000434
0,100001.0,50,442,0.4980222323610158,0.0481085331472685,1.1840120013162774,-0.5443464754479851,0.1127005789830046,0.1585548691141254,0.7126496067348813,0.1093169700312557,0.3339624260307477,3000435
0,100001.0,50,506,-0.110144183715687,-0.0011210102973043,-0.0644133906379254,-0.4531268604386262,0.0555055886194305,-0.105665837216255,0.3784751070208295,0.1164141677078994,0.133662216405858,3000436
0,100001.0,50,408,-0.4485336910820588,-0.0548455510084972,-1.063270379971596,0.8100215158480335,-0.1983652195940753,-0.057713960242237,-0.4201953359286289,0.1333624358834443,-0.3971359501334048,3000437
0,100001.0,50,456,0.8371267576370967,0.0489181346023017,1.1955623396301738,-0.6938379909189475,-0.0802780961882796,0.5031142281094084,1.038303386032784,0.0975882111086192,0.7114076384231373,3000438
0,100001.0,50,456,0.1214898706500506,0.0442825378325408,0.7066843949991647,0.0535790417703808,0.3024892208032412,-0.2024074731343078,0.7104934708533304,0.1122582540869751,0.5849996088673318,3000439
0,100001.0,50,419,-0.3876873867995705,-0.0481732454326093,-1.0922669750247405,1.1619936942634712,-0.1780514824231648,-0.0441515677583839,0.4910690747305425,0.1120607478660253,0.7385469777226031,3000440
0,100001.0,50,368,-0.2264917452550723,-0.0169980478661272,-0.5082807424072225,0.1289962264047052,-0.0098240995080531,-0.1081963862863699,-0.2369391409041354,0.1270285222522744,0.0565808788887799,3000441
0,100001.0,50,367,-0.1011252913366476,0.0311806217742307,0.191542581345636,-0.1036269251122165,0.3220182039205221,-0.3343444001964145,0.3998092705826184,0.1130196523053665,0.2479051324733469,3000442
0,100001.0,50,402,0.4027179221712348,0.0661411875176412,1.257664152393679,0.0239747851266192,0.320518077018917,-0.0730392509343788,1.3029245688283329,0.0947832621420661,0.6430071455861845,3000443
0,100001.0,50,412,-0.0423823045088335,-0.0325579596455828,0.0014833713047212,-0.7394596960170983,-0.249672741858504,0.1969691376018298,0.1646477675457018,0.122557033863269,0.0088931271299376,3000444
0,100001.0,50,472,-0.3934088966308501,-0.0239152535416913,-0.560480660330758,0.5681210836523813,0.0298650413536457,-0.2296159457974027,-0.1861764536296192,0.1291982976765585,-0.1206364432190161,3000445
0,100001.0,50,495,-0.0258125915991807,-0.0284167291978893,-0.2832335198045303,0.4786062734699677,-0.2251226130615103,0.1840547783756285,-0.3144711217552101,0.1364102126206131,-0.2685589988620438,3000446
0,100001.0,50,430,0.4662871623222822,-0.0409081464075838,0.2744926877281444,-0.8120621435112544,-0.6200956799711447,0.7844967496172097,0.3484606204190265,0.1125679322008132,0.0529306720742738,3000447
0,100001.0,50,466,0.1255249463925243,-0.0011303813902131,0.2438583027062754,-0.2090670910637771,-0.0835733239378277,0.138176759482769,0.2245344459297014,0.1221655328798185,0.2006170552110047,3000448
0,100001.0,50,499,0.2477998437952652,-0.0129237770312166,-0.0509047517370399,-0.4429369120097199,-0.2555203018096929,0.3522691662705041,0.470368850862504,0.1008428233171721,0.2661782589663426,3000449
0,100001.0,50,390,-0.0961367280143854,-0.0497593639294575,-0.1781444311216732,-0.253647086591141,-0.3627572868721896,0.2683280857832636,0.2815686496842155,0.1208576998050682,0.0745000232249535,3000450
0,100001.0,50,463,0.0259158533582426,0.0032016419000323,0.0525435334123006,-0.381118729321419,0.011773300662479,0.0030759002613853,0.3677393705041355,0.1119832548403977,0.1791858518570538,3000451
0,100001.0,50,398,0.3422082569084458,0.0703536872734982,1.3417434227710232,0.317700643923809,0.3915970496707826,-0.1665908386780343,0.5271396639418195,0.1073185941043083,0.7747194906529686,3000452
0,100001.0,50,456,0.0969252505162328,0.0338191221206043,0.2418915774439616,-0.8563199545470623,0.2285727275207697,-0.1502989704185424,0.3934819529258532,0.1109876965140123,0.3952613461724034,3000453
0,100001.0,50,405,-0.2322252778761737,-0.062481959877944,-0.5438213005263186,-0.0005812039545271,-0.3901332985359803,0.22206986019936,-0.4974103724980424,0.1520056298381421,-0.6289628900481831,3000454
0,100001.0,50,378,0.2741564735315013,0.0141621211817543,0.393003363698831,-0.3529928130838508,-0.0420876992653639,0.1783175299356844,0.53191220227702,0.1092812864790886,0.2587789521851806,3000455
0,100001.0,50,428,-0.7730159915378042,-0.1339501958328142,-3.272300659327283,1.2069117234944695,-0.6750724131461555,0.1924608000294607,-0.5393996698155675,0.1563818264736062,-0.4776611500609913,3000456
0,100001.0,50,361,-0.3924320217683219,-0.0599465831567855,-1.008873784124773,0.8920434860106049,-0.2736376320731002,0.0374504450896046,-0.4949255551396797,0.1478097299525871,0.1062199573779827,3000457
0,100001.0,50,342,-0.4429815553267309,0.0397251077550447,-0.4369497700911678,0.3021557831254609,0.5945097281578614,-0.749137438645826,-0.1666356370441724,0.1273457658925639,0.1469591209830344,3000458
0,100001.0,50,362,-0.7283448539919745,-0.0551248253639662,-1.525011929447268,0.349131126534536,-0.0354218022547246,-0.3445045838291365,-0.0140140124342425,0.1299763747863677,-0.1462769415448856,3000459
0,100001.0,50,373,-0.1510628955227179,-0.0365913370996584,-0.1447061883168934,-0.3929540894488319,-0.2192385876434687,0.1142146235160418,0.6694891507421163,0.1042930685787828,0.2641946893673375,3000460
0,100001.0,50,465,0.5255002726453709,0.0208917197605123,0.7821318218687588,-0.1068179334244388,-0.1333237210274181,0.3885914177615398,0.3158136047810795,0.1182657897282135,0.107553734285799,3000461
0,100001.0,50,440,-0.3904471006462344,-0.0265006633127709,-1.004448966589782,1.3874217899875911,0.0063660061911897,-0.2073401323557831,-0.287848375134433,0.1385554221688675,-0.3379430354772208,3000462
0,100001.0,50,390,0.0960488403297099,0.0102185954467037,0.0770759963220271,0.3916712721263349,0.0295659811819151,0.0236544080678177,0.4605995227129822,0.1039975129836881,0.2124966562217891,3000463
0,100001.0,50,415,-0.3884564765821119,-0.0640506146010242,-0.7202705914246107,-0.0441989615609268,-0.3115032626484029,0.0724496818252826,0.2155696180284141,0.1171918767507002,-0.005219644981359,3000464
0,100001.0,50,522,-0.0647487102404297,-0.0268161831806552,-0.4515971679705205,0.7380189708249032,-0.1887570692036728,0.1320237132722608,-0.6190128919750912,0.150586811301097,0.1577283897114485,3000465
0,100001.0,50,460,-0.6393987618535174,-0.0352130836914069,-1.9627134571035945,1.2486592350849528,0.0794745144751869,-0.4002289625429909,-0.3742316784277635,0.1414786967418546,-0.5930951005326422,3000466
0,100001.0,50,400,0.1032509417909451,-0.0031661513298148,0.1747133036903742,-0.1075189881768884,-0.08750416981143,0.129997789381582,0.5771913184167722,0.1114336539213386,0.1777593254202583,3000467
0,100001.0,50,529,-0.0325416807211855,0.0337751301484763,0.3160063661649585,-0.7450308992962653,0.3051247608605302,-0.2844379089585004,1.0829081480300815,0.0995520159283225,0.6866182722829799,3000468
0,100001.0,50,503,0.2294514217527577,-0.0445106918723287,0.0201376292652593,-0.9961935392916536,-0.5119353899262816,0.5676432017446577,0.1803764060789549,0.124668894106315,0.120881518944434,3000469
0,100001.0,50,428,-0.589033781741857,-0.1005671906747393,-1.5412972405611087,1.1376923724502326,-0.5017229628638918,0.1355396878508551,-0.603221656329647,0.146091301689215,-0.2903418333326267,3000470
0,100001.0,50,548,0.2272648881018552,0.0139850640876729,0.4318351897321536,-0.7253547539597175,-0.0157294349999085,0.1314684777950356,0.5515499771309283,0.1036542822257108,0.0830580735215071,3000471
0,100001.0,50,412,-0.2531252673734724,0.0253037314768162,-0.3139730430639783,0.8421395379572854,0.3625629612748305,-0.4485197986439687,0.2316121335970921,0.1198841698841698,0.4715374886248994,3000472
0,100001.0,50,505,0.4828209559480831,0.0145151022934673,0.5585526880788863,-1.5337845783440551,-0.1620794223596408,0.3919510890558424,0.9784117298047736,0.0902845265090163,0.5449030368899864,3000473
0,100001.0,50,435,-0.3497504274617583,-0.0299573800576099,-0.6128021755153422,0.0448265421577725,-0.0467855976686326,-0.1396930212336064,0.0290629548380512,0.1254538625266057,0.1498443403450718,3000474
0,100001.0,50,390,-0.1356150276065133,-0.0169559405802084,-0.373744960453397,-0.1777272796832024,-0.0630501898088129,-0.0147257766718601,-0.0918943067807136,0.124126552795031,-0.2053172768064825,3000475
0,100001.0,50,485,-0.2847796007196036,-0.0250210233337542,-0.8438076744124849,0.6174805440866437,-0.0435903001567444,-0.1090731880338309,-0.3302886509951897,0.1317287784679089,-0.3848650100930217,3000476
0,100001.0,50,540,0.0555143177333147,0.0132921219053646,0.1648193368531591,-0.7421447265484006,0.0797804595666153,-0.0412290640160373,0.3351755510450693,0.1185012652403956,0.3881324370165721,3000477
0,100001.0,50,334,-0.1029113285941236,0.002356531441911,-0.4129290145887483,0.4323410001656634,0.0803081742387747,-0.1233676298225533,0.126890973157066,0.1201744501481574,0.6025088214665043,3000478
0,100001.0,50,441,0.8416053691972473,0.0556452804067463,1.313213111267562,-0.4709160896969937,-0.0261840288386818,0.4578554415890093,0.809768108945325,0.098884469041854,0.6926421463241274,3000479
0,100001.0,50,431,0.1030404304944069,-0.0378201110371905,-0.144895568355568,-0.1647945837177942,-0.3799770440843993,0.3863410701172882,0.6900380893325477,0.1068550497121925,0.5492512673937495,3000480
0,100001.0,50,476,-0.2513856523626537,-0.032857800290639,-0.518037921041738,0.0997528037724343,-0.1295031345554198,-0.0164488477212023,-0.0606291572995865,0.1218194460104483,-0.2011618986606,3000481
0,100001.0,50,485,-0.1733038291576667,-0.0052910344278389,-0.3134166064251673,-0.1160440046870668,0.0574859906657296,-0.1400445144039316,0.4497887389103644,0.1061240533949428,0.4551463076028088,3000482
0,100001.0,50,493,0.2522881492288141,0.0501058591818255,0.7567153771633368,-0.4984095385701889,0.2749426979677126,-0.1105834068369832,0.514877393063141,0.1103959932596892,0.2965308179865827,3000483
0,100001.0,50,414,0.3780853398815695,0.0299451675122887,0.4666389212542142,-0.4298555458250017,0.0298812446869324,0.169053701924851,0.2599464749691197,0.1207668859893684,-0.0026173925185265,3000484
0,100001.0,50,376,-0.1945254818265883,-0.0578484606397055,-0.5493084934162148,-0.1799046613126493,-0.372731795946735,0.2263093809857024,0.0318205718344101,0.1231810906180654,-0.0726408255375861,3000485
0,100001.0,50,437,-0.0266537575947983,0.0200681167624083,0.1054059092364843,-0.4111607848557675,0.1851471195541518,-0.1760862542633721,0.1236184657595984,0.1243341251844653,0.1701393004736995,3000486
0,100001.0,50,469,0.2740921507963205,-0.0254867151701665,0.1061847691704038,0.6244066493445054,-0.3770456479160261,0.4723175313393375,0.0525570488531557,0.1222353473409068,0.2158976383941647,3000487
0,100001.0,50,439,0.3930780515565141,0.0656527513190888,1.4117305909567766,0.5206298028108777,0.3226687604282525,-0.0797649769786869,0.1768210023365833,0.1246055651176133,0.2597275418313036,3000488
0,100001.0,50,535,-0.2193132058572834,-0.0160984888445761,-0.2593122832702505,0.889561735972488,-0.0068441372807931,-0.1075306643109613,0.1090920886803988,0.1269132653061224,-0.3682852137987631,3000489
0,100001.0,50,418,-0.0106438590460906,0.0319769748624675,0.2823475286355271,0.1096534870868852,0.2760720391785806,-0.2475001696967424,-0.1544932878867518,0.1350320475010813,-0.1166619484199198,3000490
0,100001.0,50,457,-0.181147811867185,-0.0253660451185129,-0.8825533110305345,0.5974920540876117,-0.1075057981783182,0.0006149677300242,-0.1216894447943475,0.1292422524565381,0.086088249010191,3000491
0,100001.0,50,345,0.0131510142663083,0.0192587930468751,0.1711003075801627,-0.114913216846743,0.1542202740855583,-0.1283498978515813,0.188069658083369,0.1134581221023441,0.2876194072354208,3000492
0,100001.0,50,500,-0.5407706524025465,-0.0280445014302321,-0.991439697523525,0.5001955109229935,0.0818173719126651,-0.3515252771136375,-0.0512442521435035,0.1229705215419501,0.1021777512983332,3000493
0,100001.0,50,457,-0.0378660062371429,-0.0102631624438143,-0.0394576912342629,0.2408095617793141,-0.0643846912773772,0.0368754984540421,0.0957681246042799,0.1263658313066159,0.0061247378393963,3000494
0,100001.0,50,280,-0.3872755331588696,0.0877326150338923,0.0595309466511323,0.6732921697996737,0.9617771952814496,-1.041173154226907,0.6022312097099223,0.1050873586844809,0.3469649989660092,3000495
0,100001.0,50,433,0.0180685715415208,0.0217978894047491,0.1628613570388119,0.2997271934361158,0.1733682032720539,-0.1426497558764063,0.4463073794214701,0.1089787196930054,0.298961874949857,3000496
0,100001.0,50,430,-0.1688238375885033,-0.0088428820992396,-0.2398288733264909,-0.0197201127599972,0.02484624377134,-0.1089985928681204,0.3455634672016862,0.1189638416943132,0.0595653630517983,3000497
0,100001.0,50,528,0.205645279179734,-0.0165359143608124,-0.0101523566021619,-0.7682790570453727,-0.261354307166028,0.3356518123202066,0.4750358259903441,0.111117272996155,0.3629081148913223,3000498
0,100001.0,50,544,0.0517454924214725,-0.0316824541221671,0.1279055991297351,-0.7064240228580333,-0.2988423581379004,0.2888875532634449,0.2326793019400917,0.1188997338065661,0.0849768806229495,3000499
