start,end,N,SS,ZngE,FulD,TajD,FerL,FayH,bsfs,Omega,btree,Colless,path
0,100001.0,50,365,-0.3260880895374943,-0.5726705493707723,0.083212922439119,0.4210779689401895,0.0558371187216741,0.416442063799304,0.0537272024831052,0.534885042975537,0.105247520695025,3000000
0,100001.0,50,460,0.6670055412277843,-0.4587559451700848,0.3245906235516219,-0.5693667397935535,-0.044733902859169,0.1829546553692766,0.0363308223658645,0.1773621565492956,0.1160797652394291,3000001
0,100001.0,50,359,0.0738918692409038,-0.8157134761969796,-0.0065956349603989,-0.0882048817636626,-0.0109422191399745,0.0139099808911738,0.0712667360530516,-0.0020597356150575,0.1278624822021832,3000002
0,100001.0,50,341,-0.0463064465429035,-0.4246811498384292,0.1390382858843857,0.1346121910103453,0.0257356822819767,0.4131165525419215,0.2409358389048915,0.3044849736913523,0.1179421768707483,3000003
0,100001.0,50,384,-0.0317206168424484,-0.1676271014011114,-0.3909915968622373,-0.1939944843413608,-0.0503443328404966,-0.4237077063490537,-0.5005458620386357,-0.4210678597421197,0.1488636856016292,3000004
0,100001.0,50,394,-0.364126394708398,0.504620942037972,-0.3574723905318432,0.2049396500123278,-0.0006600287629018,-0.5313647463507458,0.1075920183249144,0.0515793217125548,0.1286707229475641,3000005
0,100001.0,50,404,0.1808183245607075,0.3007858185844118,-0.0306148363943209,-0.2243213976211112,-0.0287395338903907,-0.226192649774678,0.1284180419444734,0.1224367704854305,0.1209849919349183,3000006
0,100001.0,50,392,-0.5125115808054516,0.7505722706532745,-0.3932430514344652,0.3531901848498086,0.0144311125031545,-0.4551875862735473,-0.1002652039779695,-0.2737618308728171,0.1345712703686125,3000007
0,100001.0,50,577,0.0429463846958139,0.3793820213830727,-0.1370802639056087,-0.1299166274893727,-0.0248839634324902,-0.4424904157846172,0.0635061396103916,-0.1256652099304656,0.1311781349708024,3000008
0,100001.0,50,411,0.3264600672901248,0.3116991447029632,-0.0818624042800101,-0.4206566066748143,-0.0555868893335219,-0.4821914887125592,-0.1241003189122694,-0.065072307132192,0.1208422019114394,3000009
0,100001.0,50,438,0.402211711805549,-0.2486248398904023,0.1844340174151522,-0.3500839442818972,-0.028587792986688,0.1328087354919057,2.084347826967332e-06,0.4963114637582457,0.1056722205790528,3000010
0,100001.0,50,362,-0.2584803733574903,0.553508209335468,0.1131214764690691,0.3615284791249639,0.050860768967329,0.4877560335042792,0.3376801761467662,0.3365978646834514,0.1166842599108609,3000011
0,100001.0,50,483,-0.081801375355398,1.6771060522193904,-0.5486654618165705,-0.2303381230084411,-0.0655172512686418,-1.8698833607749497,0.1145636228452693,-0.6590563690288082,0.1515271937920897,3000012
0,100001.0,50,516,0.0329850243013935,-0.1634217027372138,-0.270978016514517,-0.1975238763990865,-0.0422366409970286,-0.5787291496890276,-0.315737838964736,-0.0249948792948572,0.1252529937594872,3000013
0,100001.0,50,464,-0.5212258532036482,0.7304708403014399,-0.2898623478315036,0.423552581339856,0.0298951479075639,-0.4872208044340985,0.3921700261981087,0.1580132853614858,0.1204721579353391,3000014
0,100001.0,50,404,-0.4594668857896412,-0.4322690791204419,-0.0190954022875304,0.5129427120896708,0.05949367734087,0.4271924251565928,0.2257254491794624,0.3875738174123558,0.1107241838534355,3000015
0,100001.0,50,395,0.2567366508340612,0.4950207333620386,0.1798006211677373,-0.1870361162646284,-0.0096273843156842,-0.2135646041987592,0.3559430903709173,0.0813202818479718,0.1227470369591135,3000016
0,100001.0,50,520,0.5305763765748598,0.4398387910958277,-0.1532801931842629,-0.6954698072445538,-0.0928609537294229,-1.1868662002552963,-0.619173959388557,-0.7865828113915365,0.1590705660254532,3000017
0,100001.0,50,481,-0.2845913186471364,-0.0279740858987678,0.1388869732980191,0.4064823130057912,0.0577662673570301,0.6030935321387291,0.0293735086898706,0.2221028511882072,0.1231711277475814,3000018
0,100001.0,50,464,-0.1249162588764298,0.0278087198899605,0.2620989541763263,0.2970222340949109,0.0534372130197765,0.5297085491885213,0.7168037875396077,0.8279875241371681,0.0993609565038136,3000019
0,100001.0,50,471,0.2041713701938451,0.1357756128947532,0.2124782160302054,-0.1075514380630868,0.0021005269870049,0.2657728464509691,0.1162927842667159,0.1978456485566598,0.1250288950531669,3000020
0,100001.0,50,512,0.4238343601498238,0.0348133478522327,0.259115897681646,-0.3304046429903539,-0.0209768224223049,-0.119479089642352,0.1937695201485823,0.6749840778772275,0.1027092429011405,3000021
0,100001.0,50,473,0.0592883838506837,0.1212755919203835,0.1687509201741802,0.0319036847144709,0.015548067210948,0.1478296352040445,-0.020048682593944,0.4654114462172155,0.1120673997754441,3000022
0,100001.0,50,423,-0.4391156644293882,0.069451262840732,-0.4578229207582289,0.2311585531268213,-0.0045745271103609,-0.4606841719007446,-0.137287056840596,0.1784261098220649,0.1158384026687598,3000023
0,100001.0,50,473,0.7457822762675921,-0.7247623832920681,0.4255678898229488,-0.5995766540674633,-0.0412402131669637,0.2753175783681927,0.1286703810695575,0.3663884094953465,0.1173263991586972,3000024
0,100001.0,50,387,0.0654655832134194,-0.1153377321022749,-0.0301835783072075,-0.0924659639258999,-0.0130818339632597,-0.2081728569693544,0.141835499007695,0.4625543083985629,0.1092066039899105,3000025
0,100001.0,50,462,0.7265817800432766,-0.9842667994222102,0.8904520448389277,-0.3036440579885552,0.0262021777247688,1.122333747047355,0.3846161801750992,0.5316039973836141,0.1141277939747327,3000026
0,100001.0,50,488,0.7768284144347735,0.5934497387040549,0.1542410946122446,-0.7949264721432597,-0.0832430506164006,-0.0491334421445252,-0.3468651471647719,-0.6076647799728544,0.1515810027714789,3000027
0,100001.0,50,510,0.5284987392199807,-0.9115298195846624,0.33309472442858,-0.4061108547376565,-0.0247665280031093,0.3059649635517443,0.2990840842871236,0.4438939224634613,0.1121694004704685,3000028
0,100001.0,50,463,0.2550111125589659,0.0349825499938726,0.0315335472391087,-0.2722556685887741,-0.0300181277005306,-0.2636747112694587,0.0976242914300986,0.0131569279939579,0.1222433159310235,3000029
0,100001.0,50,461,-0.1958054193362863,0.1780066049252532,-0.2449545240436037,0.0788908155948353,-0.0077568647744771,-0.5012199623323632,0.0769786672400067,0.1540872495633747,0.1148052117021672,3000030
0,100001.0,50,419,-0.1969115558367572,0.6317652221844197,0.1359042118874713,0.3047037794982134,0.0456021787949981,0.9493458828136804,0.2854075449647,0.0853172370996553,0.1197492658265492,3000031
0,100001.0,50,433,0.1372796632520889,-0.8292812141086555,0.0089080333182756,-0.1513440875304009,-0.0173057304433411,-0.0254319156972823,-0.3281043793143369,0.4087111614895275,0.1129951980792316,3000032
0,100001.0,50,415,0.076963072679667,-0.3296964353027914,0.3371149602561422,0.1108065704800582,0.0366759141159721,0.9148693259875406,0.4800299821769355,0.5943907506774211,0.1092789772913996,3000033
0,100001.0,50,460,0.325762406901078,-1.103063560360665,0.4373576053449771,-0.1136706595801478,0.0170670042907069,0.653775138438534,-0.036958450227642,0.4246777356232283,0.1070662862301318,3000034
0,100001.0,50,395,0.0672218569336542,-0.3295941010037569,-0.1272804355185383,-0.1516477945279903,-0.0268814354249656,-0.1443901631117874,-0.3029475145749346,-0.4034101717255118,0.1484636227372305,3000035
0,100001.0,50,431,0.2653059873053052,-1.0584196835144215,0.220067441208747,-0.1729453138196622,-0.0051241666911793,0.2119722614973756,0.2335827066658484,0.3351493456747133,0.1126004073945962,3000036
0,100001.0,50,432,-0.0056625577953177,-0.5835302084212087,0.1642678038314964,0.103267600230287,0.0237010233125351,0.3548123562447466,0.4228529628686067,0.5534625950082861,0.1065714645646618,3000037
0,100001.0,50,507,-0.2202714352640064,-0.1955417199531902,-0.0254015135873073,0.2361963215150444,0.0261452234431896,-0.1078081618627643,0.1932120108097476,0.5222058012464968,0.1083711262282691,3000038
0,100001.0,50,371,0.2170868271093574,0.6997211588613765,-0.4752123332744913,-0.527396762680916,-0.0958458365235125,-1.50697678756227,0.0237950998816527,-0.0132234154812847,0.1265640184645286,3000039
0,100001.0,50,461,-0.0662472295435006,1.078091399790113,-0.5759915411637263,-0.2640683560020374,-0.07144519264424,-1.4354764877355175,-0.5738094430570125,-0.7401836507283909,0.1562533390319478,3000040
0,100001.0,50,467,0.1580503993266663,0.3555569945892352,0.3720592623197267,0.0391427271080368,0.0305922557241967,0.6473876037769776,0.6595411552675682,0.67623086938513,0.1101148792850473,3000041
0,100001.0,50,408,0.0707919751301,-0.024778327720376,0.2461501467992171,0.0642317851158525,0.0248071410160679,0.3738629837515416,0.0909570183758537,0.2331617956806258,0.1228611076332373,3000042
0,100001.0,50,460,-0.0637441986152624,0.926505427489662,-0.092578833581773,0.0181164979580902,-0.0043163004399723,-0.1184218264613943,0.6124395158010316,0.5704117639726239,0.1090947742733457,3000043
0,100001.0,50,497,0.431633927450747,0.7020651995404193,-0.1065173596653476,-0.5550697236839803,-0.0730519105657143,-1.2948890943621776,-0.0012508209801942,-0.1060611545873129,0.124672619047619,3000044
0,100001.0,50,454,-0.2605905020247142,0.5252648523695999,-0.3861421336432277,0.0695679119409555,-0.0187134114187664,-0.7980397836722437,0.0552944684749125,-0.0565603224758633,0.1347766133480419,3000045
0,100001.0,50,442,0.1274464159464635,-0.2761884102269999,0.1466257146500064,-0.0589436498876384,0.0032546030047223,0.2338854789460532,0.1450261162950057,0.0628789687216611,0.1305010155721056,3000046
0,100001.0,50,413,-0.0218470736691066,-0.7815092690811362,0.1727483119271843,0.126691011448311,0.027082216375331,0.4919319693142507,0.274442515150291,0.6053030509246973,0.1028127270325605,3000047
0,100001.0,50,432,-0.3144307517854921,-0.3434924770793301,-0.1504545534252663,0.270003039033649,0.0214810066170338,1.868772273349207e-06,-0.1907090363362835,-0.1404192393334319,0.1312520602954838,3000048
0,100001.0,50,309,-0.4583049775988445,0.0631917519784811,-0.2488867351875934,0.3770211053311035,0.0275084840151826,0.1277718106882127,0.1714080446830979,0.2704601686108098,0.1152742346938775,3000049
0,100001.0,50,461,0.2301764821813547,-0.2398899069762886,-0.3408411083128805,-0.4634999266184189,-0.0786380549752471,-0.7774579532828914,-0.0826922759881556,-0.3774906669674689,0.1467955603293949,3000050
0,100001.0,50,429,0.2037483575007855,-1.0825050872556936,0.2999706944928065,-0.0556466748254391,0.0143500829105655,0.6624509068532973,-0.2527632967157705,-0.1097453784220902,0.1351155045351474,3000051
0,100001.0,50,491,-0.1169037739317452,0.6904789744315539,-0.2473701104252373,-0.0126097427005004,-0.018745965931283,-0.6258442433639068,0.0414286490598404,0.2041654920648409,0.122226460677729,3000052
0,100001.0,50,399,-0.2935396692735894,0.3457706737754276,-0.180542728833058,0.2285712713547727,0.0144992711129721,0.0525850326657116,0.270281206341661,-0.3141695658224842,0.1464304300955354,3000053
0,100001.0,50,365,0.3591171647979214,-0.5726705493707726,-0.1742357367196831,-0.5123307273830372,-0.0730398372671816,-0.4978423153975761,0.5606055396355204,0.3516453206761697,0.1095214309500023,3000054
0,100001.0,50,471,-0.1272287665621287,-0.1159609948505343,0.1953960890760608,0.2603361237141883,0.0444336732609435,0.4379331458201739,0.6980476813533345,0.7379045757184494,0.1038180675113647,3000055
0,100001.0,50,471,-0.2487642876570049,0.8595183601624544,-0.208024668540239,0.161036022110316,0.0045379985760208,-0.4385466230967039,0.6785893391049064,0.5674797962127422,0.1081276898514507,3000056
0,100001.0,50,448,-0.062850567750138,0.1464112696971193,0.4496334676962708,0.336749641949493,0.0712518256624752,1.2975607025064009,0.5971689922401162,0.769867564711112,0.1099402829313543,3000057
0,100001.0,50,476,-0.1156944254501528,-0.1493536729992364,0.1749677083405337,0.2351394073549525,0.0400223897322506,0.5288995720817972,0.0700093160844361,0.1970749804749728,0.1246579637441568,3000058
0,100001.0,50,481,-0.2897955046399996,0.0644749405671132,0.1035173593630452,0.391555466024616,0.053533303544138,0.3576845235226518,0.3940889909251582,0.5891150173078218,0.1049362783087918,3000059
0,100001.0,50,421,0.0481861637523362,-0.5478515086239936,-0.0624882886512683,-0.0917873825010556,-0.0152407312831249,0.0151848451804538,-0.1704202792780486,0.2309149945884157,0.1185603454865092,3000060
0,100001.0,50,453,0.6207263893730319,-0.8074378827241937,0.6488286887511794,-0.3254706750431792,0.0067535045162515,0.7924108742350368,0.4709403498249323,0.7188110053990536,0.101961509992598,3000061
0,100001.0,50,431,0.1261518801202706,-0.4741263490320109,-0.2761540192309122,-0.3066453833764597,-0.0556058272282869,-0.5241233591919457,-0.2795436654639317,-0.4010272943290767,0.1457491412406546,3000062
0,100001.0,50,390,0.2475388190492712,0.619430692850149,-0.5522133476352168,-0.607580727052172,-0.1106725845837917,-1.8966489472298051,-0.5665220124005539,-1.2859395152089526,0.1782655135224821,3000063
0,100001.0,50,386,-0.4651301384395391,0.5832015313614524,-0.4391179931250912,0.2721730363845625,0.0016186903939694,-0.4913890498987859,0.0681299074556195,-0.1163767345214078,0.1341514984372127,3000064
0,100001.0,50,430,0.2738242083430739,0.8070715715021838,-1.0057676238241082,-0.9050626955624704,-0.1774387905419368,-3.993510600453326,-0.3430014266032706,-0.1556451806482198,0.1269920889704196,3000065
0,100001.0,50,447,0.3347943489976638,-0.5751287414699205,0.1044514522673091,-0.3202987891501505,-0.0306329437002994,0.020029497765306,0.4718377133444298,0.1756438593291323,0.1201302686022862,3000066
0,100001.0,50,405,-0.4698251419369977,-0.9512143381388412,-0.6037034564651215,0.1804171584372939,-0.0207717285541116,-0.5674539844862178,-0.2592589742734082,-0.1102192133401547,0.1263075122522127,3000067
0,100001.0,50,481,-0.313214341607884,-0.182055796675237,-0.2926927540621608,0.1845678761763127,0.0014109879376307,-0.2073882758352122,-0.2967377714819135,-0.3043482962565416,0.1383694839192221,3000068
0,100001.0,50,481,0.0198535619353605,0.7116181258282822,-0.3706266544679568,-0.2412478839288203,-0.0543897240833964,-0.77279330259918,-0.2953179452323843,-0.2224864265749327,0.1320514054678475,3000069
0,100001.0,50,472,0.5557338501360743,-0.7507111918287384,0.1349699118140929,-0.5542135004899531,-0.0561504113217873,-0.0996631235325079,0.1194483602301316,0.0807697329307703,0.1268887362637362,3000070
0,100001.0,50,467,0.1500136231039591,1.3710811626194537,-0.3907755502266462,-0.4015321841687185,-0.074777855991407,-1.2952545628094791,-0.1058999873843602,-0.3072512606838068,0.1334089191232048,3000071
0,100001.0,50,464,0.5511016375694889,-0.5470966513557954,0.159137443471134,-0.5347110897938222,-0.0521709628406343,-0.0024229672640722,-0.2487912130212695,0.1107598248643447,0.1319581596079292,3000072
0,100001.0,50,533,0.0106980508739724,0.571361076619158,-0.0589890570923346,-0.0470169644733802,-0.0096662322492426,-0.2882696436540626,-0.0338886995454505,0.1174254657432791,0.1142066475713092,3000073
0,100001.0,50,368,0.3836097644031737,-0.2329259166878289,0.2218321285059021,-0.3071965127641565,-0.0209813916965264,0.2800035674112038,-0.1699680700809303,-0.3346067544476688,0.1447431536717251,3000074
0,100001.0,50,466,-0.1349800130377997,0.7132158178930106,0.0382682860968517,0.1765140709892493,0.0235568583306599,-0.0540270186171204,0.0474931486144139,-0.3093080857095171,0.1449694239397886,3000075
0,100001.0,50,414,0.1826260269181394,0.1425101374745532,-0.2623217741367593,-0.3628798267857949,-0.0613341635861888,-0.8606160471504329,0.0214896359678489,0.073823731452267,0.1193204554549092,3000076
0,100001.0,50,421,-0.2351392605297805,0.3316898293443311,0.0056348804478618,0.2715579526453359,0.0325750577583001,0.3208929092811602,-0.133021197747022,-0.0491435753772337,0.1201782388933227,3000077
0,100001.0,50,438,-0.0386469748863062,0.461681147369569,0.1567120655702928,0.136449182913511,0.027099809155396,0.4846183967375574,0.0555153115163353,-0.0260722359981959,0.1223569324637071,3000078
0,100001.0,50,450,-0.0422794158593191,0.0652728802651317,-0.0949819071516719,-0.0077703524189008,-0.0075489707810406,-0.147047831301266,0.1437300864956215,0.227962966787078,0.117310945542238,3000079
0,100001.0,50,509,0.1123272444063471,0.2583481405407746,0.3498984230725575,0.0783736614094896,0.0336640734173226,0.5928320572836396,0.1313683930194507,0.3797931250112018,0.1146330872774641,3000080
0,100001.0,50,390,-0.2226184440117809,1.3786287619295334,-0.2342178135579662,0.1160880227181706,-0.0025892881682749,-0.6364694887001653,0.3168223725222935,0.2668180353002639,0.1169446273132909,3000081
0,100001.0,50,449,0.1246303371430309,0.2377528064249484,0.2959946920512289,0.0323393478807262,0.0244873262788154,0.6275844785794494,0.2330938726321819,0.1542997288393992,0.1275465449337629,3000082
0,100001.0,50,397,-0.3949525904279213,0.4013747306498407,-0.0892735833269666,0.3980318503975499,0.0409779742048488,0.1714475323950032,0.2077120926927102,0.4723853625093183,0.1141654937837203,3000083
0,100001.0,50,450,-0.0790951955871894,-0.0664360191549187,0.08502921517814,0.1403431411118932,0.0225493610308421,0.3270290020088694,0.5047915842096568,0.810372607782047,0.0957655789588562,3000084
0,100001.0,50,473,0.0387861577765753,-0.2547412859518173,0.4408899381117548,0.2157812253120102,0.0562885720653469,0.821022867933969,0.2261378231181786,0.7479271660032355,0.109203681472589,3000085
0,100001.0,50,449,-0.1670608007257811,0.2377528064249489,-0.2548248432866777,0.0403274463794485,-0.0130107722550217,-0.2868142392862814,-0.0074015137294049,0.2161704307338869,0.1224677716390423,3000086
0,100001.0,50,379,-0.8500127165874986,0.5765540910879926,-0.5774432384796977,0.6299778924946315,0.0344339850461192,-0.7056145478216007,0.1829005802076089,0.2278183192567048,0.1206601811709139,3000087
0,100001.0,50,434,-0.2336664588283256,-0.3570922001665496,0.0282737860232154,0.2832037366435766,0.0355197964248477,0.2765745514934341,0.4995387736388963,0.6807281529093949,0.0987365054717539,3000088
0,100001.0,50,451,-0.2167779721158323,0.583500697320666,0.0919686435895569,0.3014752511585273,0.042108523825045,0.4500000812410923,0.3864125168519915,0.3398723211269842,0.1075909405678439,3000089
0,100001.0,50,396,0.6894131538635011,-0.4866309412434026,-0.126084220570415,-0.8608133031287074,-0.1109211184130687,-0.7674588831719953,-0.5169460408998436,-0.2848855438291588,0.1276449533301693,3000090
0,100001.0,50,504,0.0261116352840972,-0.7948451681360545,0.3577310597045353,0.1812946994706919,0.046378454508401,0.8148264139182362,0.4253863060214428,0.2223912831802529,0.1216802377516663,3000091
0,100001.0,50,451,-0.1904393694739599,0.2878090460746637,0.0448725402255675,0.2436686261772293,0.0319782192846314,0.250170844342052,0.5018573152647718,0.3397848961892276,0.1136074911892467,3000092
0,100001.0,50,391,-0.5864656722380387,1.1016660497564177,-0.7381885692675635,0.2344643868990126,-0.0237535415232705,-1.996650722760716,-0.4327087951389871,-0.2926384708252221,0.1314193307380755,3000093
0,100001.0,50,401,0.1056450989795095,-0.7062630578951811,0.2673267588625804,0.0369154013097565,0.0230509862952617,0.3959906292522772,0.357841250907826,0.7291264195623356,0.1019940943410331,3000094
0,100001.0,50,438,-0.4281434844878483,0.6646257151581312,-0.1113956559571832,0.4227121514500122,0.042288037899672,0.4455300701241511,-0.0269828080147481,0.3420856543943538,0.1100086443417145,3000095
0,100001.0,50,501,0.0391843986286747,0.5518097688206063,-0.1844735762247166,-0.153524419660865,-0.0310144333233247,-0.4682447203390875,0.1668985418047009,0.0414451224985331,0.1235059444338483,3000096
0,100001.0,50,371,-0.4295330084134084,1.2182992432344186,-0.3327132628056416,0.2943226170835457,0.0116985087322106,-0.7017476378903246,0.1644549825028056,0.2503802475368308,0.1136158545050673,3000097
0,100001.0,50,387,-0.5959924540941027,0.4966979900771575,-0.1356972877584475,0.6001196949314226,0.0617350856945292,0.1495059694382258,0.381284705096922,0.2210270242769772,0.1112972297352676,3000098
0,100001.0,50,497,-0.2202893657841373,-0.3717916594903084,0.1169471390948564,0.3202093046519166,0.0460132605097724,0.6100338684913778,0.5492740805839612,0.722300314506811,0.1036816134904666,3000099
0,100001.0,50,524,0.0856220198700824,0.5245370721765815,0.1325670708583612,-0.0193931199699488,0.0069522726789732,0.2423082076343426,0.157754804110625,0.1893018592404402,0.121919449598021,3000100
0,100001.0,50,413,-0.7504506186355702,-0.1360483757643636,-0.4259935072066594,0.6051643218865091,0.0419888831785402,-0.2215275138442379,0.0897670491561183,0.3492972736372013,0.1101868939064987,3000101
0,100001.0,50,478,0.1264529136422657,-0.3175597750994512,-0.172135213021256,-0.2457406683279748,-0.0410768253573547,-0.4515263539674556,0.1516909313700017,0.1188664982630119,0.1243823845327604,3000102
0,100001.0,50,492,-0.1827635651801738,-0.4927203705874944,0.0240558211229109,0.2226154503543501,0.0279999759670868,0.3179189262527812,0.0990888033450622,0.3449691720844568,0.10967634476471,3000103
0,100001.0,50,467,0.1453255036407132,0.5777029063458453,0.1915705664353764,-0.0527778490949804,0.007122044880249,0.5043131046387156,0.4608576109079671,0.8201570176914539,0.1035024820739106,3000104
0,100001.0,50,451,0.312073444088078,-0.3035742564173406,0.4908104164402872,-0.0665992627746343,0.0263702384267085,0.7441707421836378,0.209511560888374,0.2990783008567753,0.1160113259963671,3000105
0,100001.0,50,432,-0.4482061988304154,0.1022918811270155,-0.8112791276279172,0.0331552409828061,-0.0527097625977653,-1.35442787019029,0.159646915035024,0.3095945814957502,0.1094774273345702,3000106
0,100001.0,50,451,-0.0642913252418344,0.1563905344097734,0.4583312699859645,0.343533681806846,0.0726566705544519,1.200746942364732,0.2080604307280918,0.3554228543770156,0.1155258907215854,3000107
0,100001.0,50,473,0.1961903450552115,-0.2234065461291335,0.2363572200528353,-0.0843605047502296,0.0065104854437027,0.3096683018961246,-0.0233083918944936,-0.2081917444876427,0.1365917013571597,3000108
0,100001.0,50,491,-0.0799308463599824,-0.3360482615687973,0.2697137169766203,0.2502624607966073,0.0484053023442044,0.7529464417857662,0.6039873861971332,0.8342508131041896,0.100629711343997,3000109
0,100001.0,50,434,0.24718136754944,-0.6642982737560039,0.1834790313650079,-0.1738225120206002,-0.0077808973548406,0.173856865483963,0.3894659621709771,0.2244482719241019,0.1127678082727343,3000110
0,100001.0,50,486,0.2711355547506832,-0.4885972518258152,-0.494572951070761,-0.6009462691045407,-0.1055679970101653,-1.0027570590346109,-0.3579519902110646,-0.3759672418522489,0.142894293639786,3000111
0,100001.0,50,407,-0.0449020689239111,-0.1986733384540047,0.4556791276597846,0.319637257770354,0.0697254538592426,1.1482088237931627,0.7045237907960473,0.8923156152536684,0.0993262689691261,3000112
0,100001.0,50,518,-0.0927839681249622,-0.3472748477723834,0.1618008517372877,0.201286559642213,0.0350666096042763,0.5607402988427573,-0.1610125256913498,0.0532040839893047,0.1223045043260022,3000113
0,100001.0,50,422,-0.4165409775415525,0.1827123174391845,-0.2611082701775754,0.3213219801690344,0.0198459710286327,0.0163275118276745,-0.0663146860218182,0.0124899509504312,0.1301584169579434,3000114
0,100001.0,50,519,-0.0291699975390925,0.0756076718819305,0.1264526212993115,0.1078881873282565,0.0215653573718758,0.3472823921012734,0.5198609135367387,0.390324718982241,0.1152725664256734,3000115
0,100001.0,50,506,-0.0413074931318217,0.132902540475803,-0.2749021638584863,-0.115099609013954,-0.0327762058354691,-0.7599213441347805,0.0482174024236647,-0.3619522591465612,0.1296502976190476,3000116
0,100001.0,50,439,-0.0769179186953763,-0.6267849789913368,-0.0165751970725119,0.0779676383917125,0.0080767883872341,0.0287781859225969,-0.0795220682520707,0.0728540379801644,0.1233533095777993,3000117
0,100001.0,50,398,-0.0764541298210569,0.838525380833996,-0.7299618501827616,-0.3426614849399013,-0.0916354443211322,-2.063853390283021,-0.3872356333217122,-0.6496274471888671,0.1500591949486977,3000118
0,100001.0,50,473,-0.0299955038914001,0.6853009087286849,0.1659116090555533,0.1320565267874108,0.0271984095838899,0.8002436998794448,0.1627263319851347,0.3577051096152737,0.1173740772904906,3000119
0,100001.0,50,409,-0.2162121879360299,-1.0827818422638569,-0.2468477644751819,0.1012540729989741,-0.005234977646634,-0.2178432287651321,0.2948046320516105,0.4678606878001786,0.1079343971631205,3000120
0,100001.0,50,482,0.4009603365109796,-0.8958283944370932,0.5503037968453086,-0.1326851191809561,0.0226970487162358,0.6810073668786185,0.7139364669713621,0.5986922050223074,0.1069509855224141,3000121
0,100001.0,50,424,-0.3636273324519355,1.1794189981516698,-0.4038854668965492,0.1768199424086299,-0.0072478019978218,-0.6402653420963839,-0.189264449216782,-0.2710668533569793,0.1348719175170068,3000122
0,100001.0,50,468,-0.0032748230344541,-0.285590901074193,0.2548279133961389,0.1540085521643466,0.0360030332594445,0.5737902450090182,0.6759781729143534,0.460571465335397,0.1124704025256511,3000123
0,100001.0,50,385,-0.0566545746324946,1.2468959701622215,-0.2258976079845894,-0.0683530098314606,-0.0238961066311386,-0.8472868526568149,-0.1590123524045959,-0.3468471949297425,0.1323377665673011,3000124
0,100001.0,50,453,0.0520770402803358,0.3701361642909326,0.2931532623057943,0.1134322846382103,0.0338867897691827,0.4919930506230702,0.5346187323093035,0.4992789582426004,0.1109528226875165,3000125
0,100001.0,50,448,-0.443091512377452,0.6425120521950628,-0.4554433503542613,0.2369093474008984,-0.0037385915083663,-0.4804216092952366,-0.5565338625468537,-0.4523410557029184,0.1425961919159198,3000126
0,100001.0,50,583,0.0455527194864767,0.2143153979680104,-0.1302457433254465,-0.1288559665882416,-0.0242802169656711,-0.4012651760016782,0.0199906376055195,0.0743489052197159,0.1131243095528809,3000127
0,100001.0,50,467,-0.131273544690787,1.148935250862844,-0.2449234822161837,0.0052893123056624,-0.0164638540023625,-0.9281302642228444,0.1177969431929481,-0.0861765249854866,0.1218019816622301,3000128
0,100001.0,50,395,0.5860186052360183,-0.3295941010037569,0.2301954498208158,-0.53304525185967,-0.0471536629671392,-0.0179265950233215,-0.0512394682264425,-0.0201888233548748,0.1350245653817082,3000129
0,100001.0,50,439,-0.1046767369576561,0.0819123862394431,0.1454403210974477,0.2051245386351195,0.0344455794266994,0.5768512877641585,0.1372871329876899,0.1858432062548698,0.1227159025044995,3000130
0,100001.0,50,485,0.0206192411409668,-1.094076736385346,0.3082525421308155,0.158312092649534,0.0402257854263862,0.6214038025382917,0.5783504752496562,0.6305691263565602,0.1048016122748659,3000131
0,100001.0,50,464,-0.2462355224459862,-0.227704778441486,-0.1468790799897019,0.1942297794558221,0.0127352747902232,-0.053849370184521,0.5796828872841345,0.499692102554479,0.1042499010186085,3000132
0,100001.0,50,389,-0.6192612113468443,0.667528069318468,-0.6070812302871444,0.349106816642456,-0.0009897612227503,-0.73579692525846,-0.0349147480192954,0.0844247916212232,0.1264086960085239,3000133
0,100001.0,50,422,-0.0480402892147265,-1.04574524834962,-0.0769900586846571,0.0094383508625172,-0.0042572808819486,-0.0075036512494484,-0.1189443441405941,0.1047125486435854,0.1161251857064664,3000134
0,100001.0,50,382,-0.505357087995542,0.3137211947496852,-0.1522227791606607,0.4870054139442999,0.0471689385434587,0.247371706781953,0.3451879029988899,0.3334568679199923,0.1101854036412252,3000135
0,100001.0,50,439,-0.058412039853856,0.0144173990746065,0.1646970541701909,0.1637023380833469,0.0308841003569,0.4847872647597273,0.1392641645075734,0.2415347595376008,0.1272495361781076,3000136
0,100001.0,50,440,0.039799975651967,-0.3634826229524479,0.2300382402911043,0.0901912261703222,0.0267385783323759,0.5342195361094181,-0.0054988706040057,0.210700930712014,0.1092176870748299,3000137
0,100001.0,50,446,0.289906678084866,-0.668689736153919,0.3619972903669273,-0.1172823971466572,0.0113796935924146,0.5394379103982777,-0.0238561127470882,0.298612074053492,0.1166260920611899,3000138
0,100001.0,50,508,-0.0151225454497365,0.236154533398504,0.1090435236673014,0.08158707690454,0.0172473691878419,0.2080998018370854,0.5547660582990618,0.4688483471130045,0.1156086328336644,3000139
0,100001.0,50,426,0.3640081256312371,-0.6496436185392025,0.5080525460218974,-0.1158588642523224,0.0217442622153516,0.6608889577104109,0.5462507143434716,0.7304446169930259,0.1001913265306122,3000140
0,100001.0,50,398,-0.7654121044756925,0.9873324485226218,-0.4046817477311563,0.634936999053634,0.047043884000033,-0.2646344486538448,0.3437657755996495,0.55781110461503,0.1083217377860235,3000141
0,100001.0,50,451,0.5220891441009023,-1.0263760705742364,0.6572291643751126,-0.208032594409676,0.0212414441841488,0.7373438074014361,0.2978335485368724,0.446031571371083,0.1138579142997405,3000142
0,100001.0,50,363,0.1901447849968879,-0.109283715939515,0.0327067185740676,-0.1977393668223244,-0.021205641643545,-0.0536547923925151,0.1813472311730757,0.4597887374286106,0.115344163981382,3000143
0,100001.0,50,456,0.2192600159472134,-0.3688740636627178,-0.0144113701118812,-0.2585785666538268,-0.0316124003356382,-0.1381836885039642,0.3434911908389731,0.4805127462682661,0.108868425418948,3000144
0,100001.0,50,438,-0.1677657811827883,-0.5530416915732475,-0.0147829970874985,0.1826516029064121,0.0206004808145713,0.3025048828915002,0.2316866152246394,0.4495189067514531,0.1152874444575518,3000145
0,100001.0,50,552,-0.4587254917414231,-0.2334639336897362,0.1725180618655715,0.6248792356538899,0.0858033085900796,0.891146561384678,0.6799366327940535,0.6318351183118514,0.1039849860649105,3000146
0,100001.0,50,469,-0.3840054023613036,0.3400018373788397,-0.3130328850620522,0.2533609664340263,0.0081355898707028,-0.3746161018592603,0.0809159260085571,0.257683005618256,0.1247179160125588,3000147
0,100001.0,50,419,-0.3265712530349859,-0.2166003331420631,-0.1731432404100331,0.2705309294731396,0.0199721101191243,-0.188205547154884,-0.0243124029801248,0.047088919324142,0.1251515457668215,3000148
0,100001.0,50,414,-0.1762865673488201,0.679102965567886,-0.5369988974589845,-0.1152493903960254,-0.0511621058668142,-1.475272365635051,-0.181217636575826,-0.7035513871588788,0.1347088285863796,3000149
0,100001.0,50,446,0.3494720608219843,0.2614940508708931,-0.2057944865700556,-0.5199286057005096,-0.0759251945074742,-0.7238343127681784,-0.0212021957038356,0.0016340941099793,0.1286119209588597,3000150
0,100001.0,50,256,-0.3633205101960408,-0.2247080139023514,-0.0047140402156311,0.4122662262707908,0.0490162205061394,0.4443153011903763,-0.0113516425213298,-0.0096412600662874,0.1247435482129359,3000151
0,100001.0,50,397,-0.2024470281199079,0.4386696043543327,0.2746330496442905,0.3927069041080742,0.0657672241182658,1.1401797718514235,0.3899162137158689,0.5345373119673127,0.1004915055027246,3000152
0,100001.0,50,431,-0.0601116904346976,0.5913497314947365,-0.0424086281349717,0.0435773686990446,0.0022016679514088,0.0881222900363278,-0.2883448295722374,-0.0956136645420965,0.1285854548004769,3000153
0,100001.0,50,427,-0.2153185996649673,-0.5864610909826506,0.166472984670039,0.3437181916764383,0.0523470032151822,0.6746718974066584,0.1152018647438868,0.2375114990968716,0.1208567610717756,3000154
0,100001.0,50,451,-0.2493546648570953,-0.434992768082231,0.2222338907643265,0.4154282999113218,0.0646901930740379,0.5887994235230917,0.8123803348364402,0.9807531130048868,0.0961868958109559,3000155
0,100001.0,50,364,-0.2971139894078384,0.0445885336196496,0.035462485976316,0.3599177031801215,0.0452361223698775,0.5341404178683956,0.345531604251128,0.5042602346655207,0.1068009678098043,3000156
0,100001.0,50,377,0.1299192427061717,-0.3451968260494581,-0.006823368087607,-0.1522605903370632,-0.0185537224974556,-0.149714025765528,0.3235516711186855,0.2227634178434279,0.1206365403304178,3000157
0,100001.0,50,438,-0.1328109662185473,0.7322739044209868,0.0803938634794643,0.1988769684340351,0.0291660250454803,0.2936483084559753,-0.0745296363990018,-0.1551210288220039,0.1324722196570936,3000158
0,100001.0,50,490,-0.1063499774331827,0.1540460021462967,-0.1720472376077269,0.0197908179501563,-0.0096608706410246,-0.2590600722689027,-0.2517623013159673,-0.1774917262400549,0.1362860442684536,3000159
0,100001.0,50,424,-1.170862609097669,0.131392357472238,-0.6492520306082727,0.9530888812717768,0.0676036740192434,-0.2318225830610009,0.2423258016189735,0.4532503309106821,0.1159456129390531,3000160
0,100001.0,50,481,0.1141794330560055,-0.5210355603834689,0.2273110081354539,0.0038580656557046,0.0163141092888246,0.4112160277641925,0.5245567085317302,0.5413423280045483,0.109681493956806,3000161
0,100001.0,50,449,-0.4914714695727181,-0.1912490569416172,-0.3495419893838109,0.3545154000548458,0.0175758235606853,-0.2075395362399688,-0.2984257269957477,-0.4469122303904885,0.1525500910746812,3000162
0,100001.0,50,470,0.0980433424804602,0.2692063055267663,-0.1272426421442852,-0.1868569801946314,-0.0309858987518874,-0.4959516925639134,0.2122576027942703,0.3630571603382136,0.1135909137524356,3000163
0,100001.0,50,389,-0.1294800995770508,0.5533575229586492,-0.2666200010198657,-0.009253082636483,-0.0197257675270947,-0.7007702086215565,0.3461185271907648,0.0051889388786135,0.1213919269365204,3000164
0,100001.0,50,462,0.1762870790715315,0.2346474012951018,0.164628570517055,-0.1039899677985572,-0.0008185896527682,0.1540813915989329,0.4665126549951427,0.8122529199360695,0.1030178898482469,3000165
0,100001.0,50,457,0.415900668663586,-1.153494726334941,0.5823247763070811,-0.1310249831583104,0.0251296007713552,0.7183753208271138,0.4152888257482486,0.5728505358543903,0.1023786226819495,3000166
0,100001.0,50,441,-0.1246038802700232,0.3017764468028336,-0.3769314464819127,-0.0800458484448836,-0.0357900152223933,-0.760076214220846,-0.3744874812596525,-0.6047909410806191,0.1398148148148148,3000167
0,100001.0,50,430,-0.2818863095441438,-0.6053642224457092,0.0521601438717761,0.3522890058564468,0.0453767076104855,0.2920279438197959,0.3056368059601574,0.2362317013708646,0.1170177748518762,3000168
0,100001.0,50,430,0.0566249340315993,-0.8809614505331028,0.4824292856816867,0.2197076668200637,0.0597090875670685,1.1760102277633335,0.6049761397749459,0.7463156451293717,0.1068369146600439,3000169
0,100001.0,50,424,-0.3975076451578694,0.2012608001842007,-0.1268071855131109,0.3787345577298607,0.0360239653144484,0.0241400190344664,0.0316111879154107,-0.1414685799077435,0.1317225843216868,3000170
0,100001.0,50,465,0.6125566841193623,-0.1068179334244394,0.4165669148106815,-0.4529977760570775,-0.0245370598090967,0.2490655558830891,0.4905442578426296,0.5497233813707044,0.1094985841226442,3000171
0,100001.0,50,415,-0.170521192502408,0.6338575385760026,-0.1969692424081039,0.0784888668394463,-0.0044512369694778,-0.1373381395211835,0.2438882523696175,0.3475577066566083,0.1232686373518479,3000172
0,100001.0,50,548,-0.1648340123528462,0.1678297301024196,-0.0249257785916573,0.1732261167494248,0.0187165747569825,0.3085501451169397,0.3210418781138411,0.0066205034496465,0.1377380952380952,3000173
0,100001.0,50,424,-0.0049379348912858,1.109550555439708,-0.2569906308111138,-0.1457964606832732,-0.0352195389388659,-0.9456032234372403,-0.0867738294604626,-0.4013618829857193,0.1416022356078995,3000174
0,100001.0,50,390,0.3035099217946345,0.6573905963041189,0.3607455711899587,-0.1338807602946299,0.0093179734751298,0.8811002872891867,0.5938761688245757,0.8493482907365673,0.1031731570179092,3000175
0,100001.0,50,459,0.0395909458497986,-0.0651519882611584,-0.1639578078814065,-0.1418282039938428,-0.0282274909271639,-0.216054627664559,0.161316469811577,0.1590456295672071,0.1228604344963791,3000176
0,100001.0,50,448,0.1952946607124422,-0.1512491998016456,0.0483790552073226,-0.1942358365664014,-0.0196200679360438,-0.0039752148657615,0.1227014580475566,0.2073476900614388,0.1242578849721706,3000177
0,100001.0,50,374,-0.413381594710041,0.5886143919121267,-0.1746402823696284,0.3689072569496043,0.0315986916536806,-0.1818619276272002,-0.1027142481830955,-0.0599363412730094,0.1245623980586386,3000178
0,100001.0,50,446,-0.3169594566250695,1.0587944397493037,-0.6632116858629862,-0.0294218515393213,-0.0497738560722114,-1.9971262742533729,-0.3313652016397925,-0.5587335847085626,0.1446709002750036,3000179
0,100001.0,50,546,0.0457063465430709,0.1805170276603156,-0.4530787700957455,-0.3195891383913637,-0.0693221892757408,-1.0055362013551608,-0.5169631315880848,-0.3880745437245206,0.1484634054626876,3000180
0,100001.0,50,438,-0.360373945271463,-0.3162730291532568,0.0918526383954174,0.4652040565579602,0.0615084715339259,0.476682512415902,0.3935691363863263,0.589967858643025,0.1041394390268422,3000181
0,100001.0,50,413,0.2638501669920171,-0.2436251913171589,0.0621564182786235,-0.2643858188738056,-0.0270004463983524,-0.2564155385071661,0.1805815753377544,0.0493925068007918,0.1204029835284367,3000182
0,100001.0,50,409,-0.2284214372580012,0.7275909130065027,-0.2898829111147515,0.0898325173784665,-0.009594706664651,-0.6139203242064428,0.1452443199869657,0.3101526142193079,0.1222520081478919,3000183
0,100001.0,50,505,0.1315349028302934,-0.6823677876125747,0.5709225216828873,0.1868690442271462,0.0619048052211948,1.16285870558253,0.91873845900786,1.2661140542400235,0.0964320071462928,3000184
0,100001.0,50,441,0.476278729141728,-0.1013674852840332,-0.0465728202289606,-0.5707186192512038,-0.0708372765987079,-0.5737453962616457,0.1282364658400586,0.153175132101432,0.1147913466461853,3000185
0,100001.0,50,454,-0.4293004150734493,-0.5518137400111571,-0.4071108622073254,0.2496329029026676,0.0011379777214114,-0.3668387377794396,-0.2251813698022996,-0.1694157552559658,0.1243732028894031,3000186
0,100001.0,50,427,0.3127802297592459,-0.2742488830666391,0.203117211159229,-0.2371048327144076,-0.0139112220358823,0.1842796843119775,0.1228929253729412,-0.2845459823068765,0.1402301143921255,3000187
0,100001.0,50,451,0.0105657559508552,0.7149192089855565,0.2599161374764019,0.1411788714921159,0.0348533389768109,1.0712982278804493,0.5617664464500998,0.542266152362388,0.105750137892995,3000188
0,100001.0,50,394,-0.091019708286631,0.542197953580743,-0.3011835609963459,-0.0735095055761073,-0.029761296945393,-0.3749901042708259,-0.2089546967210873,0.0347935645593645,0.124038535868893,3000189
0,100001.0,50,345,0.0060146823874605,-0.1577879594303692,0.3045242648856444,0.1722312399700439,0.0417779714951784,0.7255835489283535,0.4412609661275887,0.7368618686240842,0.0949164922379208,3000190
0,100001.0,50,395,0.3270150535721286,-0.5919715483019652,-0.2614524595888172,-0.5270631119327027,-0.0807896575478692,-0.6562693424977882,0.0539883199848485,0.191402815327773,0.1156172696351267,3000191
0,100001.0,50,499,0.2958041871900647,-0.5617785589003249,0.2244195687743379,-0.2049231257987303,-0.0085729976432206,0.2825295754291123,0.4092655687145695,0.6202280324602929,0.1035088164619081,3000192
0,100001.0,50,498,0.8558024124947649,-0.9432911325075664,1.1306287044035832,-0.3088934552160531,0.0423409479153669,1.68155474496988,0.9840862783470667,0.988035647039045,0.1054199166577625,3000193
0,100001.0,50,478,0.0537983149084902,0.5816930652535295,-0.2663764044254543,-0.2184640106051465,-0.0444251340795191,-0.7562187750825673,0.159031702933093,-0.1325391527031688,0.1296600323297635,3000194
0,100001.0,50,500,-0.1624275066002153,-0.8341127194011563,-0.0420964000462985,0.1603908197616779,0.0160244646987577,-0.0454015098223916,0.3913152221767734,0.363076978865996,0.1140573600332151,3000195
0,100001.0,50,470,0.8593987120888371,-0.1407313278516831,0.141089533073106,-0.8969432720524696,-0.096276844232331,-0.4407173375373976,-0.191529235086742,-0.2925629470513841,0.1400683929485772,3000196
0,100001.0,50,490,0.1440386594854557,0.0027796363864214,0.1044059376275464,-0.1026736177999975,-0.0048579984321842,0.247616809083686,0.9585721458731872,1.2258417687137184,0.0953394311092312,3000197
0,100001.0,50,357,-0.2267517238676598,0.648705921907609,-0.291781399731431,0.0871090103882691,-0.0100480019064005,-0.6120932206350589,-0.0237529340301145,-0.0160829734329699,0.1269825072886297,3000198
0,100001.0,50,371,-0.6117622347880062,0.4204868057374315,-0.2701582549512862,0.5390790822149,0.0451371255208563,-0.1659979728527562,0.4300827184335658,0.4082308478904418,0.1146582910620895,3000199
0,100001.0,50,373,-0.051184178122855,-0.0358503919347178,-0.058232129348074,0.0241315622098055,-0.0012043177021169,-0.1992662050538698,0.5661395586815098,0.5244715611489976,0.1150203136810279,3000200
0,100001.0,50,459,0.5266671789856106,0.2576997829706471,0.4670131517153814,-0.3253344955938003,-0.0059147518127286,0.487057158278444,-0.2125453111205216,-0.1718438496490333,0.1309946630585935,3000201
0,100001.0,50,482,0.4671780551992238,-0.8343229024026887,0.5749562022239966,-0.1936621036989799,0.0172049233478627,0.5692562914941357,0.9280545163631672,1.1821978398422093,0.0966537966537966,3000202
0,100001.0,50,376,0.836310738838203,0.1743690665251057,0.1547675269349899,-0.863179167310041,-0.0916682516813968,-0.3623426083905954,0.2079451456371981,-0.0213640111537356,0.1196271502231465,3000203
0,100001.0,50,374,0.4039440571067809,0.746905664777095,-0.3560291593363214,-0.6704813764936046,-0.1044951303585991,-1.2426909887489788,0.0410287544761115,-0.3668335914842514,0.1439475790316126,3000204
0,100001.0,50,387,-0.1931556469640648,1.8355261323446643,-0.0693101476893927,0.1795785794658816,0.0164679257429426,-0.121271633719156,-0.489769920299926,-0.3173828766689489,0.1386944312608764,3000205
0,100001.0,50,448,0.1325025781134361,-0.6473499822995877,0.3940161826924198,0.0811406621231855,0.0371070282171126,0.916123898907708,0.3970403629996791,0.3104098426619742,0.1239067055393586,3000206
0,100001.0,50,560,1.0577508446049109,-1.3103087339062187,0.4995176772215789,-0.9110502013445896,-0.0727301171614261,-0.0152198750459676,0.1337289359109827,0.1176300641918755,0.1179889455782313,3000207
0,100001.0,50,552,0.456762432706516,-0.2872058771255747,0.0954367601375971,-0.4644425681711497,-0.0481829399866453,-0.0884706486656641,-0.1716445728715938,0.006526820432264,0.123249543719927,3000208
0,100001.0,50,500,0.133116028771755,-0.6562049553579367,0.3292104163377826,0.0424306817695212,0.0279769731339879,0.3513525614295519,0.5203002675056771,0.4834368883404987,0.1090415001979627,3000209
0,100001.0,50,506,-0.1867325975533774,0.3673143008415747,0.0341147271787994,0.2330687910868039,0.0299269713298206,0.1259440528151341,0.6375823823708784,0.9148635940555684,0.0989680896513194,3000210
0,100001.0,50,476,-0.1991658716195348,1.0339020916662005,-0.0998374059838064,0.1682615395153699,0.0129388229123759,-0.1138921196313975,0.0324908615626049,0.0871660280527516,0.1201581725586409,3000211
0,100001.0,50,404,-0.5822718899461012,0.8505769918630525,-0.3069615725250159,0.4834944432399825,0.0358951595478005,-0.3232670617593505,0.1546292735681176,0.3038885496745199,0.1247443033157319,3000212
0,100001.0,50,470,0.029494738398587,-0.0461303355335797,0.0822181128196357,0.0148472390612926,0.0074932280079338,0.3649930978049837,0.1776456435626545,0.1980577826046991,0.1236578415149843,3000213
0,100001.0,50,536,-0.1522869117993839,-0.4186955200732675,-0.0933274855757234,0.1185527870096723,0.0074956599647233,0.0040919889976346,0.0667922400342188,0.1407741464720486,0.1232171612606395,3000214
0,100001.0,50,454,0.1759894362320124,0.2641548905803256,0.357648243225077,0.0101274578016271,0.0261586120666938,0.5256900476391496,0.3624644911613973,0.6592984377258844,0.1013139892828639,3000215
0,100001.0,50,340,-1.1652984295056286,0.9757650814980848,-0.9328258143239172,0.7814796727400356,0.0277090937063327,-1.6343532929971707,0.3757685302725109,0.3132030053364598,0.1077774393339425,3000216
0,100001.0,50,429,-0.1297143822719834,-0.1502091511685181,-0.2783205655151907,-0.016046649295259,-0.0213322680678181,-0.4664388360993753,0.1524629597163279,0.0694132866680009,0.1248630007558578,3000217
0,100001.0,50,354,-0.3924733879570472,0.222312797182118,-0.6289242101377153,0.0779239877060963,-0.0347126531937869,-1.1553613366936462,-0.0524446663157853,-0.1165987305678043,0.1248582766439909,3000218
0,100001.0,50,399,-0.1676590016710009,-0.0995388127184567,-0.1213801827702992,0.1197970544474203,0.0057303015431886,-0.1735079501985968,0.5589906469788173,0.5928951544340652,0.1066276510604241,3000219
0,100001.0,50,345,-0.3880613012666427,-0.1149132168467429,-0.0350786961665378,0.4222646143687221,0.047760240204706,0.1778244462167257,0.1901043892404703,0.4648715374032189,0.1100913738276375,3000220
0,100001.0,50,532,-0.3480399118857104,-0.3134162473550322,-0.199498844372665,0.2790964625040361,0.0190578690474808,-0.0498288462536062,0.0467403280897743,-0.1177193757541325,0.1327117053718039,3000221
0,100001.0,50,396,0.8745193953124996,-0.6361847320922668,0.5670823394231697,-0.6638036674612121,-0.0391285630692879,0.5024778072414391,0.5095597664617988,0.6784977488892305,0.0998246173469387,3000222
0,100001.0,50,550,0.5215430626532636,-0.8156220329440087,0.3739081012439086,-0.3739051429740508,-0.0180837222340348,0.3232135162090175,0.3349408085195451,0.5373884061002411,0.1061598639455782,3000223
0,100001.0,50,420,-0.6491158363442469,0.3403128116268566,-0.5008057098794506,0.445418613256812,0.0178178767148942,-0.4459321098823773,-0.0948854550948516,0.1035594277298694,0.1252436950389912,3000224
0,100001.0,50,488,0.2393967479901937,0.0770472989337326,0.3215232486910248,-0.0833497102928517,0.0125719078189676,0.5508318829468908,0.4776753224510128,-0.1283151227928744,0.1328222615576842,3000225
0,100001.0,50,457,0.1306055495708426,-0.1158729305289838,-0.0609742671488419,-0.1849146618151867,-0.0261418781326241,-0.1415818075324542,0.380125428086795,0.2600212510767506,0.1175207652121622,3000226
0,100001.0,50,402,0.071321713036394,-0.0128591576234328,-0.0321330819522352,-0.1002948347347062,-0.0141389074802731,-0.0097520950042756,0.0069232097781841,0.1705702664074301,0.1135935265826075,3000227
0,100001.0,50,441,-0.2337264296207422,0.5033484128462664,-0.3350264173507064,0.069124881244802,-0.0151996534481067,-0.4928618347159172,-0.2103697264940312,-0.3521345612516114,0.1414385465724751,3000228
0,100001.0,50,425,0.0730450819189121,-0.6434166634165586,0.1626011052937555,0.0124877737054061,0.0128325575396164,0.1157093364095836,0.1690646304399294,0.2935624419703759,0.1175513474620617,3000229
0,100001.0,50,408,-0.0370612206288255,-0.6055086536810093,-0.2687146937221054,-0.1160047739456539,-0.032521607291335,-0.4574837181398937,-0.2737831855084353,-0.049321085839945,0.1221838735494197,3000230
0,100001.0,50,401,-0.3969661203988967,0.6230446890634637,-0.0379015913801235,0.4305700512106475,0.0484180198068906,0.1465670627386727,0.6757436707524834,0.3730359679156681,0.1186272804576376,3000231
0,100001.0,50,382,-0.1095843519760987,0.3524707784591334,-0.251200287264223,-0.0228443439242918,-0.0202645186769648,-0.3973519135063962,-0.1018879204460674,0.0418849347564321,0.1273556719985291,3000232
0,100001.0,50,514,0.3071773744458972,0.194941181722678,0.4269236237590673,-0.0983467949117313,0.0181493957332577,1.0586561271205233,-0.0754127053423244,-0.2170588259295133,0.1314074925744945,3000233
0,100001.0,50,370,-0.3145689410397013,0.990473110406635,-0.2724418279780558,0.1986164640073375,0.0045460104405424,-0.5194215224805251,-0.2489277365802978,-0.5667434368114047,0.1452262986119303,3000234
0,100001.0,50,499,0.3340748952334734,0.1512713224433035,0.4171613173130393,-0.1348511883197476,0.0131538337951231,0.5661720427528688,0.4417839741890683,0.7069022893282055,0.1049755799755799,3000235
0,100001.0,50,422,0.541708804352503,-0.4490658592522006,0.1338605355226854,-0.539084492040917,-0.0545364082903757,-0.0596633506811035,-0.3204815061478535,-0.0682938748313816,0.1268007202881152,3000236
0,100001.0,50,471,-0.1132820674200938,-0.084493918882373,-0.1848546256640912,0.0201828802776992,-0.0105098039691099,-0.3353339818371613,0.1622917141924692,0.0445613557223562,0.1148456943753111,3000237
0,100001.0,50,405,-0.3480886048127833,1.3888056844687031,-0.389818463072192,0.1675132317897811,-0.0073630816191411,-0.9847794855571164,-0.0198136118850106,0.0905456661204304,0.1231935779493144,3000238
0,100001.0,50,486,0.1423500449985982,0.334928800368319,0.0384594215784308,-0.1396541460976224,-0.0138325687428258,-0.0603241220798315,0.4006886867733302,0.1387958436401748,0.1217952234657303,3000239
0,100001.0,50,416,-0.1437703571649925,1.0160513780638962,-0.5990262076874818,-0.1889019037418025,-0.0642211869009882,-1.3078819135413615,-0.2399011349907285,-0.747521395507398,0.1578631452581032,3000240
0,100001.0,50,534,-0.1412416642421207,-0.3801382963270651,-0.055212487853706,0.1284589680157918,0.0113235732858745,-0.0792086668676633,0.1479097732151308,0.2861582790392603,0.1183696981096586,3000241
0,100001.0,50,400,-0.4721213066170425,0.0775657173504208,-0.4076130633755322,0.2985772269811488,0.006940203714954,-0.3758662565148816,-0.35991757791295,-0.5536626703407141,0.1554022211294156,3000242
0,100001.0,50,577,-0.1815667824800556,-0.4691097238333364,0.3139584278187064,0.392413145176939,0.0681866235227466,1.0048695675482344,0.8645323329845744,0.9093818576947408,0.1026620852422601,3000243
0,100001.0,50,501,0.1547944745126625,-0.3951473861312181,0.4122785308868887,0.0667230497276615,0.0366417805256228,1.0363160824257966,0.1950174431594812,0.5560379822362681,0.1037014805922368,3000244
0,100001.0,50,440,-0.0397393694539756,0.0069010028617906,0.1015652854075605,0.1051935751654277,0.0195474049978649,0.1441256838606943,0.2388081419287226,0.1934023481287667,0.1229519977004886,3000245
0,100001.0,50,359,-0.1646132179531876,-0.0326365185363111,0.2929418152674391,0.3602068212594044,0.063282343882604,0.8545779950928228,0.2557527387782617,0.3114529930699559,0.1161041339612768,3000246
0,100001.0,50,448,-0.0698274658166944,0.2456314261967083,-0.2594059200567069,-0.0732751736348985,-0.0267806766718263,-0.4261683240780534,-0.0690318446253616,-0.0716008476040712,0.1303429705215419,3000247
0,100001.0,50,424,-0.7952330551840522,0.8300767845918591,-0.7602430424592754,0.4591912137017357,0.001330091135864,-0.9537083747795244,-0.1482173668799404,-0.203381708007872,0.1376956696657157,3000248
0,100001.0,50,479,-0.0435677564971728,-0.0452791298394792,-0.0763244993534928,0.0046704592694004,-0.0047722950997292,-0.0595628482736372,0.2429775968353056,0.4069052780342677,0.1121019204141833,3000249
0,100001.0,50,397,-0.303021362713482,0.3267849832408568,-0.0914960533518056,0.2918377195134922,0.0282260573825386,0.0272124178721349,-0.2232898570277,-0.2200749670773656,0.1332643868358154,3000250
0,100001.0,50,452,-0.0675338398938645,-0.1134985687160871,0.2325224848657508,0.214111532511642,0.0415744923037531,0.6978652480974964,0.2146788508762332,0.4672553753145391,0.11164317421884,3000251
0,100001.0,50,489,0.0066517937466465,0.4036157433635351,0.0793338027269608,0.0392131316291194,0.0101708931984679,0.4069135904004575,0.4283651640599168,-0.0018109126025657,0.1335211167800453,3000252
0,100001.0,50,444,-0.4339539880415892,0.0439113210143449,-0.1703898336302663,0.3945439266394724,0.0348254095762241,0.2186360452471627,0.1169230337149134,0.4711111842888503,0.1205181613929975,3000253
0,100001.0,50,415,0.4568401362570163,0.02717540687454,0.5386820031969546,-0.2038061886468954,0.0134594989899751,1.2078615792415424,0.2095433302744861,0.4173203982231836,0.102829152494331,3000254
0,100001.0,50,457,-0.0760110594603527,-0.1158729305289841,-0.022328149243824,0.073531060327261,0.007145052615672,-0.0515023483604666,-0.340724595662825,-0.4633777156364293,0.1432021379980563,3000255
0,100001.0,50,356,0.3015747104079962,-0.0467578269263002,-0.1417507695967692,-0.4275522761052864,-0.0607232532750462,-0.4745670715629059,-0.2485250555842892,-0.2438354474379422,0.14344847134256,3000256
0,100001.0,50,455,0.0952903901096689,0.3214739270480679,-0.2986362100525585,-0.2847552903484132,-0.0545472815403872,-0.8749596194968707,-0.1653467260487948,-0.2832325490375444,0.1427698311467444,3000257
0,100001.0,50,387,-0.0529684380828115,-1.1098957806438516,0.4341829127402584,0.3160696715886487,0.0678440141630294,1.330815040394292,0.920472385972914,1.2988065841291858,0.0933466335252049,3000258
0,100001.0,50,367,-0.4047902227807336,0.7834655781982028,0.0976558451194424,0.5193836864340224,0.0685182199259585,0.7713627007375622,0.3559712776528624,0.2178341495697296,0.1209582598471487,3000259
0,100001.0,50,446,-0.5979679093025344,0.5272608471636965,-0.3368880267006078,0.4834656820706062,0.0337302295104505,-0.4474591242505713,0.435233752143268,0.3386494398563086,0.1119153402987989,3000260
0,100001.0,50,500,-0.3208438507720559,-0.0335277812066663,-0.1569497796905272,0.2732812423800796,0.0213592001020525,-0.1382753610011438,-0.1426796270526378,0.1401591425078161,0.1188828934715247,3000261
0,100001.0,50,404,-0.4509709421058611,0.7772715020925665,-0.3161172785943091,0.3283050623361184,0.0168525015482919,-0.2594356228073989,0.2826928677039927,0.3846062495791719,0.1032178408086398,3000262
0,100001.0,50,473,-0.2561813528380115,-0.1607370664837668,-0.0674234902607878,0.2524088952251142,0.0251567441925532,0.0718950960802502,0.4265697929804862,0.249977717264471,0.1168392730226419,3000263
0,100001.0,50,480,0.5028503932290349,-0.2064497878271788,-0.2084412457439254,-0.6964218753887851,-0.0969140285748211,-0.7873978627102561,-0.1197529490692191,-0.0438009017777265,0.1306994780670889,3000264
0,100001.0,50,407,-0.327070985497281,1.11116024856511,-0.4835398675492495,0.0883159246557643,-0.023299901753749,-1.003286200408262,-0.3938624534469176,-0.3878306196353072,0.1406368102796674,3000265
0,100001.0,50,417,-0.4982261245052105,1.3253892078025045,-0.445883186138263,0.3056733837305196,0.005093938040876,-0.9550976790557318,0.1961744238867607,0.083540641256688,0.1250638753153843,3000266
0,100001.0,50,447,-0.2707354681647216,1.1153658873866763,0.0957926562491559,0.3652750273405122,0.0499343422586878,0.6601175335890979,-0.0396576304454879,-0.5824809634249886,0.1445699132733662,3000267
0,100001.0,50,431,-0.2876866365602231,1.7255662043135325,-0.4367259641645415,0.0707935836991052,-0.0221028658040013,-0.9369015023014996,-0.4376168483002718,-0.3591800810783948,0.1436856793999651,3000268
0,100001.0,50,426,-0.0304145008375812,0.0110090130049453,0.0331774213931719,0.0542450763432704,0.0087436825459471,0.1821439452578711,0.7836034592690987,0.732323011541808,0.1060239885427855,3000269
0,100001.0,50,481,-0.4120938754722846,0.4959037307412262,-0.1819048594891699,0.3626810681862793,0.0302063736100742,-0.0355767444004103,0.422947213997813,0.2270932058413133,0.1140106943678372,3000270
0,100001.0,50,455,-0.1548219538526162,0.3540413404649291,-0.1633152841000529,0.0802992731716493,-0.0018924567065032,-0.2068867756747145,0.191825598869593,0.1881039659943017,0.1132312925170068,3000271
0,100001.0,50,494,0.0265744557461089,-0.8041715120220208,-0.2128727052077273,-0.1558881228786515,-0.0332792632282451,-0.2386811031633396,-0.1391181132653529,0.2498653180852981,0.1220153061224489,3000272
0,100001.0,50,447,0.0998543737475928,-0.807157416018866,-0.1350724925848493,-0.1935202713868238,-0.032340229835014,-0.1434331745765266,0.1681404724776008,0.2833853309698575,0.1210256830004729,3000273
0,100001.0,50,437,-0.427755614044161,-0.953577492378078,-0.1074627772868977,0.4245912585151977,0.0427867395123044,0.107378794642565,0.6783982235046386,0.9291613973228068,0.0964275591188856,3000274
0,100001.0,50,370,-0.2893091550234031,1.5104431301531691,-0.2587936353090416,0.177824787971117,0.0030306736270283,-0.6528282122401997,-0.3157125030462562,-0.1239498684859733,0.1313344958236459,3000275
0,100001.0,50,335,0.3355934657333027,-0.9472430658703672,-0.096526005673039,-0.4397943755233061,-0.0590800160333763,-0.2756321975838756,-0.3616597723044225,-0.0723472924170789,0.1281575130052021,3000276
0,100001.0,50,441,-0.0239843867128666,0.1337998084333054,-0.138061810531123,-0.0540201793074332,-0.0160342943679271,-0.4400570583278934,0.6536778650508714,0.410219775730234,0.1114861329147043,3000277
0,100001.0,50,440,0.0149439303063599,-0.5318388165043754,0.3958656550990676,0.2162854834369608,0.0532469163231986,1.0241091686739203,0.5844261642461794,0.950157686876168,0.0989243413101281,3000278
0,100001.0,50,459,-0.1511521943991906,-0.3880037594929642,-0.0913227481659081,0.1185521349043606,0.0076582793993165,-0.0070145952089278,-0.1883153894038247,0.0835690228285686,0.1250456280073004,3000279
0,100001.0,50,338,-0.6533347902983137,0.6946539439625473,-0.3350589839868257,0.5486800332896021,0.041834915001637,-0.2349698642323527,0.3433164407208517,0.7553747371466836,0.105094051043236,3000280
0,100001.0,50,470,0.0288292179706078,0.584542946587111,0.1540633834481604,0.057975235366409,0.0176087266034955,0.379204606568043,0.2537512631140688,0.3761804051308847,0.113217883307169,3000281
0,100001.0,50,310,-0.7291071572911259,0.5291515054552918,-0.7079296040770499,0.4165074565182132,7.628667039697221e-05,-1.0222955099361375,-0.1631173089331893,-0.3735700752898975,0.1353541416566626,3000282
0,100001.0,50,484,-0.4610889074403728,0.5030513125878132,-0.2619321074438706,0.3713419771927657,0.0256448265364356,-0.2205525583821075,0.3316096622228726,0.2466859840057434,0.1184235496773816,3000283
0,100001.0,50,495,-0.2358497433787938,0.4786062734699679,-0.1150491589461365,0.201087531319223,0.015749934641845,-0.2099526884740519,-0.1007449535112796,0.0166200008526866,0.1280443781286099,3000284
0,100001.0,50,530,-0.0408685688603505,-0.2461930606033172,0.5089056117713251,0.3469733799158342,0.0764684415114866,1.3866585320146896,0.629847650760149,0.8717390001754773,0.0988017613684478,3000285
0,100001.0,50,436,0.1380181700003393,1.090500939337559,0.4814425771792165,0.1263169954779355,0.0485699343037261,1.1098700778974553,-0.009742338238634,-0.0853768529648025,0.124697656840514,3000286
0,100001.0,50,375,-0.0823118691467868,0.4993471639304551,-0.2854701080136403,-0.074104043848773,-0.028749274098912,-0.7144719125586484,-0.0649863405162639,-0.4281362934425816,0.1458487009261536,3000287
0,100001.0,50,375,-0.1462969601813281,-0.013736914057546,-0.0648681185641052,0.1287528416700196,0.0107539577926381,-0.0210518167248887,0.3480617174900361,0.4264132411994181,0.1085615150582846,3000288
0,100001.0,50,550,0.4183804485559174,-0.5459397250247375,0.633837816313528,-0.1028244568575569,0.0320424406183509,0.8741415645786069,0.61977064296334,0.7673632900228375,0.1043095661501115,3000289
0,100001.0,50,464,0.5039219239591057,0.5068965292614236,-0.0578404476629782,-0.6088458813387947,-0.0760841702467334,-0.6186235064210777,-0.0652761228218272,-0.3510068594144253,0.1381074529259217,3000290
0,100001.0,50,391,0.3020370651004033,0.3443970339464629,0.2569556443249791,-0.1933074239477469,-0.0049839248941552,0.3266179048956,0.7084351987467304,0.6188884836959637,0.1156510356951769,3000291
0,100001.0,50,428,0.4719580559833838,-0.0044269197796748,0.4653888306344537,-0.26412499849795,0.0011992949146838,0.5484872165456274,0.177117421376001,0.5632366422925902,0.1152259199134199,3000292
0,100001.0,50,420,-0.1019542581230954,0.1992531649918742,-0.1425717827925696,0.0323036873805266,-0.0061269052602659,-0.0515925594080147,-0.0085708244653524,0.0976921526665885,0.1264423993896624,3000293
0,100001.0,50,510,-0.1395808474442315,0.2804551492970775,0.2661204768987787,0.3161995880949456,0.0559282621144795,0.6419589697155531,0.0083915827393105,0.0527512926098143,0.1268022695803985,3000294
0,100001.0,50,443,-0.2833255523355958,-0.8850034760467058,-0.1313412791349975,0.2457526659977794,0.0199332259614047,-0.0631443013762939,0.3757853964938566,0.4133125598790578,0.1158463385354141,3000295
0,100001.0,50,403,0.2020792044402092,-0.6088839572517466,-0.0243833959063935,-0.2449078734005993,-0.0307467462593361,-0.1122123587919437,0.1784038247855551,0.6692321572975547,0.099485320443967,3000296
0,100001.0,50,382,-0.122640772133441,0.3137211947496849,-0.1218873907709782,0.0681796385608859,-0.0004243878256955,-0.2014811617408938,0.4425645659451395,0.2610184503859009,0.1192237249929557,3000297
0,100001.0,50,454,-0.423102908063496,0.1662386549093482,-0.1613744155152358,0.3874423913181873,0.0346004729412169,0.0577275171630724,0.6612714853433777,0.7446530053050547,0.101545140669333,3000298
0,100001.0,50,388,0.1240529641810934,-0.0472140658452761,-0.0810701587862919,-0.189273628573371,-0.0281243052980074,-0.110141617098578,0.7207126263653876,0.8418968445919974,0.0999574829931972,3000299
0,100001.0,50,471,-0.2620468582684668,-0.7767695901819134,0.0107806809265323,0.3052218904651075,0.0368631732668234,0.3270181227689749,0.3922657110785212,0.6837763090693235,0.0991962774957698,3000300
0,100001.0,50,422,0.1391698998348457,-0.3437694964703033,0.0135218352005167,-0.1507915682534375,-0.0169250922280476,-0.0149826069488833,0.129112881663491,0.5027422236310543,0.112341827922879,3000301
0,100001.0,50,446,-0.3660133012321087,0.0289481041146901,-0.1322747126159952,0.3395093114021089,0.0309666977997177,-0.064129730821558,0.0724354934978805,0.1724231234890741,0.1220281927203871,3000302
0,100001.0,50,370,-0.2345796186547564,-0.0494669290864335,-0.4326611615351197,0.0130478729890543,-0.0286909855715362,-0.4764458738717746,-0.0526639317436478,-0.1557546344117138,0.1334419879062736,3000303
0,100001.0,50,451,0.5796181972397287,-0.7963936751606789,-0.2478688995340806,-0.8072387396274706,-0.112863422499774,-0.5929374304396255,-0.2682628592850657,0.0198087229211095,0.1243978672550101,3000304
0,100001.0,50,414,0.0702773366959188,0.1067372822683312,0.2991514397816361,0.0960639797704006,0.0322781334367002,0.5975845937912615,0.3584210730427092,0.3876364685077948,0.1148519847499439,3000305
0,100001.0,50,475,-0.3550848817772929,-0.8292083425110749,-0.1388338208319169,0.323086925094746,0.0285339286708555,0.2010307864608977,0.206683765554787,0.2028901069147813,0.1280982690105745,3000306
0,100001.0,50,445,-0.2699794722938022,1.4681012550609434,-0.641175770643619,-0.0700102764503486,-0.0530425830919604,-1.9300058629837,-0.0953393942337477,-0.3185193839555614,0.13544570833798,3000307
0,100001.0,50,340,0.632216556870091,-0.9817594897745048,1.048988041424872,-0.1047424992096846,0.0609123175021605,1.884751674993932,0.8200589240757707,0.7937641309335419,0.1055758017492711,3000308
0,100001.0,50,488,-0.4237349263578916,0.3200602117668253,-0.1967389837795508,0.3671819729903076,0.0296965483538851,-0.2070205852995414,0.0999576263895364,0.3682332149153204,0.1184971356963838,3000309
0,100001.0,50,502,-0.1017788415233909,0.8099557681610969,0.3864777908695343,0.3440907897285692,0.0676289256305461,0.8468054525483814,0.6734758624861112,0.8605453292109041,0.1049544183155495,3000310
0,100001.0,50,346,-1.1134353389452734,0.2606800292994014,-0.652043369257486,0.8872670596678702,0.059903376174127,-0.608508814088242,-0.1405481566649226,-0.04904930798229,0.118296588708476,3000311
0,100001.0,50,417,-0.266882586142746,-0.237361758500897,-0.3239654159470608,0.1135889077569404,-0.009159370308793,-0.4098128672470239,0.1314233349524023,0.199532566885994,0.1222496811224489,3000312
0,100001.0,50,479,0.1216917226436498,0.2641641383026506,-0.2066443214224925,-0.2606655110343025,-0.0452486886930013,-0.5252370215159136,0.0390466093760752,-0.2558431256117702,0.1349042032271845,3000313
0,100001.0,50,431,0.4124324652144824,-0.3366455644479148,0.2780618864608545,-0.3065957790963868,-0.0169081830574387,0.2369469274076004,0.1776369083839354,0.1002896167312786,0.114750900360144,3000314
0,100001.0,50,459,-0.0653177812871455,-0.5494296451088665,0.2605725048534442,0.228136889613726,0.045184584121616,0.6362818521654585,0.4310858018215687,0.3551548496656007,0.1117753071377804,3000315
0,100001.0,50,439,0.255476135881157,0.081912386239443,0.0451620544525483,-0.2647925464171346,-0.0282072219199881,-0.189833154505355,0.2791607683936609,0.2013981532456557,0.1171807803581202,3000316
0,100001.0,50,419,-0.0478774211261491,-0.676131675610575,0.2899950984671793,0.2254771719773956,0.0469723396990542,0.4915673395569593,0.506703308062377,0.587545426588845,0.1147358399881691,3000317
0,100001.0,50,501,0.3710165623821747,-0.3951473861312184,-0.0612000465890236,-0.4592027653526877,-0.0585513682557681,-0.3458594435684973,0.1307494341729616,0.178156236895099,0.1121579313543599,3000318
0,100001.0,50,475,0.1283412336732603,0.3877286302676489,0.010586425789119,-0.140127052972644,-0.0158379653907987,-0.2905417339957082,0.1073789684592231,0.0308450647235945,0.12430426716141,3000319
0,100001.0,50,463,0.3313346487241848,1.1552552250735026,-0.1801359324301644,-0.484118015004504,-0.0698599721193837,-0.809214385624577,-0.4450012647236019,-0.4119857574577522,0.1382504458093917,3000320
0,100001.0,50,457,-0.6992816913392237,0.7920461408012287,-0.819470505894243,0.3144193285198143,-0.0199721584489777,-1.436535314207311,-0.2234407965871612,-0.0481833648615397,0.1262987012987013,3000321
0,100001.0,50,458,0.0320919304544232,-0.0581021186685099,0.0325718931771334,-0.0173981812261336,0.0002138093423808,-0.0507306823613009,0.2890961349993051,0.4950344840072764,0.1150125144397381,3000322
0,100001.0,50,488,0.4831008449459698,0.4111900540792351,-0.1124283813680697,-0.617259010287505,-0.080835222371491,-0.7471162679721068,0.4387168550296921,0.268413499876894,0.1178729223648222,3000323
0,100001.0,50,329,0.257831577076023,1.252851010239591,-0.6302739544554733,-0.6647917887166924,-0.1232238710239249,-2.6346973622064187,-0.5742064183054337,-1.1295238556391662,0.1667837424825002,3000324
0,100001.0,50,396,0.3853663062068486,-0.7109616275166992,0.4604718513751932,-0.1685026429115203,0.0121786373284531,0.3536877378103675,0.5554983555258682,0.5664595810054556,0.1013276278253236,3000325
0,100001.0,50,429,-0.643742099039614,0.6784983475756385,-0.2455668881838738,0.5896144794301715,0.0527088070044688,-0.0220358837498215,0.2856259869337668,0.4308917516620274,0.1100101876499392,3000326
0,100001.0,50,392,0.3705826649505634,0.1840599649022708,0.0006487155464772,-0.4224319935539155,-0.0500738064885576,-0.2951264234908055,-0.3094426856882487,-0.1065468329665662,0.1257068452380952,3000327
0,100001.0,50,422,0.0081967636222988,0.8846880693185016,-0.1522303984575178,-0.0990473155834976,-0.0223667294455759,-0.5627191082321867,0.0463433496438805,-0.0576561592946262,0.1317298347910592,3000328
0,100001.0,50,399,0.1489973360870632,-0.1366479365929474,-0.0247752880472382,-0.1845816423963295,-0.0236237394490982,-0.0032332558516575,0.1296792395016572,0.2792665804189321,0.1264992839240959,3000329
0,100001.0,50,401,-0.3596203951200059,0.512269043483577,0.1260162210452985,0.4845036142303511,0.0662642163577345,0.6431294055805155,0.2855100804760379,0.3504149324169006,0.1170170253893907,3000330
0,100001.0,50,401,0.6689431219361134,0.1799421067439152,0.6234968345556269,-0.3959733415054018,-0.003410905900468,0.6873252266356602,-0.0688472490001417,0.1254096146574467,0.1217848453249913,3000331
0,100001.0,50,322,0.0831256905874501,-0.0260875407185753,0.0313319396618634,-0.0764756416133548,-0.0069137979974277,-0.0510268526899318,0.082598600774726,0.0357227180972859,0.1273246311511617,3000332
0,100001.0,50,310,-0.0762516733073959,-0.0906344590983651,-0.1057739718274937,0.0249156006520067,-0.0044355249787952,0.0838667086640626,0.3371523206080476,0.3345244260018174,0.1220688275310124,3000333
0,100001.0,50,486,0.2582570037754748,-0.6106011114101312,0.0331310897516872,-0.2749809934417938,-0.0302079401777031,-0.2456578792170396,0.1372949888301791,0.2877548921091585,0.1159618486569885,3000334
0,100001.0,50,385,-0.3336003553619984,-0.2526397201381403,0.1518818073676903,0.4700544377332455,0.0663985429849809,0.9045712121442434,0.2496196190957428,0.2832282812214399,0.1154039115646258,3000335
0,100001.0,50,466,0.2059625924669886,0.0771586393021226,-0.4117486581355745,-0.4777077628334424,-0.085256842546461,-0.8473411311993015,-0.1661779731894116,-0.213535382653006,0.1409496230924802,3000336
0,100001.0,50,433,0.3320759085219177,0.0602405615326793,0.2568011347497511,-0.2274526455530363,-0.0090155134711592,0.063463202778567,-0.0608571481161463,0.0462724692210017,0.1160289115646258,3000337
0,100001.0,50,503,-0.0398868989476804,0.0059681597836872,-0.2019713697099282,-0.073681674533888,-0.022795703453239,-0.3443628235135249,0.0305490051114047,0.07184709357411,0.1190747988693194,3000338
0,100001.0,50,456,0.4654041274598413,-0.1089029218577341,0.3076079860483943,-0.3494648854148177,-0.0198975215979995,0.0599470888926154,0.6708497365913557,0.7142856616634852,0.1032525510204081,3000339
0,100001.0,50,427,-0.6761250574727989,0.1073438154973738,-0.6413991121488237,0.3933132623105125,0.0018189772986088,-1.0064958021787027,0.4626125547425881,0.292140417922888,0.1120680945645585,3000340
0,100001.0,50,536,0.325956888156893,-0.6400496844659046,0.5121890898362974,-0.0693316017099914,0.0275197801561983,0.662070128437545,0.4497424513995566,0.367524059511973,0.1138944848325596,3000341
0,100001.0,50,430,0.5040990242518947,0.0147295407509268,-0.0211824653988282,-0.5875138159029535,-0.071080751225771,-0.2733211814063753,-0.0653100610384285,-0.03588943572183,0.1283132423954037,3000342
0,100001.0,50,494,0.6424805185474077,0.1861443625882368,-0.2632397908774538,-0.8879782748343649,-0.1233499411542699,-1.0976827108531333,-0.2538642078481293,-0.2209895872349996,0.1364650738344118,3000343
0,100001.0,50,567,-0.0769286372594959,-0.7854812748523781,-0.0635450344032562,0.0501850374394229,0.001494503851392,0.125151958023745,0.1893466496570986,0.4736216114441086,0.1103776204359294,3000344
0,100001.0,50,376,0.3522879222813276,0.3318240566752192,0.3550888348116853,-0.1929704454863856,0.001904328207394,0.4189329900684543,0.0383431323006885,0.0052098991711191,0.1297052154195011,3000345
0,100001.0,50,383,0.1618256106412104,-0.9324532930769832,0.3518004726967479,0.0224658303170866,0.0272485450331628,0.5119802939512372,0.6243473644923567,0.7598746927660889,0.10318515704154,3000346
0,100001.0,50,365,0.3941027381824195,-0.4915869634421093,-0.2002155795580504,-0.5675418449543685,-0.0814144797005782,-0.8441955803045588,-0.027828097042776,-0.5059773315084702,0.1453926082628173,3000347
0,100001.0,50,428,0.2851400467818059,-0.0044269197796744,-0.4515274219327549,-0.5913445620637983,-0.101585013332596,-1.111098103207364,-0.213439292753721,-0.175347929806037,0.1392442549158967,3000348
0,100001.0,50,483,0.1300517285049054,-0.2870163049506985,0.3730941540936219,0.071751323506401,0.0345133023381652,0.4922684022090118,0.3993463490017975,0.6912634460990323,0.1041361520684829,3000349
0,100001.0,50,461,-0.0377579940916839,-0.5613487622851668,0.2647873750890467,0.1991934350022657,0.042051143220277,0.4541704952552454,0.6024384962240873,0.6539465308721133,0.1071050642479213,3000350
0,100001.0,50,514,0.3114426895370315,-0.814727603406768,0.0055591089527424,-0.3518615989514382,-0.0411924938991165,-0.1228081279467992,-0.3118426355412895,0.0421031300504828,0.1271506175285648,3000351
0,100001.0,50,438,-0.1934468697279448,0.969042566840977,-0.4893695591486991,-0.0677756034517277,-0.0421878110094814,-0.928687809478306,-0.1548558696133151,-0.3765847706437079,0.1485276694947642,3000352
0,100001.0,50,392,0.109632293231669,0.0707575037520702,0.4402314342075822,0.1341410039533724,0.0466706486146794,0.8342038825784727,0.5809352275968811,0.3920005955254496,0.1222351215935476,3000353
0,100001.0,50,417,-0.263887847782067,-0.5214982978287876,0.1410327287203594,0.3841299420361354,0.055377342326726,0.8729736564457528,0.3402248759766725,0.2063621925110784,0.112938596491228,3000354
0,100001.0,50,423,0.1588594551988463,0.2095165073183922,-0.3614923342501241,-0.3942207558500982,-0.0719549962402854,-1.307364142292141,-0.3583944381620642,-0.3800240558324233,0.140660071135053,3000355
0,100001.0,50,476,-0.1032065712988279,0.0063378749830574,0.276821754506257,0.2809689617117344,0.0525497807757024,0.9291092043564392,0.0731077047299675,0.1733115560733765,0.1235368449055599,3000356
0,100001.0,50,506,-0.0437828140581461,0.4845201810244603,0.0539918876751216,0.0817851119478025,0.0134321055266285,0.1840951296801907,0.2634031997836138,0.4828286706717885,0.1078199052132701,3000357
0,100001.0,50,430,0.3559095528153037,-0.5020152619129361,0.0468169323068163,-0.3783998989078187,-0.0415599751946503,0.0010094907903043,0.0961247506386696,0.0590031126250602,0.1279938010707241,3000358
0,100001.0,50,429,0.2285032333791133,-0.4609744631975763,-0.0673102139642125,-0.3003230070651844,-0.0402794153885703,-0.1854239501126254,0.1804028996661835,0.1505901781102516,0.1282833942825685,3000359
0,100001.0,50,336,-0.9081370672630776,1.3785404798728842,-0.524897922426649,0.7279135419909246,0.0498858683519025,-0.7293258158478819,0.1383655519214885,0.1595805775579256,0.1260998411340584,3000360
0,100001.0,50,425,-0.2017791359983906,-0.747974210187134,-0.0985224768179021,0.1721225977383464,0.0135159011609211,0.0256807821939943,0.414423163128549,0.4921010112395885,0.10855375669821,3000361
0,100001.0,50,518,-0.2838658566964577,0.024863344318115,-0.0650106579914644,0.2853259455480784,0.0291808942747853,0.1465411341839181,0.1946990662341272,0.1787265539324845,0.1161625364431486,3000362
0,100001.0,50,446,-0.2384733052538078,-0.170376993104913,-0.1746346856577665,0.1690636896289256,0.0078287446271169,0.0396397064956208,0.1795153063554169,0.0542873780993277,0.1247217781121665,3000363
0,100001.0,50,474,0.8697019420366571,-0.7614604512631755,0.1487606535564805,-0.9041483444030868,-0.0965819633466366,-0.3851134237723947,-0.1421169514560495,-0.2519704519763625,0.1289851075565361,3000364
0,100001.0,50,481,-0.060811320954019,0.8040671522941647,-0.2231610236807468,-0.0622740983553266,-0.0229338188668632,-0.5263774361924507,0.1801411429590169,0.2817620456492951,0.1185396236416644,3000365
0,100001.0,50,522,0.5893140023028273,0.1130488981810944,-0.2656667328521533,-0.8287729014334475,-0.1164427751571001,-1.0979613728237223,-0.3475623205221024,-0.3695438476788447,0.1408667862749495,3000366
0,100001.0,50,378,-0.633816901392137,0.6259290473950048,-0.2128271850610005,0.5979323082072945,0.0561123791933232,0.1418246416145437,0.2137326170382524,0.1161464441080239,0.123067898045294,3000367
0,100001.0,50,422,-0.3210859799629166,-0.4490658592522006,-0.2002799223718695,0.2482722635938853,0.0154366444009001,-0.1801376682492253,0.2334520814038222,-0.1150914603587935,0.1355892356942777,3000368
0,100001.0,50,381,0.2868364369153113,-0.6092405302052799,0.1346297201969618,-0.2480315460030064,-0.0200341049146492,0.0177954635621369,0.3299566418779492,0.3786053614353409,0.1146686565782775,3000369
0,100001.0,50,414,0.1984604060769758,-0.9664483739183348,-0.2080346412156432,-0.3489620122075455,-0.0558932955037326,-0.3669241255513143,-0.1081319289887368,0.162659328268502,0.1155534941249226,3000370
0,100001.0,50,415,-0.2577800823538389,0.1699241437454722,0.2241686637564269,0.4261401705804081,0.0661663762318547,1.3216153038944334,-0.0019745306005728,0.4141178375695015,0.1102657437243903,3000371
0,100001.0,50,411,-0.1451447615564801,0.5999579772913888,-0.3146755328450498,-0.0197862987989308,-0.0243218318443791,-0.6142772022879411,-0.2719382939779347,-0.1883348531020228,0.1351443280014708,3000372
0,100001.0,50,583,0.3856247264726678,-0.116513986759971,0.0671924025115856,-0.3999556954856292,-0.0425091993191013,-0.0431404204498217,-0.2040934027904926,-0.0387049135602206,0.1330297469865139,3000373
0,100001.0,50,479,-0.0821065283126214,-1.2211635487795696,0.3983488436390581,0.3285892267674525,0.0666570494284189,0.8554415076207013,0.8611799325597319,0.9804619348474106,0.0959075119409465,3000374
0,100001.0,50,485,0.0019073981256974,-0.2077345732837804,-0.0212596590819189,-0.0147155647761832,-0.0032233538685387,-0.0315860069048468,0.3632079775481734,0.0773870941866893,0.1237540668441289,3000375
0,100001.0,50,542,0.721775318297372,-0.3684814346297977,0.4878347589512237,-0.5349940079334959,-0.0291707944869078,0.3189416115034164,0.2714761396595509,0.2367986568777341,0.1190837183930176,3000376
0,100001.0,50,443,0.0291842022101269,-0.115779335565366,0.3980651204417069,0.2013519741588772,0.0516281986373208,1.5690674188665623,0.4609890185902323,0.2916196936116436,0.1178008013021159,3000377
0,100001.0,50,453,-0.1321819114280983,-0.3494924199960892,0.4484274818838659,0.4151387129844741,0.0804382640561484,1.5113642607969222,0.6344235367950032,0.7145657293265323,0.1048460144927536,3000378
0,100001.0,50,411,-0.6888952566517601,0.9242491639533674,-0.6231713120478467,0.4188058444020358,0.0061297589715901,-0.7941322056053214,-0.316121827547638,-0.5552546864063383,0.1518243661100803,3000379
0,100001.0,50,483,0.2557382794189696,-0.2256374812891332,0.3411771657896076,-0.0904132113492404,0.0131076447000323,0.5449266573453608,0.3045260492520505,0.437044129581067,0.1100005576000892,3000380
0,100001.0,50,383,0.0625256019935322,0.3816154784369805,-0.1251134180644786,-0.1449980590784908,-0.0259522550267307,-0.1258147257131696,-0.045525036236007,-0.1285875772663554,0.1404202620645573,3000381
0,100001.0,50,493,0.6208388392662784,-0.799110822839949,0.1465394853403141,-0.621555779028024,-0.0632692628651864,0.00897051985294,-0.1469518528144535,-0.1884980668538326,0.1359240015024414,3000382
0,100001.0,50,502,0.0641232148050632,-0.755333595667808,0.0996748294200364,-0.014314415639444,0.0052596538879251,0.2063773542089171,0.091774248542221,0.1788983419526469,0.1179302299432169,3000383
0,100001.0,50,497,-0.0426638887868068,0.25462484161095,0.1552261182875163,0.1402316975648763,0.0274055061119772,0.429226304315578,-0.2037002011971771,-0.3721604879305261,0.1424527588813303,3000384
0,100001.0,50,532,0.6691418049490182,-0.6479319932281433,0.1438235405244527,-0.6780930838035026,-0.0700692414762691,-0.1168559827705309,-0.1084373652410978,-0.4321300880817768,0.1490201936630508,3000385
0,100001.0,50,495,0.6001649821623903,-0.5097192703658374,0.4254066103064127,-0.4334535547006071,-0.0215751594942208,0.293740218155043,0.6059479005328774,0.6139342157659994,0.1005128613945578,3000386
0,100001.0,50,525,0.1302814266442732,0.4890185807838477,0.4038880237985336,0.0898167557593951,0.0387723263947487,0.8546703321471233,0.1367197175357706,0.0975941112080805,0.1210816925889298,3000387
0,100001.0,50,396,0.2317675101108713,-0.4118540458189701,0.2761544344494191,-0.1018022726932852,0.0072150750559323,0.3795928846357656,0.0348229418569987,0.2354449827894436,0.1154203227184593,3000388
0,100001.0,50,453,-0.3192012968699923,-0.2186508592166308,-0.1067412712111792,0.3011467355435509,0.0281992357450106,0.0176332922094668,0.0128854617001565,0.1968356715821576,0.116609977324263,3000389
0,100001.0,50,334,-0.1689796198040349,0.5208931107377126,0.0996742141635648,0.2514736202971657,0.0368953935626246,0.258731585557437,0.2242437355036815,0.2940175673031728,0.1061668985776128,3000390
0,100001.0,50,420,0.1522974534959723,-0.541309979841781,0.3948942585696989,0.0589332831115896,0.0345583186464871,0.4960663818291623,1.10220113868317,1.1686733309334816,0.0974825976902388,3000391
0,100001.0,50,583,0.3000686361074711,-0.472791785697798,0.7827187132296936,0.1201715133823537,0.0687234950986371,1.4507857808435285,0.6539928213803224,0.4122037127889624,0.1163505049596931,3000392
0,100001.0,50,373,-0.7470286314824564,1.5115989639597749,-0.5373826959989841,0.5361315711875105,0.026105623572956,-0.8631731757223633,0.0452505381706607,0.0757656910648332,0.125384677680596,3000393
0,100001.0,50,441,0.1552883729347431,-1.042036660153388,0.4163296579815302,0.0682681356148112,0.0371453495600834,0.7515074883596986,0.2166527215974367,0.349709707864436,0.1167195536751285,3000394
0,100001.0,50,407,-0.5617005737349198,-0.4897474689026964,-0.1021139508939332,0.5806654146354032,0.0617181870528437,0.3656698052561418,0.2351956944327852,0.2684902886630131,0.1189662035026776,3000395
0,100001.0,50,465,0.0348204564876215,-0.0430761787803054,-0.0416712584738629,-0.0642862757313838,-0.0105148453991039,-0.1960951494921395,0.5600435478117062,0.5966589467577086,0.1107331821617535,3000396
0,100001.0,50,331,0.113765712241051,1.2254802024052618,-0.1764896429337503,-0.2336070413378067,-0.0401491011698363,-0.830146693267673,0.1721767670358416,0.2590087724739673,0.1160195785631325,3000397
0,100001.0,50,434,-0.0731439060105985,-0.2546901756367316,0.3088414009866821,0.2654514773979435,0.0530034727811748,0.9583764566172628,0.4829184972347974,0.691666191024367,0.0990988349362733,3000398
0,100001.0,50,415,0.0077577462457735,0.6338575385760027,0.3653151188869713,0.2063694880960569,0.0499726622112679,1.4362553296859943,0.4423796074383261,0.8897047232941453,0.1048559175222884,3000399
0,100001.0,50,415,0.2123647983111974,-0.2226348826495925,0.3051275902389413,-0.0625041949808537,0.0138989264056091,0.333289256559221,0.7180171337525638,0.9319086239175868,0.0942065350730456,3000400
0,100001.0,50,479,-0.1872716514022361,1.0996609622863998,-0.27199368751912,0.0531517466728623,-0.0126885246373893,-0.7541297707167799,0.1907790081028797,0.1400812562713868,0.1261638493781351,3000401
0,100001.0,50,460,-0.2506801785751115,0.0244747662228499,-0.0193381516101093,0.2745114444099979,0.0311390246026575,0.3229440012366785,0.3646348890955235,0.9219595120107816,0.0949238391008577,3000402
0,100001.0,50,386,-0.1969660785805799,-0.5673188338163303,-0.1603007312945244,0.1303572728181316,0.0042698427689571,-0.1236871538870262,0.4332966187754056,0.2924629818949949,0.1154433854760178,3000403
0,100001.0,50,377,-0.0254906702006068,-0.3059367875948964,0.3962249940385762,0.2623149275093737,0.0588325908453845,0.7831753929090893,0.90690761950113,0.970840140226778,0.1061069882498454,3000404
0,100001.0,50,407,-0.8400356735070208,1.475002911625974,-0.6546498742344451,0.5727400959316586,0.0221880118552439,-0.9099097402949864,-0.5429586692850302,-0.4728829456951435,0.144218568256318,3000405
0,100001.0,50,492,0.0844350388976928,-0.6132440897393743,0.2397194883726413,0.0451265869912362,0.0220568438132885,0.4661092864868468,0.4899711956993289,0.4902611603428842,0.1076023843880986,3000406
0,100001.0,50,447,0.2991338170400638,0.0215164216559373,0.3572612372598213,-0.1305935913948354,0.0094731717386376,0.2839148268136905,0.2342187706553811,0.2642043108322027,0.1196253621065651,3000407
0,100001.0,50,428,0.8857307560509406,-0.1428656218681479,-0.5061400772668407,-1.3086336867767037,-0.1903801776079387,-1.8828500397855172,-0.4314832196090204,-0.548696597028289,0.1479203109815355,3000408
0,100001.0,50,332,-0.8462234174177022,0.8110508582597645,-0.6866815166802416,0.56220671421283,0.0188642353625604,-0.843165155555435,-0.4967531282927362,-0.3443723969978813,0.13397453576025,3000409
0,100001.0,50,480,0.673637356510841,-0.5461320084368363,0.8417377012392548,-0.2717821385900766,0.0265762647859239,0.6935223966323958,0.8622240483891019,0.81915015350327,0.0963067044999818,3000410
0,100001.0,50,456,0.1218993924519679,0.2485573981241186,-0.2940129858898945,-0.3123815156364132,-0.0574932481156934,-0.6495375562242662,-0.0575648711533065,-0.612269811424447,0.1567707358172627,3000411
0,100001.0,50,462,0.2168992341247967,-0.0861194936305061,-0.0429665268682694,-0.2727178231536186,-0.0352724434308883,-0.2599330279162603,0.3254116678466914,0.3610665513048164,0.1148551460385149,3000412
0,100001.0,50,388,0.2887980433162988,-0.3524483904284965,0.1392903357470026,-0.2474982810567251,-0.0196373979425269,-0.0606273225061454,0.0242849959685068,0.0064776530480274,0.1305323958851833,3000413
0,100001.0,50,456,0.6066455953473103,-0.0764065291321109,0.6778281141127159,-0.2922836117286739,0.0127071630302073,0.6821937243595718,0.2215059014099353,0.4782004155728092,0.1070382698533959,3000414
0,100001.0,50,457,0.2345980150434972,-0.0185958871721752,0.3236340158373969,-0.0767607454838361,0.0134994944455354,0.5914829597014014,0.6445590752586567,0.5326601686287742,0.1146665187814256,3000415
0,100001.0,50,464,0.1406381291591556,-0.7387317751043804,0.3383358387805253,0.0391032662478642,0.0282359235348948,0.645729847830683,0.0283660479368018,0.3091412153365191,0.1205855547960811,3000416
0,100001.0,50,432,0.5916267354971508,1.3367716423138205,-0.2470574934673449,-0.8204668571116989,-0.1144402972610536,-0.9477307789676852,-0.2448836756671773,-0.8324936291783644,0.165019976244466,3000417
0,100001.0,50,470,-0.0024502421444215,1.8774231749345285,-0.4716932212486512,-0.2753748775741219,-0.065492105963878,-2.254526483173668,-0.3185098222411743,-0.794882775543443,0.1453713697017268,3000418
0,100001.0,50,459,0.1254253589618439,1.129399565296521,0.1322751642529194,-0.065062933394826,0.0015301845485666,0.1545158782620042,0.1570538222715223,-0.0938433851647638,0.1224091975971675,3000419
0,100001.0,50,545,0.0278975954418856,-1.119399938210882,0.3503156488004073,0.1749976416010238,0.0450854918224692,0.7912543748775999,0.5591302001812666,0.6669645745191415,0.1037172999281013,3000420
0,100001.0,50,460,-0.0895753522097142,-0.2654636606129109,0.3041568677555776,0.2815047386857651,0.0545410072601946,0.5523566879266036,-0.1371630802505267,0.1176878808616779,0.1211407639979068,3000421
0,100001.0,50,494,0.5125826349319076,-0.8942002278956808,0.6635292840113699,-0.1931025129071961,0.0234506371197595,0.620164958944087,0.6620546318547695,0.5193370052991126,0.1157729918890633,3000422
0,100001.0,50,428,0.0983220375802282,-0.6274010791778059,0.1213262767500799,-0.0406620402105369,0.003653115430912,0.3888459039586376,0.0646269232183312,0.4501764389723164,0.104006225131562,3000423
0,100001.0,50,427,0.1057830431566804,-0.2742488830666394,0.1048801001151797,-0.0588662898333347,0.0003479782658208,0.1704654193851253,0.3648521605147003,0.5435520788296242,0.1163282571912013,3000424
0,100001.0,50,484,0.4266238470869233,0.1355352568173138,0.6900844835551,-0.0794889576636207,0.0387393149501705,1.0572834386853247,0.3464201199881845,0.2643582830556683,0.124021375791696,3000425
0,100001.0,50,414,0.6078922100411751,-0.5371741114436683,0.8544337595745466,-0.190120007261961,0.0371316814262975,1.4690235758645538,0.7989878728814251,0.6518369781816619,0.1106342537014806,3000426
0,100001.0,50,455,0.4546551040994355,-0.3624417547059991,0.1666923099762636,-0.4202910057094256,-0.0381163044886297,-0.054369866234493,0.0306801999141293,-0.1269030488443502,0.1310712457025821,3000427
0,100001.0,50,521,-0.2291460705185908,0.4611346906763257,-0.1931193063216435,0.1473197903823312,0.0039400777671011,-0.5156163328395441,0.3527205382684132,0.0071412846407633,0.1256983644521638,3000428
0,100001.0,50,465,-0.4258888752094006,0.4031161037286327,-0.1776103066434959,0.3810052464280376,0.0326918743002526,0.0578945681276851,0.4002305036090819,0.633742148372789,0.1050191012365537,3000429
0,100001.0,50,339,0.2568879955017937,0.8574349790167707,-0.1038391396292917,-0.3542586914609993,-0.0494039148501808,-1.0814152758630131,0.0135920076987822,-0.0008236623322524,0.1190957515081504,3000430
0,100001.0,50,411,-0.2757663888698713,0.7440873935856009,-0.1483090066083011,0.2272336756587563,0.0165815731966071,-0.1210172130892636,0.2933814302683117,-0.0038088085731763,0.1337824873539159,3000431
0,100001.0,50,450,-0.2103816553714816,0.3286906791052323,-0.2548603834272763,0.0897148526951942,-0.0071662694790197,-0.3160571553353748,0.2847122523932767,0.2856760667218316,0.1142560198682647,3000432
0,100001.0,50,459,-0.4379481302735636,-0.2911482281234223,-0.0656790931937817,0.4607791702084387,0.0499516975229196,0.4551645035838462,0.2764749728481145,0.5036445753277167,0.1101930822080076,3000433
0,100001.0,50,539,0.3010993283395854,-0.7098833558544052,0.3060746194245815,-0.1626430755098693,0.0021296865375556,0.3914339136308749,0.7277747172793355,0.624366121813456,0.1123361539737846,3000434
0,100001.0,50,473,0.5453895504464713,-0.9127708222281684,0.3972003580161276,-0.3877607095658594,-0.0181608278166445,0.3481414709230678,0.0768014197428599,0.3569872461725888,0.115741662518666,3000435
0,100001.0,50,500,0.0310533248191464,-0.5079484853219194,-0.2051180042410044,-0.1564306888770623,-0.0327984934858265,-0.4805620692198286,0.2872374940975024,0.3541582400536347,0.1149289099526066,3000436
0,100001.0,50,505,0.6740686241335208,0.2277674024796962,0.2513266623048639,-0.6203818560446459,-0.0558005728886588,-0.0954391076812368,-0.2811840429939088,-0.2525216268044071,0.1300558266784975,3000437
0,100001.0,50,434,0.3083670939597845,-0.493628232872974,0.2729519295324219,-0.1908850442650156,-0.0035558700911621,0.2496326799781646,0.3825255239416942,0.5579229300728212,0.1087886767610269,3000438
0,100001.0,50,458,0.0634956738174258,0.0389637110817777,0.2658996591673487,0.0843558322534384,0.0285398608398754,0.5377883442238,0.6338957130368429,0.7255865439776529,0.1122758999433106,3000439
0,100001.0,50,456,-0.1530415231930566,0.3785429690266108,0.3177415550452823,0.3618914301741314,0.0650094313765678,1.1497067632411988,0.7093049093776221,0.6035835919167724,0.1074724833753726,3000440
0,100001.0,50,368,0.1110425001655953,0.2898505122236087,-0.2178581376692822,-0.2549201696035629,-0.0455055730670944,-0.8134612855777719,0.1572249267341779,-0.1471647885947417,0.1235726433430515,3000441
0,100001.0,50,448,0.7262366035773704,-0.6473499822995881,0.3115892064221494,-0.6446710630959361,-0.0545789135324217,-0.0339792238772348,0.1735359772771934,0.5110224992744045,0.1146021199177345,3000442
0,100001.0,50,384,0.0364750715007193,0.1793147924364364,0.2570738327695501,0.1097285320738288,0.030985863835966,0.6572760054249139,0.6962285255846721,1.241230722780175,0.0936528932560678,3000443
0,100001.0,50,459,0.1540368299991922,-0.9691369477102136,0.3969345509231063,0.0583520016451315,0.0346057120983526,0.6672976241921152,0.4643488086236054,0.4813220736461716,0.1092976025361601,3000444
0,100001.0,50,501,-0.0095593090413308,0.2262932468059168,-0.224525998747934,-0.121569794256796,-0.0300304899801683,-0.4738333090002359,0.1869249349345909,-0.1808938090224835,0.1225920274651916,3000445
0,100001.0,50,413,-0.6015554958571536,1.3700270419747704,-0.3125036258738194,0.5021613274639847,0.0377041363848585,-0.2616262128438131,-0.2378926635225625,-0.2180897669781405,0.1337117346938775,3000446
0,100001.0,50,458,0.3078987199903616,-0.5757865440033771,0.0949581489241209,-0.2951894411662328,-0.0283113060256062,-0.3242107294039363,0.1483528494853379,0.3785122915245528,0.1104389374797538,3000447
0,100001.0,50,458,-0.2136764958647304,-0.122812671835368,-0.1172924654631745,0.1745546761581957,0.0124746692175327,-0.1023342211898432,0.3469951895741022,0.2175225724201647,0.1180304657748266,3000448
0,100001.0,50,504,-0.0956536732178098,-0.4124221239581774,0.1150935439511118,0.1769873460813484,0.0289471763586307,0.169883287484075,0.3451068710318955,0.5296037798818121,0.1026031380294053,3000449
0,100001.0,50,394,0.3388264677337149,-0.2469192888174388,0.1664585132645007,-0.2885557071512173,-0.0226038421788598,0.0304886072195709,0.1587837088662733,0.2907572190743356,0.1178880643166357,3000450
0,100001.0,50,411,-0.5096702331287349,0.1315373743351965,-0.1430732849551644,0.4971605248522084,0.048947686586813,0.2470892344582445,0.2041668346835184,0.4213250963765637,0.1113045747399488,3000451
0,100001.0,50,425,-0.0151338115304896,0.1233386795676617,0.3708057657745914,0.2357619373759269,0.053825228961834,0.9457929945472472,0.7245281242938099,0.7622161972997519,0.1054157687919888,3000452
0,100001.0,50,471,0.1184987897499162,-0.9341049700227184,0.3042593282214209,0.0442845525357861,0.026468073843079,0.5093805565404864,0.4346113259496961,0.4778425499995469,0.1110451606385128,3000453
0,100001.0,50,391,0.2629557059176529,0.041489427622481,-0.2112838789609394,-0.4244286895171393,-0.0651192543796131,-0.5335035305890781,-0.6697993673137814,-0.6689011015397632,0.1565189328743545,3000454
0,100001.0,50,388,0.5218520577026874,-0.4287569715743015,0.4772906306834429,-0.3143970313746073,-0.0039605567658908,0.6132560635039914,0.4254950231016847,0.731466046235028,0.1035289115646258,3000455
0,100001.0,50,431,0.2841497726532785,0.6257199276407602,-0.4939348049333115,-0.6152170749506568,-0.107364611879557,-1.3973915756017738,-0.3276582572862964,-0.2694175787056339,0.1482935870977604,3000456
0,100001.0,50,324,-0.5759805386787549,1.3227448291985495,-0.4352194917866524,0.4016872359351736,0.0173705318925338,-0.6608098150098853,0.1182937732254274,-0.4246757992157724,0.1461767399267399,3000457
0,100001.0,50,408,0.1656415940953964,-0.0973696184654563,-0.6781592026226152,-0.5884385317878079,-0.1171324165893819,-2.130039045885456,-0.0271453569041984,-0.3836839386952482,0.1349871581285575,3000458
0,100001.0,50,449,0.2910126329679622,-0.2242492002775063,-0.2445880641294222,-0.4761197965200616,-0.0734394168036341,-0.8302146770596538,-0.1219699856890169,-0.2424567958880794,0.1355224554276687,3000459
0,100001.0,50,346,-0.2142135144237337,-0.1240855987008156,-0.0383727295517424,0.2219120769077554,0.023703617560427,0.3018239643927851,0.3404363923226399,0.7836754282616271,0.1002325629046799,3000460
0,100001.0,50,425,0.13183101088518,0.1930437107480457,0.257058535301459,0.0010876812518879,0.0180768225403266,0.4415099055961283,0.092788774892713,0.2379761140862626,0.1196971250811882,3000461
0,100001.0,50,490,0.2481543426939712,1.2431638356174022,-0.1381882682270265,-0.3645167422036986,-0.0527420141843099,-1.1347271405040966,-0.4087347918408036,-0.4424879241656834,0.1395211930926216,3000462
0,100001.0,50,412,0.1280260704675954,0.3029579809205639,0.0567684155579463,-0.1126120131289257,-0.0093854138454663,-0.0059614376467142,-0.0400094700341234,0.2851975370669151,0.1070388261687653,3000463
0,100001.0,50,429,0.2175819646092627,-0.4955039423119161,0.0792357141300346,-0.201505661478338,-0.0183410275269433,0.0521188996208836,0.2913408473995252,0.3718711894183747,0.1108244434137291,3000464
0,100001.0,50,457,-0.527557291117932,0.9217488652769728,-0.3460026216702336,0.3977118900581143,0.022927712788449,-0.3340249598763468,-0.1482698745822864,-0.4892834797163952,0.1527531302376022,3000465
0,100001.0,50,461,-0.492907446190947,0.8209243155430104,-0.249782967258039,0.4149026076272152,0.0316720333190172,-0.1274191834613909,-0.2519333921547017,-0.1095379509720431,0.131507148313871,3000466
0,100001.0,50,342,-0.6072515140056713,0.4318999183861352,-0.2958322884514946,0.519104598590702,0.0410486195499666,0.0232926900947593,0.0832529929430354,0.4247751956363021,0.1125233719218681,3000467
0,100001.0,50,598,-0.1310333186087166,-1.0151503329635556,-0.0760110567094101,0.104482435289862,0.0070283831260071,0.0748216885486509,0.4612470490884306,0.8069235840131265,0.1040055291523002,3000468
0,100001.0,50,477,0.4106462828220966,-0.8706363678783785,0.2546258082680359,-0.3181541693892511,-0.0198700975869874,0.3683133827008182,0.1148144862100491,0.3089154120177001,0.1212256128866641,3000469
0,100001.0,50,400,-0.4994194521610217,1.18807395051427,-0.4144120933744944,0.3257171795075932,0.0096842015341268,-0.8151712458045768,-0.8235863951244586,-0.8691309728847921,0.1569801833776989,3000470
0,100001.0,50,515,-0.2157571853190336,-0.4164655943974399,0.1734754245096574,0.3484006205746683,0.0532671860464698,0.7459411737901672,0.3829380720303861,0.7555170799488901,0.0957977207977208,3000471
0,100001.0,50,393,-0.5246350921827064,0.8909897759199803,-0.4413999721042718,0.3386562771672284,0.0093412867423013,-0.668960869055015,0.0427358928609836,0.0224806215624945,0.1295155993431855,3000472
0,100001.0,50,485,0.6535957238299037,-1.4302754879066293,0.501987852376661,-0.4492788605545771,-0.0181148310279434,0.4969418720911178,0.5472515102871274,0.9245517388319194,0.0909171808258187,3000473
0,100001.0,50,420,-0.4446736705686807,0.3050478999681114,-0.3203357252356335,0.3185294376745943,0.0153815876153396,-0.3595681160575411,0.3423701832544623,0.269648669751222,0.1200201955782312,3000474
0,100001.0,50,399,-0.1066733366212995,-0.4335209275888695,0.1873071415407672,0.2320145096462471,0.0406030376701268,0.6654075856242718,-0.0764625395182797,0.1266472290000087,0.1192084942084942,3000475
0,100001.0,50,420,-0.6528329666310753,0.6929619282143119,-0.4058927190721982,0.505581145777882,0.0315752715971975,-0.4088868999843277,0.1025322830108322,0.1068564644486941,0.1176597075611853,3000476
0,100001.0,50,511,-0.0301557043753218,-0.713090731840331,0.1397485110684209,0.1168507871550847,0.0235551257450766,0.4186725002429675,0.1240194171251443,0.249947486674949,0.1231200813658797,3000477
0,100001.0,50,323,-0.0141706699806664,0.3757678242547438,0.1244885196786609,0.089338878423224,0.0193488134163497,0.4223467544865318,0.558757674947858,0.2265600846420811,0.119511915195526,3000478
0,100001.0,50,379,0.2544255857330564,0.5765540910879935,-0.002341494465785,-0.2916866196659342,-0.0347904445186463,-0.600504407556777,0.6024286088857665,0.5371028939153488,0.1032136992728125,3000479
0,100001.0,50,435,-0.0290896090788328,-0.1254534507203801,0.4602541231501396,0.3044400297094543,0.0681901079103512,1.5453076827331838,0.6184423829395823,0.8943205676885395,0.1029867002980967,3000480
0,100001.0,50,467,0.1788120712353259,0.2603516038364026,-0.399505949324253,-0.4395256149509859,-0.0798825906974535,-1.147758552282727,-0.4523212128024673,-0.1559938255235549,0.1245067087608524,3000481
0,100001.0,50,574,0.5079938839857772,-0.583545406269849,0.1708101658517734,-0.4782930272557596,-0.0445407928308785,-0.2077145655491316,0.2933091634123432,0.3535754431465402,0.1097508199708454,3000482
0,100001.0,50,444,-0.503637703914736,0.0772809554925006,-0.0814495425517537,0.5264545712966163,0.0566530849384786,0.2022365988918892,0.5437739171793882,0.72722562063924,0.1037192363856537,3000483
0,100001.0,50,464,0.8961875428340056,-0.5470966513557955,0.599350699167884,-0.6687133384678123,-0.0373107164854139,0.1598736965275481,-0.0383409143865962,0.2286085991970122,0.1198797700898541,3000484
0,100001.0,50,388,0.3056743684960029,-0.5050655527201068,0.2974204036969021,-0.1736492493872868,0.0001740904072919,0.1917891748586993,0.1183902747886857,0.2155727390681794,0.1182377712989957,3000485
0,100001.0,50,452,-0.0101300856829705,-0.5068867734842999,-0.3555527396091808,-0.1980608114988497,-0.0482607763310413,-0.62490992872372,0.1494401672528455,0.0293726741640957,0.128076607527433,3000486
0,100001.0,50,463,0.4873588686725527,0.3870682478760418,0.2499703883741689,-0.4084539917881815,-0.0308932917734324,0.0859667636199383,0.0065973444168437,-0.0152264380528932,0.1290883348413257,3000487
0,100001.0,50,531,0.8337735360937347,0.1949178309047919,0.0377655471614403,-0.9284172799206688,-0.107034597576147,-0.8385741106696809,-0.0947257389157127,-0.3899128762276968,0.1393260694108151,3000488
0,100001.0,50,456,-0.6055627309878598,1.4509239289721696,-0.4361217008541086,0.4335557069875646,0.0208824007839072,-0.5146138851408156,-0.1343941174990176,0.2614393413415272,0.1210510382163336,3000489
0,100001.0,50,414,-0.0646918951817824,0.3213744135056648,-0.3743419150111006,-0.1467322095285305,-0.0435351018831612,-0.6006992566984898,-0.0947745535057737,-0.2868361378423719,0.1381535471331389,3000490
0,100001.0,50,405,-0.1600904082412117,0.5844238016973597,-0.1777243013292173,0.0779592776447801,-0.0031687100965726,-0.3158399521339322,-0.0387214484682425,-0.1229017258706225,0.1291583107231332,3000491
0,100001.0,50,383,-0.0318907996714735,-0.2367698258048854,0.1455879038944602,0.1220971859867712,0.0246647833196622,0.1615676617112127,0.1992844482632794,-0.0278300371346197,0.1191138131899466,3000492
0,100001.0,50,509,0.1461650817025222,0.1418295991366865,-0.2686247974298336,-0.3251839285119892,-0.0571659083173373,-0.6304261577260016,0.1360287956389452,0.1882968100398646,0.1192447993690229,3000493
0,100001.0,50,459,-0.2485674410263529,0.0639887202315636,-0.1905502517322547,0.1711534387459944,0.0069593970333846,-0.0901190132620182,-0.393537563788205,-0.2179151394736214,0.135520033701554,3000494
0,100001.0,50,349,-0.0872863084966924,0.1454187611783404,-0.1331238349760255,0.0213155208727123,-0.0067750025141234,-0.289473102432414,0.3309816130493067,0.5367295920121214,0.1065513161786453,3000495
0,100001.0,50,446,-0.1789079225166894,0.0289481041146895,-0.0883147149842976,0.1520063384347793,0.0118339727777405,-0.1136908406337078,0.1495865421113175,0.0868279984911381,0.1178587940030381,3000496
0,100001.0,50,423,-0.2722732236442265,-0.1406466038757571,-0.0220199172263105,0.2976208949857743,0.0337301519044941,0.3783761450064833,0.2732120933872064,0.508463003532092,0.1121160585446299,3000497
0,100001.0,50,556,0.3195593674219761,-0.975831161512742,0.4179212636759369,-0.1175992229700159,0.0152470418746784,0.5157265379383199,0.2639176296054076,0.4990238076464591,0.1121591493740353,3000498
0,100001.0,50,521,-0.1774381615337695,-0.5919588997897051,-0.3345695827421001,0.0048791245429539,-0.022752653026796,-0.2786016962461429,0.0883924023523172,0.121504712864981,0.1228375965770923,3000499
