start,end,N,SS,ZngE,FayH,bsfs,FerL,FulD,TajD,Colless,btree,Omega,path
0,100001.0,50,451,-0.3061905968737671,0.0493187849280889,0.2894097817353993,0.3829199790793882,-0.862102930993124,0.0571293279461501,0.115155152970279,0.4993692459578793,0.2845983015035439,3120000
0,100001.0,50,420,-0.2424617829652117,-0.0377102174155478,-0.9113720392999416,-0.020802850348109,0.6224321048968211,-0.5047496224486326,0.145612616631352,-0.4840544487734536,-0.4680280957331538,3120001
0,100001.0,50,420,-0.2439486350799432,0.0259468809381605,0.3493240609664841,0.2486140277360967,-0.1886608632543262,-0.05036483418607,0.1289923469387755,0.0408738640679249,-0.063418662591414,3120002
0,100001.0,50,424,0.0510382339272142,-0.1110825213885942,-3.684195322047948,-0.4978363400923764,1.4938269903555004,-0.746069729794849,0.1466310751104565,-1.0456762273411426,-0.6320199403966865,3120003
0,100001.0,50,384,0.1947864908687871,0.0510303667261637,1.3623029407994975,0.1038556397837462,-0.784412690445641,0.5539176318234812,0.1109263325583398,0.402774591490513,0.4615771050145433,3120004
0,100001.0,50,319,0.2023599456480343,-0.0897833875758964,-0.7616781983535245,-0.4924307378577825,-0.5051871036657518,-0.4448864762291364,0.1195079942805147,0.2844588362473628,-0.2395543533825951,3120005
0,100001.0,50,417,0.3410493010751213,-0.0243440027835827,0.0641352934101289,-0.2972276015507141,-0.5925324326607604,0.1558774132240208,0.1269638807904114,-0.0548686001698698,-0.0534792488731265,3120006
0,100001.0,50,468,-0.0340176259059911,0.0126551744162456,0.2862971477501245,0.0728768150314306,0.094421372196024,0.057790257146779,0.134937813509242,-0.0524904999882994,-0.1128978379614802,3120007
0,100001.0,50,379,-0.7011643675778035,0.0208261446823966,-0.5698097306706095,0.4877430502461551,0.6546625933793679,-0.5305462560835301,0.1197955622039391,0.1251744618227589,0.0467766261833004,3120008
0,100001.0,50,395,-0.2249467836628063,0.0014962631041249,-0.1526602517037188,0.1346300342661578,0.4575382408908661,-0.2072022888529895,0.1225774754346182,0.2122469000391817,0.1822192319470787,3120009
0,100001.0,50,473,0.6631120098397371,-0.0418255857616826,0.0262222182452612,-0.5549083959897445,-0.7874318629374346,0.3414373108214747,0.1167482299042066,0.1418520192056628,0.228444991807052,3120010
0,100001.0,50,413,-0.206265398328668,-0.0976415295102139,-1.9322104769959143,-0.2941847765771577,0.5452714560700066,-0.8988045887872721,0.1749141404134469,-1.181225914547802,-0.8336725645979084,3120011
0,100001.0,50,382,0.0234279283768276,-0.0221919467186656,-0.6657227828199413,-0.1068478596752402,0.2362220273307887,-0.1360902994122373,0.1341022968327115,-0.1883223938696771,0.13067837679299,3120012
0,100001.0,50,471,0.4744716821370947,-0.0691166576167726,-0.4918817053923226,-0.5626655421798125,-0.1474280708186952,-0.0365098389570467,0.1203351397055997,-0.0960109711307398,-0.369701235367855,3120013
0,100001.0,50,466,0.7375109065610685,-0.1371746801161868,-1.630132836574815,-1.0002095456847664,0.5860043821748333,-0.2697391574460989,0.148970398970399,-0.6618166132979484,-0.2557878727829558,3120014
0,100001.0,50,487,0.3933982882021875,-0.0124036168427571,0.2412302761258805,-0.2767646554816489,-0.8291898543858847,0.2913753395803368,0.1187450941915227,0.1653261397034479,-0.0630633807839785,3120015
0,100001.0,50,425,-0.2157407941278791,0.0147634005626052,-0.0518187577319911,0.185350057952796,0.8900940225518816,-0.1031030931526129,0.1327875783081594,-0.1312854873902123,-0.2743680557669696,3120016
0,100001.0,50,353,-0.390132586968154,0.0043824888948562,-0.2649693266279473,0.2410512646718935,0.1484329059088975,-0.3470980452415822,0.1229385693671407,-0.0019438729214095,-0.2233002353551336,3120017
0,100001.0,50,386,0.0405045045475343,-0.0482457234180934,-0.4005131621138412,-0.2263755434107093,0.1229933852903401,-0.3060020042071066,0.1752593012513647,-0.6947739665325762,-0.287000768042792,3120018
0,100001.0,50,392,0.0101847430339198,0.0084174309943772,0.0862269286106635,0.0296632950142883,0.7505722706532743,0.0701100611169267,0.1451508234872896,-0.4939050954960631,0.0606266117964706,3120019
0,100001.0,50,408,-0.0913702766492777,-0.0849419022712343,-1.8931038621963787,-0.306084793771244,0.7737258704754945,-0.6965885017423864,0.1470262390670554,-0.5892315191477357,-0.509831676011427,3120020
0,100001.0,50,362,-0.0176125840368818,0.0566736948647141,1.164366526387164,0.248557269358482,-0.1413738721876993,0.3882714233713519,0.1075108405935473,0.3506222406101992,0.3791779236129119,3120021
0,100001.0,50,442,0.1762301265957513,-0.1197250790774725,-3.4917197575298218,-0.6060213231692908,1.4668390137094025,-0.6870996005763401,0.1525052328623757,-0.7431633902642958,-0.6078631156866312,3120022
0,100001.0,50,323,0.0637413519657441,-0.0341271233392157,-0.3183970824222951,-0.1796895847193538,-0.585445575034436,-0.1819414545709236,0.1169521379980563,0.0814276222955169,0.1712717966602259,3120023
0,100001.0,50,415,0.6674650427949529,-0.1634263108921828,-1.59063020898149,-1.0700854098663517,0.7052319070114692,-0.523892982237819,0.1642771032463618,-1.125800028084441,-1.191174043080951,3120024
0,100001.0,50,396,-0.5496171346440492,-0.0402287340884549,-1.6017751748574405,0.1439699887899123,1.3454029966551886,-0.8203495431090116,0.1462021894850655,-0.5429758568587891,-0.5066458602524418,3120025
0,100001.0,50,428,-0.0914150030151242,-0.0422909259388516,-0.5849481554204938,-0.1263378249927622,0.09940210678668,-0.3913489657187857,0.1368638364436683,-0.0602151648116239,-0.3601788231940176,3120026
0,100001.0,50,383,0.0967108508722414,-0.0613400903723884,-0.9771761680282413,-0.3135763931683601,1.231895271769545,-0.3452081059415833,0.1722639055622248,-1.2360443109511974,-0.5578166135920638,3120027
0,100001.0,50,393,-0.683353499148707,-0.0232629836351516,-1.7029700292782215,0.2917907773340843,1.7197739634575713,-0.8285144564353731,0.1475441367022999,-0.5091676371516367,-0.9966081421374076,3120028
0,100001.0,50,565,-0.0018364640427044,-0.0198021222634697,-0.3012996279689963,-0.0828357602545032,-0.0414241229781152,-0.1438312727729499,0.1284404975379273,0.004138328539353,0.1473083338451525,3120029
0,100001.0,50,481,-0.034790390989703,0.0223792514684909,0.2418092329223033,0.1144443385689235,0.3110056778094635,0.1267616860173239,0.1113903272751886,0.4481699102712697,0.0551256396460546,3120030
0,100001.0,50,481,0.3802434419411366,-0.0441267172932666,-0.2339315642889083,-0.403365905913233,0.0336585984118197,0.0513434053793068,0.138804804218338,-0.2544546188342605,-0.3816950397104849,3120031
0,100001.0,50,417,0.4136717063215908,-0.0800938747603569,-0.8939888744369668,-0.5738326633061761,-0.1663276236689238,-0.1729961342858026,0.119147074034292,-0.1030488170176334,-0.1420701444722872,3120032
0,100001.0,50,428,-0.1184160434075398,-0.0411784221035199,-0.6776877195353621,-0.106242474772757,0.237840808875154,-0.409515513768355,0.1494656238129769,-0.6904879093311069,-0.5666440435096701,3120033
0,100001.0,50,430,0.3973154345402333,-0.0594263666473769,-0.2727143885255789,-0.4774215865006171,-0.2264180338255424,-0.0410648368537044,0.1292471042471042,-0.1093452972164589,-0.2060479693730284,3120034
0,100001.0,50,497,0.9449841535245932,-0.0548110122239545,0.2587867378646787,-0.7706319837686739,-0.4016210166856059,0.5203861513493029,0.1294997165532879,-0.0841275423703465,-0.0527548402145472,3120035
0,100001.0,50,380,0.297330745121998,-0.0625182327605335,-0.4781456572561117,-0.4329612333177339,-0.1737016945129314,-0.1591701523678187,0.1232893157262905,-0.0918456352485697,-0.3503583767350274,3120036
0,100001.0,50,491,0.0118640083009464,-0.067825187813736,-1.29995086559132,-0.2935689495798206,0.7810549070198199,-0.4747095395937184,0.1582774313429075,-0.754978055347456,-0.2434917845952015,3120037
0,100001.0,50,499,0.2976863531594125,-0.054354293660609,-0.5682096701279005,-0.3996278130105988,0.4483754396698163,-0.1019583990229825,0.1358383132258428,-0.1181392481565095,-0.26583414183244,3120038
0,100001.0,50,419,0.1786544636339752,-0.0928001920547204,-1.095651131199183,-0.49341078347545,0.3843252685475283,-0.4915400273988906,0.1440931023572219,-0.464777429805121,-0.72204547292251,3120039
0,100001.0,50,345,0.1034064586681087,-0.0330444466360973,-0.4087038737448191,-0.1979507148489096,0.5282079219076471,-0.1359130907652534,0.1315350214159738,0.006768476609648,-0.1348915240042849,3120040
0,100001.0,50,481,-0.0009631820360925,0.0289428023226437,0.3311693444421563,0.1229018960035853,-0.1512394545199432,0.2065068326559207,0.1024621902332361,0.7265085785223281,0.4482385988898192,3120041
0,100001.0,50,409,0.3446502027920406,0.0221041564038475,0.8331802208402765,-0.1033763282324666,-0.3586327401557129,0.4919912194185843,0.0956888779608228,0.82126106125698,0.558910976771402,3120042
0,100001.0,50,521,-0.1732293782443076,0.0298551616332809,0.2713314782395276,0.225108190200081,0.6319066242654118,0.0467281318334768,0.1159675851907583,0.2319537944819466,0.3098626795207314,3120043
0,100001.0,50,466,-0.0926977607803165,-0.0889378280992064,-2.47577971824372,-0.3229474193572036,1.699104444708886,-0.7269474420242265,0.1562777284826974,-0.5572811828811374,-0.6116710659458375,3120044
0,100001.0,50,486,-0.1667351784064055,-0.037183278709997,-0.7894454462725891,-0.0621356850294064,1.0059500280820568,-0.4276949170210727,0.1641874527588813,-0.7406883887233888,-0.5735599034748566,3120045
0,100001.0,50,427,0.009964557485528,-0.0927599336321004,-3.125060246692903,-0.3971373789394324,1.9112365723454372,-0.6546522017909729,0.1564469346020617,-0.999962971443629,-0.7318326344045912,3120046
0,100001.0,50,392,0.4175219086439012,-0.0295342409915305,-0.0843453840591886,-0.362650048195722,-0.3069173667485982,0.1931241617942873,0.1230372285900661,0.0939207669363179,-0.0387114276101236,3120047
0,100001.0,50,504,0.605739353816136,-0.0358138405029484,0.1086436199314542,-0.4968725876153406,-1.0301824260916708,0.3286020705310491,0.1178729631387438,0.3418455452028894,0.2642256172668187,3120048
0,100001.0,50,484,-0.0356591969677135,0.031239807733993,0.4767143273403112,0.1524078219843028,0.0130299048938136,0.1894376116636536,0.1243488824101069,0.1888165039098721,0.3087289459453665,3120049
0,100001.0,50,373,-0.0612083479191518,0.0400503548606258,0.726198774113217,0.2035612857268833,-0.2342413349981143,0.2271917057988075,0.109770682466535,0.4766361725888179,0.1515312695105357,3120050
0,100001.0,50,410,-0.6244012781003688,0.0355751697731823,-0.5009692750062714,0.5062012190765938,1.151235608290878,-0.3499282921903393,0.1193764798737174,0.2804290390320982,0.1689763308069809,3120051
0,100001.0,50,485,-0.6078405897856641,0.0353455023554453,-0.2655774972507125,0.4960375908723253,0.9842428184734988,-0.3342550830399526,0.1149634096062667,0.249306356305956,0.1358185238416914,3120052
0,100001.0,50,483,-0.0085921987920517,0.0047257428358516,-0.1443604286976501,0.0248781774737698,0.695044873634346,0.0255647492637305,0.1229471586614443,-0.0153433775727333,-0.0302751926885661,3120053
0,100001.0,50,407,0.1521561146612953,-0.0369164041675318,-0.4024939480358433,-0.2424655339131015,0.2015535909129462,-0.1169349703933103,0.1584336298622012,-0.663088351361304,-0.2047915411052618,3120054
0,100001.0,50,415,0.0295724687086315,-0.0370583787184683,-0.297541997271202,-0.1731876101578613,0.169924143745472,-0.2367058295697268,0.1374597743288932,-0.1214532020228184,0.0149368849859984,3120055
0,100001.0,50,423,-0.2567701649871982,0.0459847751408015,0.3617706790111057,0.3404862421806641,0.0344349517213172,0.0807422366302582,0.1150732031943212,0.2741443805257852,0.0661393994984421,3120056
0,100001.0,50,474,0.6439861974222455,-0.0423285164630266,0.1244744226765028,-0.5461313587557259,-0.4487705683713171,0.3193234125347171,0.1141350322512424,0.2704336189433879,0.0103123355519292,3120057
0,100001.0,50,403,0.3058276005389262,-0.0120590264015221,0.3654154550015226,-0.22529838000876,-0.6088839572517458,0.2098727432688105,0.1152210884353741,0.4102221579465629,0.3414796425638375,3120058
0,100001.0,50,423,-0.021271321578054,-0.026034088842735,-0.4484494932530696,-0.0977171912061526,-0.0706139816369274,-0.2070203789119052,0.1425259057111216,-0.3105428118488464,-0.1651501098702752,3120059
0,100001.0,50,425,0.196495532748075,-0.1247340484562844,-2.726029144005617,-0.6384239757067911,1.2386191784537994,-0.703050028867205,0.1710768158194955,-1.148648869081957,-1.0889270261020216,3120060
0,100001.0,50,456,-0.1153314225434894,0.0197272041447974,0.005772091895389,0.1491038950264323,0.4760321472034799,0.029783723994966,0.1325402610023601,4.086348320994524e-05,0.1612376136713484,3120061
0,100001.0,50,500,0.2758785839938091,-0.0525572729668906,-0.3430805461595046,-0.3795981315409159,0.2036825708509607,-0.1101612480040584,0.1432746522032236,-0.2813071143792461,-0.2551214643214921,3120062
0,100001.0,50,419,0.178654463633975,-0.007060358540901,0.2146848809590547,-0.1316886157473555,0.4550223981580687,0.1223996173332946,0.1237640404999208,0.4170674592180159,0.3662627343384375,3120063
0,100001.0,50,357,0.0810837570800461,-0.0983133595192163,-1.7560088496623678,-0.4599075472520789,0.9802565443063508,-0.6244484681035556,0.14420057964014,-0.5756985772568426,-0.3945444143190625,3120064
0,100001.0,50,481,0.3002290823008648,0.0632487627763812,1.5261093675241428,0.0961789820740661,-0.6134845868493497,0.7435664968790777,0.0869662000926024,1.4367478776725378,1.0287348695344338,3120065
0,100001.0,50,381,0.2974721113613971,-0.0137667986426771,-0.043726923515381,-0.2276998895198231,0.711680208624537,0.1897817289562666,0.1124369102479701,0.2502115170453194,0.1108962451924816,3120066
0,100001.0,50,416,0.0483458687061171,-0.0479284398259935,-0.4645246620682512,-0.2297555394045794,0.1616052357423932,-0.2963662714243483,0.1304432601065904,-0.0942457826230683,-0.1017585273657509,3120067
0,100001.0,50,464,0.1116563050842059,0.012043931301611,0.4393956362598087,-0.0127849381205062,-0.0680088419843322,0.1942835858946839,0.1262626262626262,0.3024606250203752,0.2630625216735586,3120068
0,100001.0,50,388,-0.2705315912110333,-0.0043609647026622,-0.6441849245243739,0.1359591940383723,1.0974146513418026,-0.2933325998102357,0.126115200178432,0.1630147765259863,0.1625202178315407,3120069
0,100001.0,50,440,-0.0887412874210295,-0.0085802900618818,-0.479914426391876,0.0143856203948368,-0.0941127132693658,-0.147327013794513,0.0996266799402687,0.717787112858244,0.5435721865590596,3120070
0,100001.0,50,461,0.8874638429625562,-0.0519175236274731,0.2878024086141029,-0.7254424403095294,-0.3684734490998397,0.4863184490904796,0.1190654272180076,0.4524990590314784,0.470489971656979,3120071
0,100001.0,50,527,0.402799394111119,0.0555831680031564,1.1198367335268982,0.0056054428566217,-1.2699867298380023,0.787689285354116,0.1043690401924962,0.6027607061020732,0.9036134142002834,3120072
0,100001.0,50,448,0.3522748672099569,-0.0777114484904389,-0.8429523480291041,-0.5290899664895448,1.5024200751914971,-0.2159110432891321,0.1566658370665339,-0.9603751569944956,-0.4733840281493564,3120073
0,100001.0,50,477,0.2342097451737775,-0.0055851467745397,-0.0291554709308247,-0.1571626117645406,0.4655189290831953,0.1864165706120383,0.1140113503965122,0.5216392643391915,0.2230744496340738,3120074
0,100001.0,50,603,0.6452761664406401,-0.1081002831118256,-0.4324815598020236,-0.8260668969138469,-0.5665648004448007,-0.1531113974706635,0.1468459521213065,-0.4058697064879893,-0.2537475281085757,3120075
0,100001.0,50,466,-0.0900131733353965,0.001565143463372,0.099074573539605,0.057944592284781,-0.1454613732046886,-0.0758325832871054,0.131366182836771,0.070080452811328,0.1461610635772023,3120076
0,100001.0,50,380,-0.13903811156822,-0.0242998078429483,-0.8348243545480087,-0.0230289284668858,1.1117197304677804,-0.3086192728974252,0.1536260932944606,-0.7773169575268247,-0.3914121491433471,3120077
0,100001.0,50,481,0.4114685578983154,-0.0455517449118688,-0.4231854629891171,-0.4271954449308943,-0.3669538496069996,0.0713174263354728,0.1368434761291904,-0.3839033008934097,-0.3087475523515376,3120078
0,100001.0,50,424,0.0679783902801811,0.0213053520265641,0.7034868168242092,0.0511274222186494,-0.1830156347315916,0.2183714392157013,0.1053847919535912,0.5320525844932409,0.2831610587958896,3120079
0,100001.0,50,417,1.002137794195044,-0.1384919466407344,-0.4084556127044562,-1.1558426468874818,-0.8411519045726648,-0.021417988611699,0.125996256490762,-0.011065993556352,-0.1835620187254951,3120080
0,100001.0,50,407,-0.5785693676605017,0.0463342775615864,0.1839478418096209,0.525415621111286,0.2015535909129467,-0.2285826904297014,0.111343163639082,0.4453485786102109,0.2917833269945999,3120081
0,100001.0,50,393,-0.3444897002762955,-0.0467322146316788,-2.4922279444263693,-0.0004304633179439,1.945806014604186,-0.6682008397513859,0.1381357775668407,-0.3210990846486195,-0.3306913194826534,3120082
0,100001.0,50,443,0.4580914951306675,-0.0559502403658548,-0.1966952535107274,-0.497504293980364,-0.0823348077183514,0.0424337573925525,0.1464018747033697,-0.5610600850210032,-0.6389723058119794,3120083
0,100001.0,50,433,-0.1311062746752311,-0.0728805998165943,-0.9361926158968854,-0.2328513494958182,-0.2134584463569617,-0.6488632966630345,0.1399272144090796,-0.19604431976161,-0.4754932244730113,3120084
0,100001.0,50,372,-0.1862563383432662,0.010731842881325,-0.2025613885021967,0.151453494407041,-0.3055924796932048,-0.1037814331700834,0.1152501373220095,0.3913016537449882,-0.0093273539351783,3120085
0,100001.0,50,441,0.086555338603446,-0.0481258548722169,-0.3810815515748352,-0.252558855298842,-0.7060833834143329,-0.2609795726816902,0.1241725389707452,0.2544588284466484,0.0160602020473023,3120086
0,100001.0,50,508,0.224667826828414,-0.0485119644323924,-0.5332331279868315,-0.3333274816108953,0.002661019740437,-0.1307161934695486,0.1294929599746875,0.0044172399680897,-0.123404264001354,3120087
0,100001.0,50,451,-0.0615188407532162,0.0415619515918963,0.6736173041230776,0.2106227163821218,0.8134830927342255,0.2382454931039057,0.1283476548514142,-0.0434574308895541,-0.0631879830730507,3120088
0,100001.0,50,508,0.4194589775736467,-0.0149942446581007,0.3169304336201785,-0.3025951526401114,-0.6102594536119892,0.2978158816992266,0.1282809927624017,0.1289315554479952,-0.1243421721116357,3120089
0,100001.0,50,436,-0.0253628050288658,-0.0443565641456608,-0.7069804460608154,-0.1727822674572501,0.7507174920090371,-0.3422479739936672,0.1349249956392813,-0.0884442050469887,-0.1579644103404686,3120090
0,100001.0,50,449,0.2993665557708878,-0.0960014496158104,-0.6458569226626717,-0.5761695391481958,-0.2572493436133963,-0.3981397514882556,0.1247649059623849,-0.0778674341954646,-0.1540793993791849,3120091
0,100001.0,50,490,0.3631287167892643,-0.0692660996316545,-0.722447104693495,-0.4999473149771259,0.970884377249626,-0.1454984468825242,0.1341778090546563,-0.193194204682211,-0.4506271824217437,3120092
0,100001.0,50,488,0.885212604923,-0.1621755351506786,-1.188529690199929,-1.190472811352997,-0.0748357715869503,-0.3067643199265339,0.1818130805621741,-1.047359743214917,-0.8333483448892535,3120093
0,100001.0,50,358,-0.112109372500899,-0.0401173280399654,-0.5454286643793463,-0.1048280115814674,0.0591165522148754,-0.395636126985705,0.1386003806284418,-0.188429233252191,-0.293139601804096,3120094
0,100001.0,50,410,0.131518679322565,-0.0429224842991556,-0.6449733109324002,-0.2560405640985022,0.8983977616805214,-0.1799445970639601,0.1535518053375196,-0.9071042002777624,-0.534398963557352,3120095
0,100001.0,50,421,-0.4658047237542267,-0.03410715232413,-1.5773087811635638,0.1217829171860999,1.3519577813875885,-0.6951549379281412,0.1631697622869372,-0.8652674446027234,-0.5503219259974554,3120096
0,100001.0,50,483,-0.0183102310792215,-0.069201373272331,-1.07048657978104,-0.2821172855867324,0.9098707564498244,-0.5136920586200215,0.1617838246409675,-0.7248845386740046,-0.4072209333955034,3120097
0,100001.0,50,425,-0.0136641633063329,-0.0270556398900273,-0.4422030918305215,-0.1063749549643636,1.5174393031753344,-0.2069778151279521,0.1295274866703438,-0.1157938063367302,-0.3437618591976965,3120098
0,100001.0,50,421,-0.4287202441361484,0.0703640499029325,0.9144751648055852,0.5414102281473621,0.4372347899005302,0.0888359010550204,0.1176367194922661,0.382417136124469,0.4364587651519623,3120099
0,100001.0,50,329,0.1869786939781988,0.0019508820510412,0.1755378603214392,-0.0985177205954846,-1.2639992357923495,0.1954803966734028,0.1051750828536542,0.5324118923882394,0.2150660873576671,3120100
0,100001.0,50,405,0.2243813134358958,-0.0218140674016684,0.0622372550753629,-0.2199737535478643,0.620986614550603,0.0611427935805806,0.1009130925097311,0.4984296544803923,0.2197614002431322,3120101
0,100001.0,50,436,0.1451840022384625,-0.0348687361242823,-0.1619109060677777,-0.2299995510314275,-0.9142213999007268,-0.1092536101112513,0.1559792337987826,-0.5531652880500376,-0.6269501707684987,3120102
0,100001.0,50,358,0.1809682990335062,-0.1341741585268927,-2.10857359605321,-0.6678097413764905,0.6377209329767979,-0.784060164053461,0.1475850340136054,-0.6021906295752136,-0.5305279225479406,3120103
0,100001.0,50,457,-0.0842209909450359,-0.0547220885953122,-0.8253382715791968,-0.1831355064815973,0.4677893296118671,-0.4735348107567925,0.13562508336668,-0.0983388413233665,-0.1329251483405854,3120104
0,100001.0,50,416,-0.5347568949729924,0.0532700579502319,0.0274855783569663,0.5297351215735406,-0.0520062998379814,-0.1363174651058273,0.0975975555057187,0.8178662802457657,0.5409600449970682,3120105
0,100001.0,50,480,0.5315321733221625,0.0093066168109521,0.6661982031375616,-0.2637532360035466,-0.4226112009424161,0.5805794225367645,0.1102222442375008,0.7331484616446129,0.3869407711923432,3120106
0,100001.0,50,419,0.340356499794985,-0.0539037419195736,-0.5987008059753547,-0.4215457899152577,0.7731594814054994,-0.056478548567007,0.134922406462585,-0.2139232439722037,-0.1978347995317249,3120107
0,100001.0,50,414,0.1713157560903987,0.0125213380908099,0.5816752008584936,-0.0449033535474935,-0.143672704175224,0.2555231575954353,0.103391356542617,0.5400556946208954,0.1210907575077932,3120108
0,100001.0,50,435,-0.1432840411087614,0.0084694225558052,0.0180805658104036,0.1174725155271746,0.6578345165191243,-0.0779974592358075,0.1108018965161822,0.3677575860366425,0.258559301375262,3120109
0,100001.0,50,381,-0.4969309568808514,0.0612281250643727,0.4674307409987098,0.5414117622935286,0.0900704491752115,-0.0434805047554572,0.10878395944365,0.7277399230478858,0.3657094362058765,3120110
0,100001.0,50,436,0.1029055920335364,0.0086203694594238,0.2344306648870052,-0.0223008116571635,0.1051289420848437,0.1613249636593401,0.1088991152016362,0.4747933914818998,0.0951683424195888,3120111
0,100001.0,50,484,-0.1332882034743573,0.0317281477387674,0.5610010119873164,0.2101423779348035,-0.5076178407810618,0.0985586414102,0.1102353497452792,0.5477884881106346,0.473846376653414,3120112
0,100001.0,50,396,0.0301198598515373,-0.0164258091698885,-0.2434074596087301,-0.0864167925243796,0.2611380130009201,-0.0883905610401397,0.1127315706156676,0.1519216382112921,-0.1656925615238572,3120113
0,100001.0,50,397,0.0568461782541511,-0.085733033846059,-1.6657202746833837,-0.393807384870794,0.9980927099217088,-0.5585800961063466,0.1507421150278293,-0.6540287330697537,-0.1354707232149546,3120114
0,100001.0,50,463,0.3421415211015607,-0.1049540514427447,-1.382514439413795,-0.6385582855645562,0.3870682478760417,-0.4211480643236809,0.1238592998174879,-0.2877468016546792,-0.3842960592138622,3120115
0,100001.0,50,430,0.4082117192046884,-0.0612797593431323,-0.1779429905113234,-0.4914586357710941,-0.2953173408473913,-0.043792686968447,0.1214515535944107,0.0911255044032237,-0.2019686221002673,3120116
0,100001.0,50,427,0.3661752637592009,-0.1549531400506218,-2.6306851449870985,-0.8627670074396269,1.1133609298934093,-0.7552680725143821,0.1894557823129251,-1.298743375170564,-0.6775255762603295,3120117
0,100001.0,50,460,-0.0168402618253367,0.0047861018484047,0.226589712118918,0.0298236757368135,-0.2976790413724396,0.0180053918009365,0.1201354843613422,0.2061736804260439,0.0221464012187452,3120118
0,100001.0,50,378,-0.0014238975053971,0.0093639766551915,0.1002180061223539,0.0402503149254446,-0.2746790642455424,0.0656181480534913,0.1308253821008922,0.0052372567056063,0.0718529417890492,3120119
0,100001.0,50,377,0.205970902213744,-0.0255684809308249,-0.4315557258889773,-0.2251923773772126,0.7933442891328447,0.0167006059741468,0.1149148470577042,0.1793460451310155,-0.0919449541559531,3120120
0,100001.0,50,346,0.0609483638798572,-0.0174555470337905,-0.3038148187372682,-0.108179200015621,0.6881973937440873,-0.0656640421228236,0.1442704668074126,-0.3970007048276033,-0.1132466955128478,3120121
0,100001.0,50,478,0.0616528661229524,0.0100661179938487,0.2759368455671998,0.0073932844309476,0.984806407480728,0.1317502295807855,0.12356968428397,-0.0762794349561824,-0.3384669149724833,3120122
0,100001.0,50,449,0.4594834094936247,-0.0928051616340855,-1.0481462089089029,-0.6539860056367442,0.5677542397838443,-0.2203430608622379,0.1125962360992301,0.3417891383804576,0.1208994682226522,3120123
0,100001.0,50,368,0.1186608398492544,-0.012932100131411,-0.1474856074718002,-0.1221428944584192,0.6919862267708701,0.0225369511168065,0.1186067019400352,0.0114784724316992,0.2355845747911312,3120124
0,100001.0,50,440,0.2201838475886582,-0.0744213530680393,-0.5689827771089581,-0.4397837633846415,0.1079147189929466,-0.3200261099719428,0.1233847606028057,0.1250549222019529,-0.1817506595679809,3120125
0,100001.0,50,420,-0.6498592624016124,0.0496826084031279,-0.0353188887067771,0.580279706032405,0.93981630982553,-0.2733542266012885,0.1060628274298225,0.6347827044907973,0.3176799306439416,3120126
0,100001.0,50,512,0.4060956937047241,-0.1430195927994181,-2.4077653278499933,-0.8366429406732395,0.6429692389105848,-0.6330588417800114,0.1411678004535147,-0.5190239162760172,-0.5185543024213861,3120127
0,100001.0,50,426,-0.1301198487925243,-0.0274914696911555,-0.4472178227757488,-0.0417959095859225,0.3587209243439698,-0.3228228065263424,0.1403692905733722,-0.4092712600695386,-0.055148333969722,3120128
0,100001.0,50,411,0.0879996546366077,0.0124485051500792,0.2232988514385808,0.0023061862904036,-0.3008508745474418,0.1743349867246011,0.1054220504769955,0.5257006401198092,0.437924883966704,3120129
0,100001.0,50,525,0.3015444624759323,-0.0192350353701598,-0.2432808550803362,-0.2533288087951453,1.110434753794204,0.1533616149021507,0.1529334738590271,-0.7581931064052504,-0.2684918890804947,3120130
0,100001.0,50,466,0.9918755669672,-0.2575023298974661,-4.162130371400957,-1.6537118487780702,0.2361729339498443,-0.8859876981894418,0.1631895909048551,-1.1028861107377237,-0.8970793848007632,3120131
0,100001.0,50,389,-0.1631475409753016,-0.0919696546718814,-2.768840955700419,-0.2944630029854806,1.8853472304898624,-0.8162540979444659,0.153222235639818,-0.6759924605253816,-0.4416937315237078,3120132
0,100001.0,50,455,0.2285920239796779,-0.0234961487560361,-0.1919259722345278,-0.2296130853478301,0.1912042733806268,0.0527728271262664,0.0996755498315831,0.7365216075975152,0.623364442680255,3120133
0,100001.0,50,361,0.5480972385005625,-0.1751054009332357,-1.9385487086018045,-1.0496196789354597,0.154262221936903,-0.7208701572852134,0.1584535011609434,-0.7106012240027954,-0.6415860960267148,3120134
0,100001.0,50,406,-0.0589298313391488,-0.0587344409926324,-0.917157723899278,-0.2140512811474627,-0.5922595325040263,-0.4775397724412482,0.149655411902981,-0.4752634912582439,-0.7002134647306946,3120135
0,100001.0,50,478,-0.2080200589069174,0.0288773967430552,0.1492551882874828,0.2406855961862365,-0.1315074633022825,0.0058421753115182,0.1181139981765902,0.2398384359341124,0.5714903066994119,3120136
0,100001.0,50,372,-0.2130579678799326,0.0361541441230425,0.5227203388503369,0.2737852824688068,0.4900899534925803,0.052107370066315,0.1074496254197881,0.4516154774635852,0.2296065604257621,3120137
0,100001.0,50,513,-0.3510305835247657,-0.0037054096407292,-0.4816774639139972,0.1844653739346905,0.6642015897186804,-0.3657351396195551,0.1260100486895266,-0.072870908590468,-0.1295063828335055,3120138
0,100001.0,50,449,-0.0243479528424721,-0.0325494926703664,-0.1946713878175822,-0.1235794415038798,-0.6862512069799616,-0.2567375046555333,0.1238233131090273,0.2909915792816433,0.006894029027142,3120139
0,100001.0,50,395,0.0111570637381173,0.0076266667935971,-0.0682675231702762,0.0257803134866103,0.3076082710061756,0.0653948747598073,0.1262674881273264,-0.0332008836353784,-0.0273743162353893,3120140
0,100001.0,50,435,-0.0808002952810646,0.0020183775110076,-0.1330221629132534,0.0546038491598612,0.0448265421577732,-0.0637356410567881,0.1301161348517307,-0.0461957722640165,0.1151681805134693,3120141
0,100001.0,50,467,0.4105391189900457,-0.0889568712301567,-1.0899832341436455,-0.6100148339015714,0.6729082970986788,-0.240441704637887,0.1229247205490125,-0.0920066465355877,-0.0978643681504094,3120142
0,100001.0,50,453,-0.171518092129899,-0.0438530541601632,-0.6952836767474134,-0.0874114728802677,0.075742652537151,-0.4800936595414627,0.1378224557149592,-0.364618975098305,-0.673884768192527,3120143
0,100001.0,50,385,0.0931552775165055,-0.0541259096601047,-0.6349996953351033,-0.2811769586783416,0.0549573445388564,-0.2970529697828294,0.123886174187985,-0.0172524087226387,-0.0534849805071691,3120144
0,100001.0,50,425,0.948955423516304,-0.0853305482464032,0.0658246833704976,-0.9013302254951306,-1.1662043972694358,0.3074737660164142,0.1268322805312601,-0.0400478672374054,0.1002593276416854,3120145
0,100001.0,50,350,0.5452404016230367,-0.0769464970909762,-0.0494182882522002,-0.6347543040627013,-0.92105521328574,-0.0212405124012814,0.1471815699964196,-0.418747441764719,-0.3650557182567915,3120146
0,100001.0,50,410,0.2236297718182094,0.008525191182043,0.3884889443554921,-0.0916075468643985,-0.1490733171338094,0.2775813348139284,0.1133992991135848,0.6331068435672942,0.466078388892006,3120147
0,100001.0,50,389,-0.3395008054423304,0.0037419919912754,-0.1903510980184876,0.2094468793756143,0.0966753375193763,-0.3021604377642554,0.1251932591218305,-0.030528817612444,-0.0644011523254883,3120148
0,100001.0,50,417,0.6075810151755656,-0.1460721151721494,-3.545788887618701,-0.9627674283966536,1.502974544882437,-0.457683550577697,0.1310777516134659,-0.4393821422560862,-0.1413694815487091,3120149
0,100001.0,50,420,0.2942918304528201,-0.0731208352189749,-0.4340027718774226,-0.4763555141346615,0.4461075466030931,-0.2386938562852645,0.1588869590389347,-0.5549345396944926,-0.4602873448873075,3120150
0,100001.0,50,446,0.1203205295862466,-0.0617592552450605,-1.4088889410142944,-0.3294202137786349,1.0920152892859043,-0.3260132833012799,0.1438954978976515,-0.618390272848265,-0.2967865759146241,3120151
0,100001.0,50,412,-0.0909249888927752,-0.030025127437505,-0.4986464944260065,-0.0747729495409513,-0.2002781389803768,-0.3030087311537404,0.114017185821697,0.2985277118525893,0.2424761995823681,3120152
0,100001.0,50,454,0.4238897166301536,-0.1008411891954039,-1.0282330188807107,-0.6676885031159235,0.6558198332642371,-0.3124451791218873,0.1493083266826283,-0.8123829899147037,-0.8606304270532268,3120153
0,100001.0,50,392,0.1064499716253409,-0.0728361940905481,-0.8342408934754098,-0.3676787754548229,0.8261072447534081,-0.4181541775866726,0.1315176638837353,-0.1695503464476964,-0.2901078966398792,3120154
0,100001.0,50,356,-0.1610129638548704,-0.0094690323075775,-0.3872367382385745,0.0520370665350784,0.4935145345119944,-0.2238857389557716,0.1178016345427059,0.0601380600369084,-0.0815876284504773,3120155
0,100001.0,50,499,-0.2280653409451223,-0.0193653664205979,-0.4878231710720793,0.0481343000366406,-0.3538056768417659,-0.3592384378424795,0.1240672289323892,0.0153701887535374,0.2321642969098292,3120156
0,100001.0,50,510,-0.1500195909858598,0.0327373646018112,0.5133040683757212,0.2240377162836821,-0.0974913042507915,0.0897612871773209,0.1195229183376407,0.2462223475402814,-0.0216892102992018,3120157
0,100001.0,50,337,0.2471067108606471,0.0028868272217582,0.4858494308963342,-0.1288875875507258,0.1798351275656024,0.2604758239120508,0.1122278911564625,0.5947093457520601,0.2781614040949611,3120158
0,100001.0,50,424,-0.163291570364673,-0.0309505039159731,-0.6318419510796152,-0.0374622791772834,0.8999452273038219,-0.3797024303986946,0.1394660273748053,-0.4280969110821854,-0.3855048434193402,3120159
0,100001.0,50,432,-0.2204263835917625,0.0707591236890066,1.0049923154090146,0.4243822055837492,-0.3777835815567414,0.2934542913117032,0.0935086595024483,1.0518157342244814,0.8162545243712271,3120160
0,100001.0,50,480,0.0361196080772283,-0.0441976367522393,-0.3083170731266317,-0.2074319711928494,-0.4843716046896261,-0.2818478970548956,0.123157596371882,0.1715370943195787,0.2831895381466955,3120161
0,100001.0,50,406,-0.8636743242368878,0.0516473791422256,-0.2138394493977172,0.7104448799533519,0.7572533470302067,-0.4666722114698197,0.1193391642371234,0.1431866068943212,-0.1400987242841012,3120162
0,100001.0,50,408,0.167171426659353,-0.045872931435118,-0.5067899438887669,-0.2888063786002464,-0.3514391360732327,-0.1665239338119921,0.1270920299938157,-0.1483107363507286,-0.0497411998348056,3120163
0,100001.0,50,384,-0.0008701864014916,0.0015391785896378,0.2603632829608471,0.0069807067085341,0.3335111896975679,0.0101707852367249,0.1201358519598315,0.3533164493564864,0.2100744246119569,3120164
0,100001.0,50,431,-0.1565049000993309,0.0456003824811371,0.6903358620373714,0.2817275173295859,0.6600901237867843,0.1751196418406402,0.1146303258145363,0.362160972230609,0.2531034351433763,3120165
0,100001.0,50,472,0.352934662325404,-0.0378866834450485,0.0728793442493514,-0.3613800538000719,0.6309226205800542,0.0697588465308281,0.1350192250813368,-0.1423379677404516,-0.2185863221786917,3120166
0,100001.0,50,444,0.0812831838689486,-0.0599310389737161,-0.6309706044229302,-0.2994200710224192,-0.1563064858545879,-0.3506675813661299,0.152281746031746,-0.6979442156329346,-0.6896308097743437,3120167
0,100001.0,50,486,0.4752605877077381,0.0056344617028788,0.6192355028640493,-0.2471783320545009,-0.5190982167218944,0.4998083020351233,0.1092644557823129,0.5999752286450558,0.3994224360443712,3120168
0,100001.0,50,506,0.2099375808900999,-0.0144196622171109,-0.0326534701839576,-0.1806996221344017,-0.8926489111244471,0.0994869048399885,0.1271853741496598,0.0225914330172293,-0.2066024643270479,3120169
0,100001.0,50,557,-0.0811583947377334,-0.0513443290834823,-0.7931561656807319,-0.1711936603778686,0.5645839484724359,-0.4466715480593086,0.1508947057083703,-0.6828444967971601,-0.9975228996339616,3120170
0,100001.0,50,392,0.5567484789207507,-0.050030728540787,-0.2046262294786471,-0.5284528137457924,0.1085249908021378,0.1813160413533278,0.1253779289493575,0.098097416197212,-0.1275626088334876,3120171
0,100001.0,50,461,-0.3803071346432903,-0.0051712431829847,-0.4463527389366867,0.1950311964658541,0.4030278036414679,-0.4048704639825673,0.1359366823652538,-0.1600702188247575,-0.1589388409733974,3120172
0,100001.0,50,388,0.4117541267684278,-0.1165796412430248,-1.1832777177153395,-0.7261140937065074,0.5632545833211657,-0.4353288534607362,0.1468051506316812,-0.8657589474700441,-0.7044789151937038,3120173
0,100001.0,50,468,0.8180926710768263,-0.1288172656942128,-1.357398549150036,-1.0108767220817096,0.2844275088311317,-0.1319832189128575,0.1279090583601861,-0.4137430884326032,0.0860184529186073,3120174
0,100001.0,50,402,0.1318601817983309,-0.0168860392366897,0.0619316001468562,-0.1464103478315177,-0.2338628141237444,0.006835726051085,0.1200767238713667,0.1633347312087129,0.3638727018555859,3120175
0,100001.0,50,420,0.331463133321105,0.0164509818405567,0.6178242185995848,-0.1196546235459654,-1.1760783896992002,0.4386803243925167,0.1347886855891782,-0.2013293134751275,-0.1271472007450903,3120176
0,100001.0,50,461,0.5272785090360158,-0.047398179372655,-0.1396940558325619,-0.5009446004404103,-0.2077440214454006,0.1703440754762586,0.1027052897661797,0.5189150488977198,0.5615626707604898,3120177
0,100001.0,50,444,-0.4065028272430772,0.0045480661556195,-0.5653344887247602,0.2510399179601182,0.5110862037085229,-0.3607193324864888,0.1142423115079365,0.2777503882872439,0.0079715884241739,3120178
0,100001.0,50,432,-0.3267236307031338,0.0525612403540522,0.6128992683740341,0.4081986233668599,-0.4806568949889749,0.0602467881269576,0.1105486697296719,0.3281568618610093,0.4945093000779044,3120179
0,100001.0,50,310,-0.897327588747056,0.0545667655253754,-0.4053834091890977,0.741157407084545,1.244289156863357,-0.4821990800951843,0.1022896963663514,0.6899861253321371,0.4843740370759524,3120180
0,100001.0,50,390,0.1084106493679394,-0.1262949118599389,-2.137595440207001,-0.5940422717970262,1.3406688584755642,-0.7988132755427159,0.13166690287226,-0.2059925744711754,-0.464053997491685,3120181
0,100001.0,50,369,-0.0740472712632019,-0.0277985900352679,-0.454990953243726,-0.0747809229880081,0.4004725732699821,-0.2706453110949671,0.1395099441050305,-0.3050243885704982,-0.5429163261690402,3120182
0,100001.0,50,378,0.0521687299426317,-0.0347217683989258,-0.4507096461851258,-0.175999867226055,0.782556545071622,-0.1978676607931114,0.1193256148613291,0.1771461708108379,-0.0394679501689363,3120183
0,100001.0,50,442,0.0715926023045251,0.0159597785841899,0.1192505968502679,0.026555885654861,-0.2091488939217538,0.1835932193554709,0.1165592552810597,0.1513776443636237,0.032813805505962,3120184
0,100001.0,50,374,0.0973427932244255,-0.0605965192901391,-0.7231529964025181,-0.3107025102718466,0.2324590279659482,-0.339166293124992,0.1267409330596143,-0.145391875740601,0.0335545533437476,3120185
0,100001.0,50,423,-0.0234860442433437,-0.0064346751325496,-0.0531108821168548,-0.0137550081937653,-0.000581359398097,-0.0688131427793571,0.1248288949726231,0.2799598016543366,0.3720080547361585,3120186
0,100001.0,50,432,0.649475577462523,-0.0545467482436907,0.0363044806277759,-0.6006604866144201,-0.4463657905115636,0.2378887056891223,0.1044195455960161,0.6431404230030529,0.2671850150407719,3120187
0,100001.0,50,382,0.1058465806200522,0.0180806896572395,0.3591471523921105,0.0157775340778068,-0.3062721446014878,0.2319516650444412,0.1149430042287185,0.5498830928108541,0.4501912737893385,3120188
0,100001.0,50,411,0.1381219069777929,0.0215363247513911,0.578969738168372,0.0120442071689965,-0.0125920419590159,0.2879324980977133,0.1043740666998506,0.6110694330101898,0.554213516040545,3120189
0,100001.0,50,540,0.1961447174651816,-0.0778208096688967,-1.3376771831291752,-0.4412970911655379,0.3564665439298309,-0.3687065771384939,0.1452022914428929,-0.4394194030847866,-0.1981356847579395,3120190
0,100001.0,50,427,0.3639809472934492,-0.0366879812532452,-0.2461370490718419,-0.3624275044714394,-0.378319619038643,0.0895597550373962,0.1240588932202094,0.0088957722361181,-0.0464248252220705,3120191
0,100001.0,50,422,0.0984720326501559,-0.0044733458891152,0.0905253308753581,-0.0750406835128108,0.9548856445064337,0.063290483405185,0.1465628865182436,-0.2239168567690848,-0.0174132738699037,3120192
0,100001.0,50,413,-0.0173121968332156,0.032626220814484,0.4736715818607457,0.1474882006787755,-0.6022145764931438,0.2168328518516766,0.099619902605851,0.6579752217711292,0.5148942458070271,3120193
0,100001.0,50,471,0.0693532784875071,0.0312713266802574,0.3833220071796206,0.092609087107312,-0.8711708180863956,0.2911587496550845,0.0984635233403706,0.5396333992215715,0.4399302208342581,3120194
0,100001.0,50,371,-0.0801903440270831,-0.0034412733858176,-0.1156086974131567,0.0312635582476702,-0.7762318505080482,-0.1023571328932465,0.1023085159989922,0.5822266202264361,0.4559495525731153,3120195
0,100001.0,50,416,-0.1692857934134989,-0.0248328417052361,-0.5479063091566035,-0.0081939109568288,0.909245610273708,-0.3417042299965097,0.1283291618534206,0.0781626857890637,-0.1117255531668132,3120196
0,100001.0,50,437,-0.0109282369072292,-0.010192470546637,-0.0557613488032454,-0.0367954144269759,0.6736726301888549,-0.0835798375628286,0.13812588989084,-0.3739688495085633,-0.0975629163859828,3120197
0,100001.0,50,455,-0.1149688880564282,-0.0487363262415949,-0.7095255309482789,-0.1403008954406889,0.2889065136312074,-0.4603832657490309,0.1666370036386647,-0.7423256915088959,-0.7227879682812077,3120198
0,100001.0,50,345,0.0087200095063674,-0.0600087150911527,-0.7403675167525103,-0.2572942744431624,0.1423352386550132,-0.4205663817306659,0.1270681111950953,0.047821381564137,-0.1336073041056208,3120199
0,100001.0,50,512,0.0727311001675032,0.0162816015594689,0.7747099857710124,0.0274176264457291,0.6429692389105847,0.1870118950488772,0.1165272415272415,0.3765734546747612,-0.0385128669133553,3120200
0,100001.0,50,432,0.2633345573436631,-0.0285788064744817,0.1509698053770402,-0.2708189546628599,0.2737474035140717,0.0501694023213512,0.1476757369614512,-0.2334881123634377,0.2473711744594464,3120201
0,100001.0,50,412,0.2371227920866037,0.0614519193008395,1.5869263921009429,0.1239296708079581,0.8061941008215042,0.6695720964915464,0.1009254351091085,0.8062116119294446,0.6332129161361174,3120202
0,100001.0,50,421,0.766141689158329,-0.1284151932166036,-0.5168488112800936,-0.978795382580394,-0.618214815661459,-0.1778841121927126,0.1330614166570582,-0.187532939612997,-0.1354661333378105,3120203
0,100001.0,50,428,0.0414009254016223,0.0244987546716668,0.3459326535546118,0.0797768690616391,-0.5581817281335688,0.2155210997629311,0.1075342835546917,0.6106672168262739,0.7056695073586122,3120204
0,100001.0,50,346,-0.3796703301356969,-0.0131502359365301,-0.8148111941236462,0.16136181780292,0.2606800292994012,-0.4624001563274923,0.1272911942554799,-0.0677740329661774,0.056317638357963,3120205
0,100001.0,50,448,-0.0607574983301712,0.0072284460817003,-0.0184186053552829,0.0651770377915675,-0.4158362838005478,-0.0069952416581619,0.1231481481481481,0.0669445195541646,-0.0979368357911808,3120206
0,100001.0,50,373,0.2119502790299351,-0.100239074905523,-0.9045550187726774,-0.5430013367393605,-0.3929540894488315,-0.5116647517063576,0.1522813788727926,-0.5247339015128042,-0.4565521555195723,3120207
0,100001.0,50,441,0.4273861583287438,-0.0563956915089702,-0.1515828590312187,-0.4818595489104798,-0.1013674852840324,0.0095656579330674,0.1328195299283734,-0.1337546079018785,-0.3414130272044102,3120208
0,100001.0,50,470,0.183229957261817,0.0307272638446145,0.6082839157510004,0.0253673733236811,0.2376726414207317,0.3973745615136611,0.1049623760118572,0.7388679960888888,0.3121293162633459,3120209
0,100001.0,50,449,-0.1614915188571642,0.0205690532471007,0.3440873296255461,0.1789678040212916,0.2377528064249486,-0.0088727545873533,0.1034810799319728,0.7602999422502497,0.4498343631434756,3120210
0,100001.0,50,368,-0.3638340067824837,-0.0326927896863635,-1.2097219174610758,0.0699620413837617,1.5364712273201175,-0.5866083810578028,0.1377772463151927,-0.3986210986622738,-0.3511837903732748,3120211
0,100001.0,50,394,0.4963575709161253,-0.0646999623686136,-0.1228521889774585,-0.5558416075885885,0.2415818612385782,0.0177762480009832,0.1300982446550048,-0.0076904129502753,0.0989756098503003,3120212
0,100001.0,50,402,-0.4611063583826931,-0.0361999716770628,-1.1636679458541277,0.1104126824795269,0.6133178691274497,-0.7057281721454298,0.1476916609340365,-0.5691490618605568,-0.7582672016614553,3120213
0,100001.0,50,374,0.4839269955108735,-0.0926648113913738,-0.979982238818634,-0.6662983434860584,-0.0445506995477455,-0.1938613655032315,0.1139931972789115,0.2215088126257083,-0.276067879746517,3120214
0,100001.0,50,464,-0.0015750075807135,0.0188918704888111,0.3951787439806036,0.0807214497219912,-0.419339902190072,0.1338468216975112,0.1051517141510069,0.615799305888988,0.2465530933172471,3120215
0,100001.0,50,486,0.2717794822994438,0.026845326781657,0.6253281615687055,-0.0414709493865533,-0.8546088305787635,0.4551399501791513,0.1058628238529454,0.7577632516945632,0.5070140251957356,3120216
0,100001.0,50,302,-1.0724532500673556,-0.0266592118982955,-3.697278048747173,0.5004296804976112,1.9021827214842424,-1.2328556750463022,0.1460331996046281,-0.548316173068132,-0.6098580903156952,3120217
0,100001.0,50,497,0.2017286114790243,0.0123915823371954,0.4128978133601353,-0.0626166271532759,-0.4911090882714996,0.2837967354231679,0.1184011870054144,0.3890244525255803,0.4528344289519456,3120218
0,100001.0,50,467,0.1640779814936964,-0.1098819452234976,-2.171127765506857,-0.5578903522654246,1.3076109021175657,-0.6287242615367881,0.1361984684584216,-0.2797263614850833,-0.125834058929185,3120219
0,100001.0,50,433,0.4099944066298492,-0.0974392952497088,-0.489729666697021,-0.6451279847360802,-0.2134584463569621,-0.3010979858220328,0.1495621237000547,-0.3062533158214798,-0.4022502862422669,3120220
0,100001.0,50,419,-0.5709872339603831,0.0343829789217854,0.0612299515284171,0.4707396269334725,0.1368853149106372,-0.3065732515607017,0.1177743117972577,0.3113932291458353,-0.0225848286338182,3120221
0,100001.0,50,463,-0.1995529568144172,-0.0085109706089697,-0.2629547018018716,0.0778387316442731,-0.0610408221558102,-0.2539759459526144,0.1330974600895634,-0.0919068152601532,-0.1737169414973883,3120222
0,100001.0,50,449,0.1719692330262753,-0.0168463178330917,-0.0791266957117539,-0.169221181236143,0.600754383119734,0.0456785027638112,0.1190259543307769,0.3226845530604844,0.2091024141505847,3120223
0,100001.0,50,516,0.2405794523209666,-0.0005496325087142,0.3571287683378707,-0.1394926388844791,-0.7956229363900642,0.2284961455239429,0.1215354953862733,0.1650145907995893,-0.2231604290327297,3120224
0,100001.0,50,407,0.3645495654515765,-0.0351406994042475,-0.0274338773596008,-0.3561317494058781,-0.9627429308818208,0.1014597317688559,0.1127751100440176,0.2505004027942051,0.0982298843249262,3120225
0,100001.0,50,384,-0.009800574160716,0.0268784558281896,0.5389346798928689,0.1188250308575215,-0.3603725979775271,0.1828392815166909,0.1252302025782689,0.2378327135173623,-0.0817547713634062,3120226
0,100001.0,50,428,-0.371642016817491,0.0266133009686094,0.0081432327374574,0.3242841709100184,0.6531569151405746,-0.1691124696722687,0.112572886297376,0.3087232825393643,0.428870391542235,3120227
0,100001.0,50,387,-0.0086563892985073,-0.0879162077023872,-2.20607358586915,-0.3654849184009932,1.873778364980879,-0.6375353536332257,0.1450295446645811,-0.7668637113921992,-0.3497961390257829,3120228
0,100001.0,50,378,-0.0624370426000759,-0.0199163205767384,-0.3751703243559537,-0.0482592871663203,0.6650859218141596,-0.203013992859629,0.1319218770310672,-0.1357644681832669,-0.001193902967627,3120229
0,100001.0,50,475,0.2929959051482441,-0.0163071331267918,0.1199923982023836,-0.2360027618662707,-0.7043942940209493,0.1664256806182187,0.1129368414032279,0.2033385227799455,0.1730191716075766,3120230
0,100001.0,50,462,0.5573644673213376,-0.0756172191744654,-0.3227602406873715,-0.6373324190732539,-0.5351931465263587,-0.0027724710551421,0.129481157542382,-0.0823160649083337,-0.3721823316462492,3120231
0,100001.0,50,292,-0.6848408405596009,0.0085509731318176,-1.0805909716584854,0.426819502839744,0.9156481567340063,-0.6050034575771623,0.1383448540706605,-0.6570909997205016,-0.1521585381930059,3120232
0,100001.0,50,427,-0.3052855747607822,0.0035825944185643,-0.096117181496204,0.1892425628542219,-0.1354879017706344,-0.2698311865192564,0.1140311154047417,0.4713872735205899,0.2043958596481444,3120233
0,100001.0,50,397,-0.0916581126691733,0.0259376880528511,0.2293878626812083,0.1616185784344936,0.848913215103742,0.0968658924520231,0.1064272243550885,0.5623619564187252,0.585199861804838,3120234
0,100001.0,50,489,0.0604146452494245,-0.0074779886856352,-0.1907010945694926,-0.0660684602968318,-0.2936250745115789,0.0047964702180044,0.1155774050510892,0.1260885446033595,-0.1227612535025935,3120235
0,100001.0,50,375,0.392174974758707,-0.013573043880658,0.4053489863275956,-0.2809054214857211,-1.4740531360233962,0.2830302722751061,0.1078890739969457,0.3868235795816315,0.0245807726478428,3120236
0,100001.0,50,441,0.7958519093831194,-0.1234962271088489,-0.7839779238564419,-0.9753127017612978,0.5705390681940776,-0.1145587935380316,0.153307497862533,-0.5764407212719916,-0.7556854822212451,3120237
0,100001.0,50,438,0.0904718314101756,-0.0848844662306999,-1.7739416847214622,-0.4099566822719932,1.3411076077866764,-0.5204601147037906,0.1443392999657964,-0.3735665617965601,-0.0948951470536677,3120238
0,100001.0,50,459,0.2950505086832664,0.0138231575324839,0.5528263774716026,-0.1098633939488676,-0.2265778738770607,0.3844158087733017,0.1134054480161163,0.3289378042755665,0.1982060054642501,3120239
0,100001.0,50,364,0.8305747433819854,-0.1098286655117682,-0.3746037987012446,-0.9361569549526016,-0.2806306187609633,0.0197988696575764,0.1500088474696237,-0.4515002604843449,-0.3546052341448126,3120240
0,100001.0,50,405,0.4755592318061106,-0.067877105752898,-0.4474303131276105,-0.5574799984783173,0.1091072346052017,-0.0253543751122337,0.1630425979915775,-0.91487093796449,-0.7569263719639637,3120241
0,100001.0,50,463,0.2367745154221437,-0.0580233780333873,-0.3677707106877833,-0.3801820547892094,-0.3811187293214187,-0.1867726498522106,0.1335742630385487,-0.2516915560314491,-0.2902038909807534,3120242
0,100001.0,50,491,0.3956174979251068,-0.0624957220775863,-0.6243513487259109,-0.4898507386954707,1.0225907272551964,-0.065577435929713,0.1557785125223273,-1.024550967278557,-0.8766413505453788,3120243
0,100001.0,50,413,1.001523465630262,-0.0384155351845729,0.5099747313962619,-0.7333055282890539,-0.5663556379755452,0.6946788211261888,0.1178920286063143,0.5506515474734979,0.5241238243601974,3120244
0,100001.0,50,566,0.5844104794768812,-0.0024932560302403,0.5561454592362005,-0.3437121586007475,-0.2568511246082574,0.5463093309111101,0.1218325758250898,0.16992926555742,0.1503636747348872,3120245
0,100001.0,50,462,0.1343211855164905,0.0053354504153643,0.2800937050978675,-0.054057145304206,-0.5031164570337973,0.1681373675717515,0.1337599285524265,-0.1754584700517566,-0.0262321430701159,3120246
0,100001.0,50,444,-0.0067013058698727,-0.091645814674274,-1.4707479425184724,-0.383158843011099,1.111739624315322,-0.6629801195637245,0.1777129512091917,-1.0236138592789863,-0.7643086332068244,3120247
0,100001.0,50,354,0.0005737536913002,-0.1273910480456981,-2.583067398813397,-0.5362259095111411,1.0581633314026273,-0.9104182002541816,0.1375263898662913,-0.467448214933572,-0.8990418201968203,3120248
0,100001.0,50,456,0.5161413537883497,-0.0602553529002315,-0.1483045218251452,-0.5488798852776008,-0.4663632418395866,0.0675325948917509,0.1277328541479485,0.1172336038670156,0.1869144917575481,3120249
