start,end,N,SS,ZngE,bsfs,FayH,FulD,TajD,FerL,Colless,Omega,btree,path
0,100001.0,50,408,0.4348921253517218,-0.2302438873771368,-0.0524865135745368,0.3018824806324799,0.0453833769671123,-0.4694094494987137,0.1311345966958212,-0.144048808538403,-0.1546912368757189,3080000
0,100001.0,50,528,0.3077624786351855,0.2244508436712856,0.0042522749613071,-0.3750683982040767,0.3277813246402346,-0.1574663603440399,0.132316543638732,0.1662476112686868,0.0975156417575291,3080001
0,100001.0,50,447,0.1998437084522361,-0.5638081592254565,-0.0295148979129642,0.9827780733587084,-0.018097570127113,-0.2386137376320333,0.1523966382669572,-0.3154517445378057,-0.8847196885595899,3080002
0,100001.0,50,385,-0.0266926042026944,-0.6716740861066751,-0.0615824774414805,-0.1757404539688911,-0.4665452299109711,-0.2442187319097592,0.1830024178346037,-0.4868213857550041,-1.1296044858389818,3080003
0,100001.0,50,390,-0.413719780528093,-0.2381178889546525,0.0083047737571092,-0.2916069900451101,-0.3414041858414597,0.271013930496396,0.1503618889416231,-0.3694133703544801,-0.3788413909956544,3080004
0,100001.0,50,432,0.3414304939969156,0.1483791870931451,-0.0252096966302525,-0.720694626330854,0.1498795363201583,-0.3011404879091822,0.1158347122632836,0.3933979622614939,0.3601330337770865,3080005
0,100001.0,50,422,0.8332535256391884,-0.1919256846495697,-0.0695969395306526,-0.6596585848159958,0.3082370427038087,-0.7689201383210363,0.1365803546852267,-0.1295278428684925,-0.16563828985541,3080006
0,100001.0,50,410,0.1977473160756317,0.0190381251053307,-0.0228738704468921,-0.0407142400150851,0.0277215199828895,-0.2092656496154091,0.1405047048759623,-0.3022275941881394,-0.4499830833998339,3080007
0,100001.0,50,382,0.1694966288870966,-0.8623720670317045,-0.0755145087347105,0.7787161992630647,-0.3760846599049594,-0.4147986776697944,0.1503992901508429,-0.3304377160145861,-0.5086710896360906,3080008
0,100001.0,50,447,-0.0882374516758272,0.0878338101873547,0.0134165494480226,-0.2768061599069923,0.0107470441083592,0.1069805459437391,0.1201845379035592,0.2951110430518713,0.3249919772458172,3080009
0,100001.0,50,494,0.1944912321271215,0.1151997757843058,-0.0057618440955864,-0.1439609289485152,0.1466787132623966,-0.1352648473172017,0.121461210746925,0.2057020988974555,0.1114853992566136,3080010
0,100001.0,50,368,0.403925336892931,-0.8290577418576153,-0.0815025189261393,0.0083555120405279,-0.1913992490223358,-0.5735624475380896,0.1448619182772446,-0.2280547424843615,-0.2821755988724712,3080011
0,100001.0,50,369,0.4907436409912412,0.8566820708222734,0.0057940426382366,-0.1208968744353603,0.517220042690218,-0.2556034595404771,0.1236223539695207,0.3292477499585171,0.0860610051165257,3080012
0,100001.0,50,471,0.2499962388033888,0.7318406846425575,0.0326191050883015,-0.33623052662766,0.4754915963061235,-0.0047065273401744,0.1160516019879454,0.4817175885360314,0.4144873644781249,3080013
0,100001.0,50,302,-0.6358808322457438,-1.7648674524997634,-0.0310222386042692,1.1682599719174285,-0.8396328467749944,0.2329115601349654,0.164495028780743,-0.5060194188464583,-0.8299898643502147,3080014
0,100001.0,50,437,0.7397900238025101,-0.2918337710700599,-0.0816170386001372,-0.5806660059564892,0.1312835969883562,-0.7664802237295203,0.1152067568600473,0.2943711579819923,0.3344475323627959,3080015
0,100001.0,50,407,-0.1077766644647164,0.3529873528592609,0.0392978399949271,-0.0531362732296582,0.176960797034221,0.2271927014114453,0.1007541174364482,0.2899692099380127,0.6392847527651575,3080016
0,100001.0,50,508,0.0323423868521081,-1.849367005351104,-0.0896730270066911,1.3160620340670648,-0.611665179867686,-0.3978007024068762,0.1689747327502429,-0.6920735779201448,-1.0623213974025003,3080017
0,100001.0,50,352,0.6122483895279843,-0.3796959118668332,-0.0594278683624729,0.2422493551993838,0.1689657741174808,-0.5993320929118777,0.1274559823929572,-0.1690849946472158,-0.1966353250101402,3080018
0,100001.0,50,419,0.2956462593818023,-0.4084140161649273,-0.0627694889458192,0.3843252685475277,-0.1632456422645575,-0.4334467824613032,0.1172805059523809,-0.1863071996992853,0.2211598798274528,3080019
0,100001.0,50,396,-0.150260264794508,-0.2341918320046477,-0.0237943964610534,-0.2249118072578894,-0.3158649290394433,-0.0145759464553183,0.1372930675160237,-0.3080269782554574,-0.2792826658581684,3080020
0,100001.0,50,433,-0.5019406082629794,-0.3470808898729664,0.0216107161146905,0.8471252092153989,-0.3309814489283508,0.3774984663768818,0.1163350815186409,0.12428207499753,0.4230498228128395,3080021
0,100001.0,50,380,0.2440150013534564,-3.717728278116307,-0.1738138413228595,0.8001024153209404,-1.0071826194750697,-0.8713267423269577,0.1885398181011535,-1.065353757647264,-1.2481722131062711,3080022
0,100001.0,50,390,0.0284519311602774,0.3231208139887704,0.0165835680342692,1.1888292446596866,0.146248875917816,0.0536505646546812,0.1469662058371735,-0.0109209557807621,-0.3994155706808842,3080023
0,100001.0,50,537,0.0563931927984746,0.4052626674595466,0.0170695678757351,0.7635156142689182,0.1768869655628175,0.0401128077774984,0.1338738465683303,-0.1286617271151783,-0.3465627303795286,3080024
0,100001.0,50,506,0.0224320207210301,-0.3165473794669121,-0.0223134430606288,-0.2773180401642974,-0.1382975145269639,-0.1071818793752768,0.144757185170719,-0.5976303293282599,-0.4727696742578707,3080025
0,100001.0,50,520,0.3107020799851757,0.1412655848032583,-0.0131545442774304,0.0691248767090598,0.205840909311477,-0.2328118857192749,0.142915120593692,-0.0109531250669675,-0.1106183474835056,3080026
0,100001.0,50,415,-0.3021617590886183,-1.0840601634307143,-0.0253891395699651,1.1334781176242663,-0.4743387778669097,0.0652562861135241,0.1483570992499563,-0.5775331907715403,-0.6538816015322241,3080027
0,100001.0,50,345,-0.1941795244116492,-2.041129467062824,-0.0534585714468418,1.8144501994164275,-0.570610480878425,-0.1139681539246808,0.1709695156257991,-0.3319947098482763,-1.0482191419581404,3080028
0,100001.0,50,423,0.262213179579035,0.5828461507665104,0.0067460303808988,-0.4557934039504912,0.3021310771362735,-0.1210952273187292,0.1127363005503709,0.4178727972103866,0.679974991144403,3080029
0,100001.0,50,442,0.1090641481655723,0.0616924356423119,0.0026739696048187,0.3606869946728389,0.1246805342104931,-0.0509114354563682,0.1407423072856085,-0.3955876300351262,-0.5697025467838028,3080030
0,100001.0,50,459,-0.1232219488627313,-0.3804043012560417,-0.0169423798814851,0.6774070855719935,-0.2405725098382111,-0.0013042481179505,0.1621896258503401,-0.5032757200543212,-0.8820434292858904,3080031
0,100001.0,50,395,-0.1459822862043034,0.012443409091548,-0.0016330643022164,-0.4045590859461023,-0.1531051078823503,0.0763942624470058,0.1446568045207501,-0.4250674477879562,-0.3084035364751494,3080032
0,100001.0,50,390,-0.279389133939221,-0.6258412042924295,-0.0152672743835074,0.5435108859422114,-0.379952855144919,0.0950505039726406,0.1357474942639777,-0.0486729235779431,-0.4197942746086339,3080033
0,100001.0,50,502,-0.2346252249743714,-0.203620275198243,0.0134518002248724,0.928090814487807,-0.1303027638270013,0.1906775439794811,0.1150332225913621,0.2226160252453818,0.2769755139950511,3080034
0,100001.0,50,418,0.3186678421366821,-0.2527518862773332,-0.0522796878057168,0.712007955280976,-0.0658319659039214,-0.4023159136087041,0.1391047698149027,-0.2328350062438998,-0.2198147540357861,3080035
0,100001.0,50,447,0.2543833455638596,0.0470508270354991,-0.0185686253058781,-0.0447774853580479,0.1130831895479055,-0.2234921932385213,0.1153569675292797,-0.0919220983781385,0.0744034388830719,3080036
0,100001.0,50,328,-0.022917177463708,-0.5677568941972405,-0.0357689498409477,0.8158634364331387,-0.2778625263889612,-0.1371703888194748,0.1334763204644915,-0.0507620710188004,-0.1419651869579053,3080037
0,100001.0,50,480,-0.0447108630943135,0.4664692975287659,0.0286795742541588,-0.2064497878271787,0.1623228433638185,0.1467318429018717,0.1051067649281935,0.529226602154787,0.6238327724322127,3080038
0,100001.0,50,559,-0.0482170821442715,-0.2090003136022947,-0.0162220544227248,-0.3779833943101129,-0.1629224861774842,-0.0412213869933249,0.16333854115809,-0.597218311121365,-0.7437284773620373,3080039
0,100001.0,50,358,0.3331599682279303,0.1571632421599588,-0.0161054277902683,0.1417743208951501,0.2079342737041373,-0.2578650364631664,0.1304096106527717,0.3440257620572181,0.084315152139633,3080040
0,100001.0,50,401,-0.4841061460496418,-0.2626336512937089,0.0244827245744705,0.8076707650299415,-0.2936350817474057,0.3793704476066892,0.125966032671572,-0.1484055675019323,0.006536875013599,3080041
0,100001.0,50,382,0.2478351498311511,1.364692149015489,0.0486366131073226,-0.0737746423447982,0.5881947766655082,0.0634869127862816,0.1170243959652826,0.2482561358314363,0.3923341189931354,3080042
0,100001.0,50,398,-0.1689422310829992,-0.3207400590954976,0.0043700577669583,0.6525165462232156,-0.1323648138609719,0.1147947274160133,0.1367639080171946,-0.2758879041354821,-0.3506069835782919,3080043
0,100001.0,50,380,-0.0160017797946624,-0.5096576785025139,-0.0151096098511383,0.2158199494206171,-0.1236203402929038,-0.0545132269490376,0.1306536127964699,-0.0337894053696598,-0.1990176784351237,3080044
0,100001.0,50,416,0.0003168122383396,0.7506860998983694,0.0455498773481791,-0.1232101450314398,0.32644940306374,0.1919649326717805,0.1174570864615276,0.431346772106873,0.3417469088913904,3080045
0,100001.0,50,425,0.2200099043345821,-0.3837094993165202,-0.0463402325517295,-0.2948915075146408,-0.118893416542455,-0.3210319899273722,0.1408992865438858,-0.2305528202831698,-0.1543144705534704,3080046
0,100001.0,50,454,0.2069769712817799,0.1212761592409424,-0.0242991713454332,-0.1927875425509052,0.0261185233736544,-0.2206755529460336,0.1450067336579301,0.0363924681212339,-0.4003130179378503,3080047
0,100001.0,50,385,0.3288021260319603,0.4017873587225263,-0.0025001433149319,-0.5602367848151382,0.3007211217246622,-0.1981133440159529,0.1121939559233831,0.387563383907149,0.4609754408287821,3080048
0,100001.0,50,375,0.7195792068055801,-4.650422892672951,-0.2199967948433663,1.407111301909227,-0.8764591970267589,-1.3369673305041865,0.1685835351089588,-0.4669118432489933,-1.0346693290693647,3080049
0,100001.0,50,414,0.2527497060501292,1.471538605869963,0.0529648522629503,-0.2509912697938908,0.623939762723353,0.0792387354471275,0.0946196660482374,0.8488420257518663,1.185661814006812,3080050
0,100001.0,50,416,0.1961853081459942,1.1122500037018268,0.0425137600556788,-1.0488601325464006,0.4943451637505194,0.0674349694800887,0.1392922553636839,-0.2072567042510021,-0.1917777415912063,3080051
0,100001.0,50,324,-0.3314427723134311,-0.7987262141001963,-0.0085080156208329,1.185849126877853,-0.3826589922017536,0.1534402172522639,0.1220569396589804,-0.064584359296094,-0.0999958966691109,3080052
0,100001.0,50,482,0.3243555246951678,1.0818039834353086,0.0355517043934867,-0.2807734740930464,0.5683788802186848,-0.0346599522287178,0.1457286432160804,0.2505841732440517,-0.3811731255149598,3080053
0,100001.0,50,460,-0.1099683682053341,0.0199747312475096,-0.0025251825703239,-0.9419866565630198,-0.1244523368312009,0.0520440542227877,0.1353376429105673,-0.136580917768415,-0.1641760496052529,3080054
0,100001.0,50,375,0.3165562308087946,-1.3238607786350187,-0.1050987717607157,-0.3689489680492395,-0.4450819461519486,-0.6231849322577775,0.1438878581735724,-0.8145621915399875,-0.7040663180620288,3080055
0,100001.0,50,452,0.0749381283885949,-0.1012796701511868,-0.0048260776331041,0.2143249352574258,0.0379157484661285,-0.0631207135726589,0.1209054273883466,0.5017450657986895,0.0671099776027189,3080056
0,100001.0,50,347,0.3316722249089509,-0.07575619753486,-0.0292033103900891,-0.5594998417506951,0.1130012309818151,-0.3120705376662233,0.1233566460291981,0.2925396739711657,0.153522635833468,3080057
0,100001.0,50,479,0.2053012614975048,0.440764704887975,0.0123713115214546,-0.4784997052384599,0.2871513525074946,-0.064773695797451,0.1130952380952381,0.2929492077196818,0.3137580048669159,3080058
0,100001.0,50,456,-0.039225583050727,-2.4747849551324648,-0.089779513157479,1.0934636089903165,-0.6811842935066027,-0.3568784312920695,0.1362514518002323,-0.4799365812324305,-0.6382066879182678,3080059
0,100001.0,50,442,-0.2097974968029621,0.3315850293711315,0.0351741601731021,0.4277265109780856,0.0489669253873845,0.268167476378619,0.1245624463377584,-0.1892662401566867,-0.0282605664959246,3080060
0,100001.0,50,428,-0.1826347340705822,-0.9165347241767946,-0.0209718808107215,0.8608149682732853,-0.3269608428494732,0.0156615470258151,0.1310818743741151,0.1759745955810955,-0.0247981233335809,3080061
0,100001.0,50,440,-0.4225224677763241,-2.0322766861306967,-0.0451194322663713,1.286408073856436,-0.7320246381596707,0.050481984931657,0.1616279490519612,-0.4344955187134379,-0.5700064568178103,3080062
0,100001.0,50,518,0.4786476290271373,-0.0801131768728921,-0.0481155598696593,-0.8911691285200357,0.117424686790358,-0.4765033612451133,0.1140897663413191,0.3924106766714262,0.3926359451570668,3080063
0,100001.0,50,507,0.1453635268786993,0.9669105363684732,0.0525501676490598,-0.7804210599228993,0.5172232781478554,0.1394248213088471,0.1136495083863505,0.5368621714498799,0.505414833962334,3080064
0,100001.0,50,466,0.1656937807931947,-0.032236697855152,-0.0182527610381213,-0.8769271285842084,0.0294413701490598,-0.171616328718899,0.1125588697017268,0.22354998871716,0.3967326150012847,3080065
0,100001.0,50,460,0.0110301933686774,-0.3793092521810388,-0.0137490318436533,0.4110593353371979,-0.0878451449803729,-0.0643764633436424,0.1242277992277992,-0.1857094031540661,-0.034766275852127,3080066
0,100001.0,50,459,0.4864748744331453,-1.738812460601395,-0.1272407305385005,0.7742626169415348,-0.4411622919480292,-0.8149694978821442,0.159645286686103,-0.2373210328885607,-0.8341768262935589,3080067
0,100001.0,50,380,-0.6254417431796852,-0.2069274891745798,0.0406359624937673,0.0600112918471974,-0.3153921798490862,0.5279837317109413,0.1253358843537415,0.2962147775287851,0.1423372906629297,3080068
0,100001.0,50,441,0.2155183514724774,-2.2928305310472004,-0.1290017942772059,0.4361577574984553,-0.7155174999203109,-0.6675793704758025,0.1361275693072928,-0.2990532659217261,-0.581323437579191,3080069
0,100001.0,50,391,0.5883678395209601,-0.4620167195545379,-0.093856720797039,-0.1856912771205047,-0.1016807797747311,-0.7311707802255842,0.1550160294002658,-0.6286073138761673,-0.6430050077545431,3080070
0,100001.0,50,456,-0.2408032119775032,0.0410754707117865,0.0165578184939065,0.1185718272216264,-0.1142880383665509,0.2072705134177805,0.1177309633530831,0.1021901946606963,0.2874817388115851,3080071
0,100001.0,50,417,0.3036150715666319,0.6936044262860064,0.0122286906863639,-0.2018446910849095,0.3815050202699036,-0.1215928677169801,0.1178038379530916,0.162500740600243,0.3086667532197821,3080072
0,100001.0,50,390,-0.0051307304869406,0.0631561754216081,0.0116474668439123,0.012072237586643,0.0783858648450059,0.0520084339633563,0.1223498601894745,0.428293561825013,0.1687872489602603,3080073
0,100001.0,50,387,0.3700102094037282,-1.2206248711800434,-0.0809520292482969,1.414751573346306,-0.220788988928802,-0.552167373871707,0.147793140925009,0.1853434123972167,-0.5414791493743761,3080074
0,100001.0,50,487,-0.0647929287883342,-0.2240941911178835,-0.0130900103963809,0.0535313580151619,-0.156458141379665,-0.0184002385487886,0.123242377308066,0.0037186892545202,0.1371304680462269,3080075
0,100001.0,50,433,0.549959116194097,0.0421996842900384,-0.0518548002333371,-0.6924317101638349,0.1608389111672196,-0.5325452561731853,0.1315877999551469,-0.3857649616325704,-0.2166792132730897,3080076
0,100001.0,50,415,-0.2818515002438889,0.3167780791003039,0.027854815624356,0.3126728806164047,-0.0734478864218276,0.278264793752203,0.1297703147192943,-0.0935811303231079,-0.0363299710861253,3080077
0,100001.0,50,506,0.3213270225746955,0.3247808479700376,-0.0021686211108565,-1.2442665516731046,0.2949576095041809,-0.1923856829914865,0.1168098818474758,0.3660784669635157,0.3986688196608616,3080078
0,100001.0,50,372,-0.2239461298792034,-1.167104905589118,-0.0249320140034843,1.0868517783819198,-0.395455879392187,0.0227948591814557,0.139375276737914,-0.6298461988281369,-0.5014769122446704,3080079
0,100001.0,50,409,-0.0078918713798895,0.8117099733946878,0.0384861684715477,-0.5034625605773422,0.2678892401457701,0.1668061414611859,0.1057132227891156,0.4565032410745623,0.6108126777382493,3080080
0,100001.0,50,400,1.0261569102396386,0.4230173305362906,-0.026139745378951,-1.1439933391298145,0.8068145660835686,-0.6955636832350516,0.0998233547562671,0.726728152701114,0.8173982769352027,3080081
0,100001.0,50,409,0.6460660454282143,-0.0755284222141234,-0.0615894294420242,-0.4672551054719343,0.1846859861688548,-0.628262970445029,0.1225569592916531,-0.0161557449594628,0.072573256929561,3080082
0,100001.0,50,434,-0.1746402286442283,0.0736244132131984,0.0194989287712308,0.6327940369550262,-0.0293499926781897,0.1819123998932841,0.133567577974586,-0.0937237122359677,-0.177388572705655,3080083
0,100001.0,50,452,0.5071953137115905,-0.1697125173284279,-0.0654135228412691,-0.0151515175240325,0.0219928925588437,-0.5655371076401846,0.1429385151189662,-0.3787600613724188,-0.2736010892052641,3080084
0,100001.0,50,319,-0.0936374872956456,-2.496531011690238,-0.1067488259925733,0.8387148973918138,-0.8535991354670236,-0.3947082898590319,0.197177110280732,-0.7584790888383555,-1.326391976189756,3080085
0,100001.0,50,512,-0.0086220942186441,0.3925292185102652,0.0260611135532691,-0.7181415648866784,0.1785248993291515,0.1151782462126844,0.1214809584548105,0.175049821090619,0.1997048117723341,3080086
0,100001.0,50,351,0.0348681106779622,0.0664075974022878,-0.0099986613978975,-0.4220520761477958,-0.0376701291213429,-0.0619515556595744,0.1277045540438397,0.3771642518594025,-0.0167365097109291,3080087
0,100001.0,50,382,0.0340362697546683,-0.2188109657685475,-0.0238364495432361,0.8174657829725134,-0.1375770181341508,-0.1198273432661094,0.1610900174023097,-0.1494610325854489,-0.8990404900788851,3080088
0,100001.0,50,451,0.2815761147132786,-0.6082592894864621,-0.0757489216817178,-0.2378650005848963,-0.270290506830376,-0.4805111415384264,0.118879946344735,0.2797032732612521,0.2631144853240013,3080089
0,100001.0,50,498,-0.2857908540832138,-0.6008687679873358,-0.0301234317995157,0.2474994933261149,-0.4921515982631488,0.0355515092669893,0.1678746264861084,-0.5213987314906817,-0.7563281801049423,3080090
0,100001.0,50,392,0.134295285680711,-3.346269939317107,-0.1129503790545406,1.5814569857547456,-0.6782719639061947,-0.5526161205395235,0.1662308673469387,-1.0827573662792471,-1.229060647483357,3080091
0,100001.0,50,474,0.6010870061943601,-1.36399191953394,-0.1190640902327544,1.271023787533905,-0.2720816402588723,-0.8459942944680201,0.136800638622796,-0.1847296195509924,-0.2009705592061402,3080092
0,100001.0,50,416,-0.0987431167264511,-1.5079297590623957,-0.0406060392970222,1.4788763718213762,-0.3863446815137146,-0.114968123862561,0.1585580660835762,-0.3928081578457745,-0.7019220689608134,3080093
0,100001.0,50,349,0.5609405215921798,-0.0781971037764707,-0.0539774128875234,-0.2360634900765527,0.1582559416967593,-0.5470993510316915,0.125609783387039,-0.0130057018858934,-0.1743117079039105,3080094
0,100001.0,50,465,0.3899365544964215,-0.0756580609127819,-0.0479195198816897,-0.7442354798657803,0.0337261313051985,-0.4248458400308057,0.1264809294504318,-0.1513265605568476,0.0719989903812698,3080095
0,100001.0,50,377,-0.6190242737488352,-0.6548210740115964,0.0336941334200534,2.206705673497084,-0.3589138027503175,0.4950703306395766,0.1172977861664897,0.3959636295909188,0.2353865727165083,3080096
0,100001.0,50,412,0.0393849841521512,-0.4235967432655212,-0.0294759372823554,-0.1283872647088139,-0.1729009203292058,-0.1467864437883249,0.1294006303086206,0.0703100188073265,-0.1266664276991411,3080097
0,100001.0,50,398,0.2597949840888843,-0.156786672354163,-0.0388807858023361,0.0200865085465585,-0.0266510582233996,-0.3120964420547554,0.1423805786050684,-0.1053829477818425,-0.3022947739128725,3080098
0,100001.0,50,362,0.3066986894412234,-1.519423871404736,-0.0870352692950368,0.7987607086965862,-0.3250963567431162,-0.5412791570745723,0.144234380868912,-0.0179948735808341,-0.4296354100779115,3080099
0,100001.0,50,413,0.2570478517381807,-1.0528770374317031,-0.0474511176407144,1.1548734108691805,-0.0908514769307537,-0.34676407173776,0.1338737949167397,-0.4561678404245086,-0.4176071552539368,3080100
0,100001.0,50,411,0.9772899196597544,0.0166120197508953,-0.0850771104448316,-1.1295950182391656,0.3372012271370617,-0.9162733525651918,0.1472789115646258,-0.2624322148312518,-0.2869808919011716,3080101
0,100001.0,50,519,-0.1009912868825496,0.7812165584837206,0.0505078234193799,-0.0672479772838748,0.2645969494640565,0.2713111928699048,0.114176776701464,0.0557673237170949,0.1952832000420465,3080102
0,100001.0,50,379,-0.2842245170368348,-1.5041811010434576,-0.0473823753856667,1.3966933651474158,-0.614488985280749,-0.0374129849351507,0.1468480030048829,-0.0266547319568912,-0.3148612402400561,3080103
0,100001.0,50,515,0.962256014958532,-0.2618253515380984,-0.0998538474675423,-0.9347205532381376,0.213737136278098,-0.9711390929781448,0.1433264562655663,-0.460855266156104,-0.590109567234226,3080104
0,100001.0,50,476,0.5619359761296346,-0.0252116337522194,-0.0422285157880341,-0.087077053806319,0.2406758963461225,-0.4989280211958587,0.1317581794622611,-0.2890306235723239,-0.279977113883003,3080105
0,100001.0,50,485,0.8903973233679668,-0.2649560759774279,-0.0921266560310435,-0.543933324805064,0.2004194434981631,-0.8972199007065337,0.1326017844323659,-0.3285607078928039,-0.2255782929789359,3080106
0,100001.0,50,377,0.1695983694057746,0.1425686863566293,-0.0074089466467386,-0.8163172875042046,0.1113733844188627,-0.1279625712714366,0.1199992950548094,0.3773199639940002,0.1535704977341261,3080107
0,100001.0,50,399,-0.2184803892124183,0.7546579803686253,0.0432269571359887,0.160225054402976,0.0977908468067927,0.3068558808003138,0.1239386265455087,0.6243695161359203,-0.0137639315902888,3080108
0,100001.0,50,478,0.7430351839775508,-1.089255530408983,-0.1395623110206806,-0.038481307403699,-0.2818427938823345,-1.0136375557477584,0.1473419316965364,-0.3225395414372749,-0.2701599494947144,3080109
0,100001.0,50,444,-0.0904625401012306,-0.0099077454069606,-0.0012777175821807,-0.756959906461387,-0.0966769920809691,0.04619705808292,0.1231663056283966,0.35790462433158,0.1259141198805893,3080110
0,100001.0,50,393,0.0959538790543566,-0.7335396862681527,-0.0457525396651449,-0.0508104371909168,-0.2344960754900636,-0.2475608637131991,0.1092629619415333,0.062800343784813,0.4170347405862413,3080111
0,100001.0,50,391,0.3746167321540818,-0.6289569660121962,-0.0572849045026654,0.1929432307844714,-0.0470337748787312,-0.455113818562733,0.1252174165120593,0.0360413484232365,-0.0894552020556181,3080112
0,100001.0,50,391,-0.0752176878269604,0.0587350382705985,0.0060118054182531,-0.072100924749012,-0.0298484045607582,0.0682441712564217,0.1284322018963025,0.1587400675337447,0.1264885352207309,3080113
0,100001.0,50,438,0.0769179235668984,0.1335289193983992,0.0098068157171162,0.6984498097895596,0.1446734490320868,-0.0024672866389377,0.1262917735400171,0.0770030952268445,-0.1800943348366129,3080114
0,100001.0,50,416,0.2532198127014796,-1.6175856923361216,-0.0968553888150285,0.731235997290062,-0.4483356210229585,-0.5530060790850342,0.1568597219107423,-0.3523977468168152,-0.7609052222379676,3080115
0,100001.0,50,401,-0.0857517430748059,-0.0075847626660083,-0.0004295214837626,0.1430168915506193,-0.0861304438774895,0.0471056136775346,0.1461425479282622,-0.1028001094617842,-0.267643880018991,3080116
0,100001.0,50,348,0.1779349484948976,-0.473994291267801,-0.0321379749497858,0.4953440712296468,-0.057153612044935,-0.2366888316662805,0.1251433157532676,0.1230831384907066,0.0049602707745042,3080117
0,100001.0,50,400,0.0847608624801308,-0.0926942306159032,-0.0052769188830246,0.9659723038815003,0.0443260151332713,-0.0705973141392189,0.1252136980446629,-0.000878363349833,-0.0094561580691323,3080118
0,100001.0,50,438,0.3501361711445367,-0.4508592951774663,-0.0619093790946885,0.5293293366324228,-0.1046308370308979,-0.4610576328805558,0.1650951519848445,0.0377792351474673,-0.6603220370394344,3080119
0,100001.0,50,457,0.0368754984540421,0.0742105738252047,0.0223661574639495,0.6623434163254843,0.1959165371444443,0.073453027198595,0.1094880057286072,0.4420098760672155,0.4303977025111716,3080120
0,100001.0,50,405,0.2374795484429317,0.8164540645357875,0.0191290025303621,0.0359816088987161,0.3669272978103552,-0.0548070085160064,0.1128603375051678,0.4555345859141639,0.444822307783866,3080121
0,100001.0,50,430,-0.1692913680114395,-0.2082544335066539,0.0100837128023301,-0.2953173408473913,-0.0916284915579018,0.1391147853533226,0.1209932342502218,0.2868023066845128,0.1732682154028587,3080122
0,100001.0,50,445,0.0137574551087437,0.0159734245286089,-0.0057899128611109,-0.596193443763379,-0.0281658610019632,-0.0322951893491696,0.1442716110834577,-0.1256575303623655,-0.2800771707004194,3080123
0,100001.0,50,395,-0.2715358371633227,0.2597636263317694,0.0295148584882256,-0.2171466235902387,-0.0517952853745525,0.2793005206324854,0.1153755034352049,0.2720650944711241,0.3771277770258316,3080124
0,100001.0,50,424,0.1342659586178781,0.2808193373437265,0.0146628609648241,-1.0913053899870993,0.2349687590762573,-0.0147099165653536,0.1105353599773242,0.2562911223182096,0.3300216697384934,3080125
0,100001.0,50,391,0.5883678395209601,-0.6813339921993035,-0.0920341763383444,0.4958508371084535,-0.0886372073391476,-0.723490397985228,0.1557759749862678,-0.3733428874403341,-0.6881472391188087,3080126
0,100001.0,50,437,0.4166236868112698,-0.8366949646423301,-0.0974505277207281,0.3007611437672663,-0.2948456102784061,-0.6490090596425002,0.1456193942545171,-0.35602258443678,-0.3055329564509795,3080127
0,100001.0,50,459,0.2248842820916741,-0.0353264233858506,-0.020370581802793,-0.1620075196306999,0.0715526760147089,-0.2143045647375299,0.1145673323092678,0.3825272626222735,0.5071872098317457,3080128
0,100001.0,50,421,-0.4086946251423861,0.8825996610631779,0.0702357069026535,0.7186880180503948,0.1073026791877105,0.5294465008770334,0.1153802303044122,0.3375428768873796,0.3576512986665573,3080129
0,100001.0,50,470,0.5758870097696337,-1.5553053310889815,-0.1499364031884745,-0.8975392663965123,-0.5175907911270673,-0.9620375515865556,0.1422415320294784,-0.3362168913566926,-0.5823551008979683,3080130
0,100001.0,50,451,0.3696024972269044,-0.0843409004679721,-0.0213837027105847,1.1091747439802273,0.2043448811152482,-0.3010987307991511,0.1490798631591365,0.1208065242726674,-0.6981211457920052,3080131
0,100001.0,50,521,0.5536876213213731,0.1034844477435,-0.0325898866624201,-0.2504150326115336,0.3012131642962332,-0.4535966266127464,0.1335644305569117,-0.1749656758892656,-0.4282790634129825,3080132
0,100001.0,50,466,0.2885136563982663,0.2599999705831815,-0.0048331050466164,-0.7497156928660315,0.2443767734777928,-0.1849506109592594,0.1323775320183939,0.2247522960101429,0.038220212209698,3080133
0,100001.0,50,426,0.6125383679601022,0.2338703223758771,-0.0407536463904932,-0.3019317072001777,0.3010433240304273,-0.5213485232355042,0.134867788923479,0.0159648915173785,-0.2995725853791535,3080134
0,100001.0,50,359,-0.1958357020949596,-0.4690524566114198,-0.0099731318042759,0.1734363650586017,-0.2612512522550758,0.0697774517827596,0.1509874917709019,0.0801127841175731,-0.6652182689213986,3080135
0,100001.0,50,373,0.221139101343207,0.6006863590130246,0.0215509483536716,0.7577133803188681,0.3685432283340994,-0.0354241598755485,0.1231655583581747,0.4415192311179484,0.1715119118496301,3080136
0,100001.0,50,525,-0.3405427380636673,-0.510440407927987,-0.0083023840397446,0.5455109601484259,-0.388504064717269,0.1590174377248856,0.1642464678178964,-0.3110633317736467,-0.6880923664455227,3080137
0,100001.0,50,407,0.7870361769513771,-0.7848827087559368,-0.1318917159458123,-1.0355114634939937,-0.1820405309997934,-1.0051156286893224,0.1314741805813234,0.0032573068489162,-0.1513442765253831,3080138
0,100001.0,50,493,-0.0337586743903734,0.3096796359947562,0.0189985857531962,0.0127826446884017,0.1035576119724489,0.0995905616050233,0.1210163868503066,0.2047439344448071,-0.0297436536704624,3080139
0,100001.0,50,340,0.4218204007039763,0.0842820747266108,-0.0318619804647576,0.4102579831304488,0.1816049089458825,-0.3746538536693364,0.1419045466287781,-0.1781858809635001,-0.3672611277610778,3080140
0,100001.0,50,455,0.1351434559058571,1.6709309915413364,0.0681655484283614,-0.2321721010385579,0.619100207212764,0.2108662338467082,0.1040474390814527,0.5807127213351794,0.7427511617636376,3080141
0,100001.0,50,468,0.5347242272174425,0.7814939382074073,-0.002359317009186,-0.7606062426619634,0.5001814158184261,-0.3148999601376759,0.1142323208353108,0.434637597358202,0.5309495236583633,3080142
0,100001.0,50,411,-0.4868873911554688,-1.1387397813570894,-0.015069675541416,0.6720226854384955,-0.5793442038277695,0.2141687864372991,0.1290596883914856,-0.1602403984368113,-0.1355081003573056,3080143
0,100001.0,50,378,-0.2883505798425361,-0.6592347408042332,-0.0147518372688179,0.7042427962333134,-0.3850215381189467,0.1023801419039752,0.1427154195011337,-0.3256539186227857,-0.4728753150960919,3080144
0,100001.0,50,411,0.5170765117997829,-0.9560037968781532,-0.1203108992788512,0.2036020824823033,-0.360679289392835,-0.8023627667006553,0.1484469422286681,-0.961104001798595,-0.6175531422594533,3080145
0,100001.0,50,374,0.6488918059693148,-4.048856379300371,-0.1970606031937596,0.6677600283446113,-0.7808312487596544,-1.2000153276761414,0.1532644504342617,-0.7132783340114176,-0.700928938593429,3080146
0,100001.0,50,391,0.5086099636377966,-0.0517271236314638,-0.054477667777188,0.2686701323654674,0.1028745813122189,-0.5197236691628863,0.1386795997468755,-0.3990262682828005,-0.3865901187844786,3080147
0,100001.0,50,499,-0.0260461935684394,-0.5480148370779382,-0.0423304445587912,0.567217086560421,-0.3286306504188177,-0.1641849583487273,0.1362253234627184,-0.1862347725311016,-0.2285239300316605,3080148
0,100001.0,50,516,0.3455906688337912,-0.1312207610092909,-0.0400904569153826,-0.9105686152360372,0.0464362652130051,-0.3666755202900658,0.1349072647927095,-0.0530571207620533,0.0295735767524942,3080149
0,100001.0,50,354,0.5791532149991584,-0.3568288618670557,-0.0768105712506831,0.013350163626991,0.0124972549186027,-0.6535929432331242,0.1709238890361339,-0.2505062168068093,-0.8535357939345439,3080150
0,100001.0,50,329,0.0868399525332742,-1.0819912675837475,-0.0707759472517219,0.668582203125033,-0.4214781126162928,-0.346878621249932,0.1513772175536881,-0.2704796439590042,-0.6802449399939512,3080151
0,100001.0,50,339,0.0431317022089765,-2.7605341747722423,-0.1090812133652541,1.2064582224212916,-0.7378861602752801,-0.4831134086141226,0.1827424007577714,-0.7642978524823021,-1.234137188759736,3080152
0,100001.0,50,473,0.7867867284158083,-1.7051764004875554,-0.1861270690500685,0.1839450715657503,-0.5731022425502804,-1.2353111126663232,0.1886081560283688,-0.9052494344811504,-1.1303688259942093,3080153
0,100001.0,50,454,0.4824217272797148,0.2022261030381334,-0.017225858841758,-0.3559812686692011,0.3432339075793632,-0.3478818948118582,0.1055324364382624,0.7116554021954073,0.8066728636744369,3080154
0,100001.0,50,500,0.3178307383792371,0.4564022075722924,8.778678511751454e-05,-0.537599779329123,0.3077888692387009,-0.1808510080013464,0.1448268082743301,0.1541106057116559,-0.2253599919031464,3080155
0,100001.0,50,413,0.7248959786409201,-0.2120050632534637,-0.0597493221783044,0.6528482716228022,0.2740900630683482,-0.6654991037001764,0.1354295206454675,-0.3510558351359717,-0.3279095363830308,3080156
0,100001.0,50,440,0.5177462190117825,0.3922746892017108,-0.0138297698492943,-0.3298113842420627,0.4019127347041983,-0.3536741684505306,0.1197297100658445,0.0009907393117589,0.3482301146565871,3080157
0,100001.0,50,375,-0.0548896872748407,-0.5966037759170075,-0.0202019491866728,0.9334952299203028,-0.1977383689642635,-0.0537557744123268,0.1430075078812012,0.0613273037400113,-0.633544907490837,3080158
0,100001.0,50,395,0.0751183066795047,0.5188699161733806,0.0389455910816535,-0.2171466235902392,0.3515163336152642,0.1212963488867728,0.1132331310902739,0.4854577485620547,0.460343251262678,3080159
0,100001.0,50,416,0.5046219051500016,0.2991232798050786,-0.0272032862223753,-0.3012197580150862,0.2937828226566185,-0.4025873073761092,0.1329275096281899,-0.0201790072522829,0.0166295925150125,3080160
0,100001.0,50,491,0.0870847919814299,-0.986736626848124,-0.0662504166478286,0.5999030418432871,-0.3907142257812527,-0.3298011139113911,0.1401083689289669,-0.4193595183055381,-0.4202680867387617,3080161
0,100001.0,50,381,0.1264831914204806,-0.8298200984977534,-0.0576999950838283,0.6339789886933717,-0.2902849510837561,-0.3152062935020827,0.1233623078861174,-0.1141425119243812,-0.1392200817909687,3080162
0,100001.0,50,476,0.3088926156948935,-1.219524486710771,-0.1096465930683089,0.0686144941759752,-0.4871471393072709,-0.6395949196354024,0.1863712490072171,-0.3502808222575536,-1.3057085889741598,3080163
0,100001.0,50,479,0.5991805734418366,0.2307037546641009,-0.0454178690214998,-1.2211635487795696,0.2537820008980454,-0.5336595580821293,0.1320128051220488,-0.1230821311184875,-0.0798448011256152,3080164
0,100001.0,50,357,0.6505357940739608,0.7701302323762332,0.0062350595633878,0.2757114717090254,0.6755344569649774,-0.3449630135267573,0.1429463760812967,-0.4358772384693815,-0.6413531448746362,3080165
0,100001.0,50,502,0.3098578395923227,-0.1725349007747151,-0.0429448722179052,0.544151913926,-0.008430792565467,-0.3583242380961851,0.1254933577204466,0.084288239202661,-0.1537956392339505,3080166
0,100001.0,50,342,-0.608161039163621,-2.1201850132507905,-0.0209687726911884,1.9888295415142343,-0.7400691466787251,0.2589029221410308,0.1881743143117119,-0.7985438904174808,-1.5338583717900662,3080167
0,100001.0,50,431,-0.1180925684284621,0.5669300755197733,0.0279400281662774,0.6944603199328084,0.0858132464669303,0.1852802621076219,0.1628253045404208,-0.0169409581403295,-0.7152091761300877,3080168
0,100001.0,50,469,0.466315267785361,0.3266279324046099,-0.0086395644644632,-0.513212598518158,0.389014911549794,-0.3024282626991582,0.1312777662085242,0.1462187996916193,-0.1654266806697165,3080169
0,100001.0,50,449,0.4998607030410973,-0.0909942830278296,-0.0431762101249015,0.0727520897455002,0.174257836757445,-0.4674170570025669,0.1439992663732159,-0.1685218350564792,-0.3977325888959154,3080170
0,100001.0,50,497,0.3699059248062844,0.0015319269207543,-0.0335741227579057,-0.252474230709116,0.1168253866165083,-0.3529109683416404,0.1116237799467613,0.4343763171306591,0.3476559105965608,3080171
0,100001.0,50,391,0.5508816378558735,-0.4239637511886018,-0.0511780849183191,-0.2235547279110031,0.1674433557623005,-0.5299338455535018,0.1251221483068365,0.0155599349364789,0.0691102309070712,3080172
0,100001.0,50,420,0.225896633175176,0.5904422094114103,0.0088044111023507,-1.1055485663817093,0.2817298767488592,-0.091702028791321,0.1139777532634675,0.2176054364727792,0.3612088229314358,3080173
0,100001.0,50,433,0.2527144752638394,-8.212415305592623e-06,-0.0267501827042181,0.0260281855464739,0.0529791592825465,-0.2570467604588966,0.1461307320855803,0.1845149930995332,-0.0615950398631928,3080174
0,100001.0,50,512,-0.2428948269246176,-2.7393562844178883,-0.0776162212859254,1.1642457169606002,-0.7911911937834832,-0.1898983701731909,0.2115552972243749,-0.8144839118034032,-1.9268226169213707,3080175
0,100001.0,50,468,0.6409873936647114,0.5511815956435534,-0.0184993541637706,-0.7289385532227789,0.4872816794672809,-0.4437015473297103,0.1215342893914322,0.3073182104129088,0.3942461625695991,3080176
0,100001.0,50,504,0.974762788765794,-0.9616310098825046,-0.1335750403644386,0.7936813230643581,-0.0156627182497383,-1.1208153963427614,0.1624191548540598,-0.6877967610359375,-1.0663355572518334,3080177
0,100001.0,50,353,-0.0559524096667971,0.0719924489821348,0.0056455642968672,-0.3125778346843582,-0.0139044569196736,0.0556754681161897,0.1191122647889565,0.1419708304987557,0.3284336331637043,3080178
0,100001.0,50,436,0.1688312486242686,0.8005807759079145,0.0544717505913101,-1.152069813030693,0.553532142861407,0.1336571555707371,0.1010239147205273,0.596177511123079,0.9140495469986044,3080179
0,100001.0,50,425,0.1479971413509037,-0.1133135597103079,-0.0202698788133508,0.0884861639774698,-0.0019027682919498,-0.1699472352345705,0.1545862910381543,-0.3929154789914307,-0.4374558001999998,3080180
0,100001.0,50,418,0.445644836875049,0.797979376917573,0.0248512316010485,-0.3864031337788373,0.6093835301596018,-0.1493519171463232,0.114376130198915,0.4716111144275205,0.5006968317042313,3080181
0,100001.0,50,395,0.2338369465710953,0.1851505357245579,-0.0041467863171464,-0.442041578417275,0.1968436810097316,-0.1508729992964855,0.1139653535832938,0.3717808608225134,0.1972027848052727,3080182
0,100001.0,50,535,-0.0138141027593713,-0.1822939066569289,-0.0279499047795483,0.0302187312790963,-0.2137916866171204,-0.1104436179128331,0.1343299001843728,-0.0973507226407297,-0.237527476929257,3080183
0,100001.0,50,437,0.854900157111337,-0.0453519479989574,-0.0754891923958285,0.1312559226665433,0.2865642166775238,-0.8062625299233889,0.1278556198598842,0.1231819045311039,0.0236415638640498,3080184
0,100001.0,50,416,0.1121344593273836,-1.099104785725161,-0.0479527937080189,2.048507133369045,-0.2347822110304958,-0.2662430069642515,0.1604526425954997,-0.5378239465053363,-0.8508779718231166,3080185
0,100001.0,50,446,-0.3204633026684298,0.4123800160467289,0.0484564464347661,-0.0374935949585105,0.0370838223685516,0.3873881931513757,0.1305495882563551,-0.0245467152292388,-0.1089247189136083,3080186
0,100001.0,50,424,-0.3621542753777644,-0.8737553706168419,-0.0123371926314571,0.725274120523916,-0.4389052414476878,0.1545044789310502,0.1359134562916075,0.0188332989251145,-0.2363184814517717,3080187
0,100001.0,50,336,-0.3917467304534414,-0.6985394014444429,-0.0069570779724942,0.3221925293366739,-0.4299703276879868,0.1943286288207105,0.1225304493054707,0.1953637504878586,-0.0268488205802643,3080188
0,100001.0,50,320,0.7095228230802764,-0.6234806065424497,-0.0902730540555981,-0.0981088808813596,0.0441802782473521,-0.7839812695782173,0.1361977930707166,-0.1881512215579167,-0.4210928143301474,3080189
0,100001.0,50,354,-0.4083007896341622,-0.2043779908731795,0.0199612068393079,0.1805202704710927,-0.2533032149635192,0.3169529500229258,0.1292022623002689,-0.0387729810294216,0.0322541757357051,3080190
0,100001.0,50,404,0.3592331419200927,-0.3782000281588439,-0.0450988322683706,-0.1390471200385008,0.0250674152231782,-0.3950720121541042,0.1253869525338225,0.0738911794686237,0.0340392315525361,3080191
0,100001.0,50,434,0.2399830467952818,-0.2324418583124471,-0.0342826337454281,0.2573199470123596,-0.0133000427110669,-0.2815841449251756,0.1283063987016126,-0.0527271307822539,-0.1762148963759773,3080192
0,100001.0,50,395,0.0553771823148789,0.1581583717241805,0.0036850822735878,0.2326432860638309,0.0800206963118241,-0.016058629014649,0.1351196107582105,-0.0461414317508687,-0.1229690868634505,3080193
0,100001.0,50,340,-0.5953992760643699,-1.636355110895081,-0.0072029734446364,1.8022754560354015,-0.6293162903208908,0.3095002247397641,0.13718820861678,-0.0781615736459866,-0.3693466081794646,3080194
0,100001.0,50,435,-0.1425658371337307,-0.8354182350010381,-0.0351973985958029,0.41944252648971,-0.3900616094492395,-0.0672666591643692,0.1509727517380578,-0.4465590666640831,-0.501812123246579,3080195
0,100001.0,50,523,-0.3096129738083406,0.1302081190214299,0.0312063058071789,-0.6590174570776605,-0.0753251555415408,0.3085893593413061,0.1100938092131829,0.2294650833305366,0.3707363616173866,3080196
0,100001.0,50,477,0.1948558706053789,-0.1556153533665057,-0.0260781758142008,-0.1248752718998259,0.0014982580377644,-0.2213438014504441,0.1236150400754361,0.4253754873177318,0.1420651868505936,3080197
0,100001.0,50,349,0.0027699636339487,-0.5640278487544403,-0.0242835447256224,1.33225243174912,-0.1709433452364882,-0.1037076649953372,0.1714901477832512,-0.2981028232216465,-1.062188821476086,3080198
0,100001.0,50,376,-0.2610286603421106,0.0479559326481343,0.0150729374151282,-0.1011771662375927,-0.1451681624652465,0.212400478657786,0.1194354934956438,0.1906112299195799,0.0970662578468178,3080199
0,100001.0,50,501,-0.1145457563305734,0.1399436706816645,0.0095968172647575,-0.0104460419320401,-0.0418985474357964,0.1059038103145417,0.1218689788053949,-0.1694524359947408,0.0707982346464081,3080200
0,100001.0,50,365,-0.6725305967108178,-0.2054221221521439,0.046416802702671,0.6841250325234968,-0.3200869053676897,0.5790966666381732,0.1367793912436769,-0.3812613188849617,-0.3175693005250724,3080201
0,100001.0,50,432,0.2517647889505888,-0.3089396299063056,-0.0443065303876811,-0.000581432305218,-0.0736704721342141,-0.3306041758188295,0.1354314453053949,-0.2480368384952458,-0.2090827064980114,3080202
0,100001.0,50,514,0.876292273748689,0.1663872455647036,-0.0555188898796576,-1.0743567195829105,0.4485888198481422,-0.7345309602868226,0.1074417390718663,0.3461717204567021,0.3915478931884772,3080203
0,100001.0,50,454,0.156019691422162,0.5623624680427683,0.0106657519771507,0.3294323810276435,0.2273330571933076,-0.0439250270539299,0.1190245119787045,0.2174771742297844,0.311869494992572,3080204
0,100001.0,50,438,-0.1292441483650531,-0.7705745849355806,-0.0255809862809684,1.3749317024181034,-0.3082933039708219,-0.0342833243585998,0.1370481332067711,-0.5540559903135072,-0.4381422308036004,3080205
0,100001.0,50,419,0.5333557042452222,-1.5835021563737075,-0.1459785546721467,0.1722338797159077,-0.528937366164303,-0.9200783676691078,0.1234427505942136,-0.3363338871172047,-0.25107667729483,3080206
0,100001.0,50,311,-0.1747212135798936,-0.2269647298267772,0.0064960736042553,-0.1484319080584866,-0.1233703805920311,0.1269906063683909,0.1339957035445757,-0.1721401098898712,-0.2520417007373937,3080207
0,100001.0,50,453,0.6483307267076287,-0.2478662030273631,-0.0985519682222536,-1.036410614088246,-0.0789174127760371,-0.7860039312311052,0.1659141156462585,-0.1311712553026261,-0.8776437949526918,3080208
0,100001.0,50,394,-0.0482725747597459,0.1324538957933642,0.0075346140596199,-0.0214572195608156,0.0071626594346171,0.0592934909782991,0.1389564546748932,-0.0748794826388702,-0.077656541691418,3080209
0,100001.0,50,560,0.4580874917148442,0.2357135510888237,-0.0219263458319054,-0.6480874614497535,0.2849904202733146,-0.3540142397827194,0.1244472789115646,0.4301337600760005,0.1503534632103091,3080210
0,100001.0,50,472,0.4616244231128219,0.4823624908126977,0.011202897710526,0.159911093622511,0.5266464359997395,-0.2158932953379036,0.1353615520282187,-0.0976606082600148,-0.3279790609744329,3080211
0,100001.0,50,434,0.0513870430363378,-0.9554544718093934,-0.0425770703256883,1.0082681268976932,-0.2552196010696746,-0.2090314332256306,0.1400258427393303,-0.1996420090552578,-0.5122167008715425,3080212
0,100001.0,50,407,0.9549573528469422,0.0991981429746204,-0.0799979888917003,-0.4897474689026965,0.3520804983735563,-0.882071994156354,0.1227713612917694,-0.2251089155349269,0.0475014219721385,3080213
0,100001.0,50,525,0.4871291459032701,-0.5200859164392563,-0.0614736553337872,0.9974499950650484,0.0297470656068439,-0.5379021540420219,0.1272619047619047,0.0048082332991336,-0.0265383937018361,3080214
0,100001.0,50,455,1.070316258468138,-1.1765386063868588,-0.1807407475693321,-0.101902447371117,-0.2596350708831428,-1.3738530248724368,0.1628826530612244,-0.5961012890981406,-0.6818963243825887,3080215
0,100001.0,50,512,0.1412390533347854,0.0287768738515202,-0.006858187777176,-0.1679052825005506,0.0872956055062485,-0.1095452991419302,0.1280444820415212,0.0560381636679871,-0.1421048068429432,3080216
0,100001.0,50,408,-0.2458833656088734,-0.5744025386341685,0.0082359377080372,1.2455692603185085,-0.1791459296721569,0.1749881716564087,0.1234147980179726,0.179405083357022,-0.1342284771692811,3080217
0,100001.0,50,416,0.2111943882921744,-0.4328446180053014,-0.0620293375187019,-0.692840906579108,-0.23966476041519,-0.3821262450890103,0.1418314200680272,-0.268580962293357,-0.2688724772265517,3080218
0,100001.0,50,426,-0.1909694361473791,-2.327039473472437,-0.0647333741343644,1.4018566583610443,-0.6484230787687877,-0.1642473303430842,0.1561507936507936,-0.6318998065866605,-0.7969615926189783,3080219
0,100001.0,50,481,-0.0972406229040616,-0.2098951018165226,-0.0148048435843938,0.3726383621200519,-0.2001179466078904,-0.0071367590093557,0.1257993981002539,-0.2034870365357668,-0.117747773697746,3080220
0,100001.0,50,373,0.3030031546796306,-0.3184303812334117,-0.0538864259044957,0.3212533055793953,-0.0917885402890828,-0.3997740191890199,0.1420434553131597,-0.3300174129119959,-0.4322398859789839,3080221
0,100001.0,50,451,-0.2278679100703046,-0.1088213965287863,0.0147574502950149,0.7806284648180013,-0.114707081081799,0.1922814458738323,0.1160793020912068,0.6919018621948413,0.5000422503841121,3080222
0,100001.0,50,454,0.2462278490114858,-1.7699090449502577,-0.1375316735073176,-0.0948713068799271,-0.7471666216273776,-0.7213482788400106,0.1888494528246081,-0.8073708680895417,-1.1543094398067826,3080223
0,100001.0,50,346,-0.4857785054292386,-0.4349500496148715,0.019369018632573,0.8592043395219618,-0.33285367005658,0.3586530349268781,0.1084123790361214,0.0701757860793871,0.2208148040549558,3080224
0,100001.0,50,409,0.0020281436942127,0.2814627301515429,0.0214353343385835,-0.39484019526112,0.1554244510224442,0.0892405465078915,0.1115694849368318,0.5539356447945722,0.3697458722459019,3080225
0,100001.0,50,438,0.2716661783676695,0.247929201152619,-0.0115569314150607,-0.2486248398904025,0.1800990110011654,-0.2037301707714508,0.1324526937211666,-0.0454865249432348,-0.0854594124506956,3080226
0,100001.0,50,361,-0.7017797946961907,0.0409005770363471,0.0540613949555028,0.4411771579655648,-0.2938938892197027,0.6279276671977988,0.1218097977446012,0.266854385183585,0.2102278625007518,3080227
0,100001.0,50,470,0.4414518833178048,-0.4804527737164419,-0.081520285911817,-0.298399648381856,-0.1573090255531408,-0.5962465628614301,0.1560310691440755,-0.4007880528284532,-0.6435197058809092,3080228
0,100001.0,50,390,-0.5264615732008965,-0.7352797157147357,0.0006235075187819,0.6573905963041189,-0.5056078824966292,0.3029624953909518,0.160888714460143,-0.5346802857939201,-0.7138791511666652,3080229
0,100001.0,50,388,0.2526344893597903,-0.0392132338736082,-0.0350008763860377,-0.390602681001399,-0.005695968430027,-0.2916023091582894,0.1577489970347113,-0.1443422617041255,-0.8286794307827687,3080230
0,100001.0,50,461,0.2647705538014182,-0.1986923550837924,-0.0470978663832748,0.0494230628017018,-0.0813910101546044,-0.3499744837126551,0.1551618172021283,-0.0805289940598209,-0.6405281577586336,3080231
0,100001.0,50,572,0.9279878298615324,-0.1647947366517297,-0.0708902145360261,0.1262140998061503,0.3872217278618822,-0.8293389914839474,0.1397060988897723,0.1008591896748622,-0.3768162288722681,3080232
0,100001.0,50,338,0.4728276988584942,-0.3376307659136814,-0.0830102255144761,-0.3554903630206489,-0.1344599898365663,-0.6187295497940892,0.1253401360544217,-0.0191388169355983,-0.11581925640946,3080233
0,100001.0,50,440,-0.0667259329720633,0.0782702103890932,0.0031849913914856,0.1752571964137182,-0.041750501234031,0.0515026631030303,0.1259126687324144,0.1688433669862764,0.0313235372699724,3080234
0,100001.0,50,430,0.7053170810555015,-0.646794266617974,-0.0997062443445352,0.3592260758601698,-0.031447056036777,-0.8230942827032268,0.149856893977103,-0.509997861898605,-0.6879547445488589,3080235
0,100001.0,50,368,-0.3621410424083374,-0.1644745478695761,0.0181636807381565,0.1289962264047054,-0.2211737056014676,0.2830856990879997,0.1096430419994084,0.5675102006573379,0.43881563248678,3080236
0,100001.0,50,381,-0.6057420877523438,-1.2785354990122584,-0.0046893988937386,1.4109911880050292,-0.6205944227503236,0.3258289914842368,0.1729969765684051,-0.9262994458989218,-1.087178155150763,3080237
0,100001.0,50,367,-0.0220062952442536,-0.0247022805206296,-0.0032947646384812,-0.2649164711686571,-0.044904363854117,-0.0013132941769698,0.1172230481596612,0.3935247510646829,0.3813309985345419,3080238
0,100001.0,50,470,0.0594431576576578,-1.2154022292063729,-0.094020973096673,0.1746053132086622,-0.6162847243373012,-0.4312337786880355,0.1475502105604146,-0.3745425900960634,-0.6181308003664245,3080239
0,100001.0,50,456,0.4359216851338164,-0.4135560966684338,-0.0582781894217552,0.5735213253803486,0.0041049418248411,-0.4947797688442388,0.1711948326128481,-0.4317000133879287,-1.1974449069314377,3080240
0,100001.0,50,392,1.043643684688932,0.0342226377518738,-0.0929622112889774,0.1840599649022706,0.3457664706799047,-0.987138095075923,0.1536623269997654,-0.0541686220892514,-0.7202694462022494,3080241
0,100001.0,50,448,0.3941362556092943,0.0845297016253603,-0.0255445294795438,-0.3496895128008221,0.1983027365793539,-0.3326562162394648,0.1238705077990792,-0.0112824029553439,0.0124473510228612,3080242
0,100001.0,50,375,0.1146292552062816,0.1788819667797921,0.0064127453503838,0.8940272239212255,0.1569904033213189,-0.0383950118368175,0.1362966974499296,0.0078686997498113,-0.3925040178510807,3080243
0,100001.0,50,374,-0.0409610377659845,-0.1309033367754331,-0.0164360156643894,-1.6274634281974272,-0.157292851037284,-0.0458404657485884,0.1509631490787269,-0.1945373994006986,-0.5913666545022124,3080244
0,100001.0,50,413,0.0008273105103478,-0.2562800531238718,-0.0259946756815149,0.2942588864468172,-0.1853141663971134,-0.1101141315970769,0.1563714771622935,-0.5661458311776569,-0.7280279682511924,3080245
0,100001.0,50,407,-0.062537626209747,0.4867048324322947,0.0196323246258441,0.1287850583007738,0.0799855892877944,0.1184601280256358,0.1130057286072323,0.4135743387515548,0.5233846803959332,3080246
0,100001.0,50,423,0.1012766659013123,-4.202477871564662,-0.1562923512033804,1.4000710853784992,-1.0211710509961307,-0.7172351481894292,0.1816741330678613,-0.941901758768824,-1.1224838866533424,3080247
0,100001.0,50,463,0.4272456410733978,0.3616504583923848,-0.0022681335556037,-0.4771421014711009,0.3969449375828668,-0.2532279616712097,0.1328894972623195,0.0421397941061392,-0.099959284271494,3080248
0,100001.0,50,363,-0.2096449085884568,-1.523595313161383,-0.0255044597389017,1.439733093670812,-0.3857108402667545,0.0122792128539831,0.1481224940307248,-0.4059969723943654,-0.7095290767436335,3080249
