start,end,N,SS,FulD,FerL,ZngE,TajD,FayH,bsfs,Omega,btree,Colless,path
45000,55000,50.0,5.428571428571429,-0.6186094694226532,-0.03662277635463403,0.07042818907706423,0.10929588710157952,0.0016545244752711806,0.010862221264380254,1.2000565812501645,1.2624011328790907,0.07884513782837395,3070000
45000,55000,50.0,2.9047619047619047,1.164134230919051,-0.4898665109353959,0.2704191111121304,-0.4086114076396964,-0.5420758480260904,-0.030802790893714904,0.06528018632872558,-0.23561386348840893,0.13105901090594965,3070001
45000,55000,50.0,4.380952380952381,-0.9899696401195736,-0.15835230629071262,0.44227823418911494,0.8220265548228012,0.1274736521444662,0.04763321362543008,0.7048205975719956,0.7648762421887408,0.09360355253212391,3070002
45000,55000,50.0,4.428571428571429,0.6385279618013273,0.6202571544223361,-0.6681346291664183,-0.4086419516510548,0.12641630487186553,-0.002458331703847589,0.03153441677846108,-0.21264915276934465,0.12742954324586972,3070003
45000,55000,50.0,3.238095238095238,0.38071512087246473,-0.027424943258574717,-0.11732774292152928,-0.37032411378629293,-0.33558734110359567,-0.028052055561342243,-0.7339419002390448,-0.7008465842380829,0.17138740416801637,3070004
45000,55000,50.0,4.428571428571429,-0.8548727842989101,0.08469776515709947,0.09301006534171125,0.3983438870923626,0.09322348350431324,0.03556625606467112,-0.28085187630652336,-0.1977102227116174,0.1319714393693985,3070005
45000,55000,50.0,5.666666666666667,0.8904501715656452,-0.12082587678285231,0.08125548595127857,-0.08318103203331673,-0.019426351722570984,-0.0019320962366943435,0.07529555407777304,0.39365037014685395,0.10774445832754867,3070006
45000,55000,50.0,3.8095238095238093,-0.5739519518457654,-0.28229560095480266,0.35023476425052735,0.3257621763244553,-0.10585975936869317,0.011376618114236858,0.2950086210250381,0.12310697650892101,0.11818310657596368,3070007
45000,55000,50.0,3.761904761904762,0.23389828339550425,0.3512158605801261,-0.4725962408643025,-0.4989641138206721,0.03998650690449089,-0.006985877488703084,-0.49895319827854173,-0.7057433884506752,0.1896602688694525,3070008
45000,55000,50.0,4.761904761904762,-0.8917357237613818,-0.5859558072985737,0.5833669990599551,0.24743167393209392,-0.1384492166383662,0.0021874131825549347,-0.41229020375019315,-0.33944735367672907,0.1488263956376201,3070009
45000,55000,50.0,3.0476190476190474,0.002762227189430871,-0.588484368157441,0.3824404459609251,-0.29128110800010054,-0.5285690848967601,-0.02554463915788353,0.09932345827233403,0.22744405195449297,0.12057755641939312,3070010
45000,55000,50.0,7.380952380952381,-1.546498282781655,-0.44141055403944307,0.4287520526075643,0.11242798387606993,-0.05403101052798404,0.010882521614021076,-0.1801492846290087,0.23446382917404607,0.11293259367238953,3070011
45000,55000,50.0,4.0,0.10762183283558328,0.12697415045179547,-0.3689341069679974,-0.7153213512779276,-0.021225754652851654,-0.039144377101746106,-0.882060703127688,-0.8448939116448593,0.177322913292301,3070012
45000,55000,50.0,2.6666666666666665,-1.1237965636893623,-0.4521407090759687,0.3971618792576736,0.06718089981493766,-0.5832856149938387,-0.0035489924763423076,-0.41799420400273957,-0.2732218640617842,0.1490834258873617,3070013
45000,55000,50.0,6.142857142857143,0.04611531873310902,-0.3529381965503647,0.4157574854592063,0.30318145439871874,-0.0500752888320152,0.008058737149715863,0.010011675223764603,0.12457612542056921,0.12504926573804123,3070014
45000,55000,50.0,3.1904761904761907,1.6292182095530159,0.3362786996742562,-0.31097932789470034,-0.1104698732190142,0.14451540190967693,0.00859703021351135,0.704663388227437,0.29954468425203157,0.10638969873663748,3070015
45000,55000,50.0,2.1904761904761907,1.981689525722243,0.12472123959722126,-0.14829773740268176,-0.13973926803264677,0.03620997452459377,0.0007284499489700697,-0.5032292134011884,0.250389202582841,0.11865011877766977,3070016
45000,55000,50.0,6.476190476190476,-0.1539566877686265,0.10180847567636905,0.04708670567382013,0.3478785315732974,0.05488396791858661,0.03253664591843873,-0.12624680171838773,0.06219051579748608,0.12662846884785658,3070017
45000,55000,50.0,4.0,-0.35590535528771094,-0.2774749324120447,-0.01789944087992913,-0.664726415522974,-0.14528022599843957,-0.041626021986753636,-1.3155184866389118,-0.7061144076729209,0.17894935752078606,3070018
45000,55000,50.0,5.095238095238095,1.8223457338545679,0.18677550213386618,-0.35329627212576975,-0.5177822663604296,0.051504039166322416,-0.028510172977324045,-0.8642144360298426,-0.3819277179777185,0.15641129467660075,3070019
45000,55000,50.0,4.857142857142857,-0.22499130108466153,-0.012720820260830651,0.2019442443970913,0.511079428179229,0.11190293078745092,0.032569311190541184,0.023498248625026426,0.008444184395408182,0.11407447899794834,3070020
45000,55000,50.0,7.571428571428571,-1.5826343502336482,-0.008222573989956834,0.3876190561988365,0.8970502384623353,0.10866792465467007,0.10078410781968629,0.38960955919651563,0.3467666659296813,0.1037480525089854,3070021
45000,55000,50.0,4.238095238095238,0.2694962521309248,-0.08833753759741425,-0.04466289680905211,-0.30897890757754815,-0.010387713164608308,-0.035041791340626946,-0.019599339969447325,-0.09136741928291492,0.12209939531368098,3070022
45000,55000,50.0,3.761904761904762,1.6456247030363773,0.31585455030270626,-0.5517392789885266,-0.7940653739295814,0.046354074334094345,-0.04440118888290969,-0.10183612923078765,0.1967116496664493,0.12090014577259474,3070023
45000,55000,50.0,5.904761904761905,0.6559605389888976,-0.8951823113113351,0.7801712305122253,0.08022472412850146,-0.249211014197554,-0.04327534669429983,-1.2114358602989777,-0.8147803294304838,0.1591836734693877,3070024
45000,55000,50.0,4.380952380952381,0.003917433690135414,0.30833619284794767,-0.22075224980843725,0.08726237008116333,0.11411966943959535,0.01810627191068393,-0.3305132172782646,0.2002482120044382,0.12388510959939528,3070025
45000,55000,50.0,4.9523809523809526,0.7281747962486891,0.08646222934562113,-0.12441467952870455,-0.16442620356990728,0.03533754365213024,-0.001710537752675816,-0.8690849740765164,-0.7860624723517433,0.15775405116695201,3070026
45000,55000,50.0,5.666666666666667,-0.9756861091377909,0.07526400627686379,0.15512621276886382,0.5727358170308445,0.08837307431737194,0.043523703534952905,1.289359029414228,0.6727134156939153,0.09719162797394088,3070027
45000,55000,50.0,5.857142857142857,-1.361148782659539,-0.2597956786290466,0.37185544402970705,0.3794846264855826,-0.010237100179040448,0.029207639885699906,-0.27866036882558604,-0.2243712633664919,0.12951557607169847,3070028
45000,55000,50.0,5.809523809523809,-1.1187603760050888,-1.70153284521338,1.157253054247532,-0.6938010789644343,-0.5110941844742292,-0.11291956333283937,-1.545728183047875,-0.8188601672253328,0.18540143381615679,3070029
45000,55000,50.0,4.380952380952381,0.06533048167336561,-0.0884737712258132,0.20789993984892527,0.35745539786007924,-0.1244878215384573,0.025787188530501347,-0.27575594885744836,0.17451022044916303,0.12296188316596475,3070030
45000,55000,50.0,4.238095238095238,0.15193924666605121,-0.31839913057860636,0.3293864427621343,0.16001717721603406,-0.07454233624935319,0.012904059783481824,-0.3458833043356736,0.057509456375031014,0.12928341971709317,3070031
45000,55000,50.0,5.571428571428571,-1.0566322845519505,-0.2537313241408473,0.21548965081476035,0.015023879712604651,-0.04962411137369242,-0.0005434267841971216,0.022993954212108803,0.46079126113179053,0.09970912968361943,3070032
45000,55000,50.0,4.761904761904762,-0.9471787814720299,0.5482939480178685,-0.39754852554025677,0.16043571531319456,0.1864780281209884,0.03238662406664599,0.8180151308527225,1.1541390606311048,0.08433417017600686,3070033
45000,55000,50.0,4.809523809523809,-0.04530973863446733,-0.029655581249737703,0.016790079077095104,-0.04020822658943272,0.031109450212423586,0.00717944652265516,0.5810557097313215,0.42923037219904603,0.11303131796936458,3070034
45000,55000,50.0,2.1904761904761907,-1.3652148093631475,0.04688176430958803,0.044666463263135545,0.23953314693358183,0.2581855788573385,0.012487208088425444,0.44836752771039584,0.45358398158392293,0.10527210884353738,3070035
45000,55000,50.0,5.142857142857143,-0.6376450749130799,-0.49561494231099107,0.27575532153527177,-0.36213235030539925,-0.1502416945393217,-0.04602965701391898,0.07057074654083147,-0.2965589288558991,0.1419634180202693,3070036
45000,55000,50.0,2.1904761904761907,1.5558897976475545,0.13383807853869856,-0.3004223922089383,-0.5747865167952326,0.1247262236579342,-0.013808659303120623,-1.2929379791578268,-0.8290977403019715,0.16819187992657375,3070037
45000,55000,50.0,5.428571428571429,-0.657837053645949,-0.3469337886953819,0.5812022082815572,0.7766101320512393,0.10445453322591475,0.04254780895406508,0.26448254618653777,0.4888538437032481,0.10412010042112078,3070038
45000,55000,50.0,5.238095238095238,-0.10145794449043224,0.4667456849466059,-0.3654553108486815,0.06708497497543166,0.13402988311373878,0.01312357903490346,0.2744547393125528,0.5781828175053464,0.09855644638807898,3070039
45000,55000,50.0,4.380952380952381,1.5491588496383986,0.190111802720541,-0.30746528514340343,-0.4322919351529508,0.030764369813983936,-0.021154090145844812,-0.3694723096659714,-0.3632929475613313,0.14490200842241654,3070040
45000,55000,50.0,5.142857142857143,-0.692101673804684,-0.0757901452405729,0.23178763164116684,0.44789760478993124,0.1013539249466936,0.03479143607599179,1.1550555945346437,0.9476461871697219,0.09362312385271564,3070041
45000,55000,50.0,4.714285714285714,0.17959556463080023,-0.3845766201251909,0.5038876312993775,0.4889707960225506,-0.012390631344029996,0.02386909242975635,0.618440751883794,0.20014040717214543,0.11456308713961771,3070042
45000,55000,50.0,5.142857142857143,-1.2325012972230602,0.19771894389784186,0.0790940870043501,0.6328359451000267,0.12074766534111274,0.05243055860225427,0.5142972121227914,0.16967594773275274,0.11907798833819239,3070043
45000,55000,50.0,2.857142857142857,0.9736656825382914,0.12780449962189813,-0.23097217376476115,-0.367950082067644,0.0835044325950518,-0.010491990481911188,-1.0982433752751943,-0.687073713080546,0.1667125580390886,3070044
45000,55000,50.0,3.761904761904762,-0.4128329642761938,0.06754706982332348,0.14355870473245771,0.5561654294669788,0.19322684450511746,0.02850519908623775,0.6113968378456043,0.5027939335516423,0.1040829823993089,3070045
45000,55000,50.0,5.571428571428571,-0.8733874804103617,-0.3123085066586114,0.42638957679061534,0.42748199752173976,-0.020824877394410572,0.027822025790479564,-0.5690921517524409,-0.10417983119339673,0.1359538656732534,3070046
45000,55000,50.0,5.428571428571429,-0.025445425614973892,0.14365654537771083,0.06192774326829819,0.4795725240045694,0.0885880475353734,0.03819435710113251,0.7031485736674945,0.8763436352776129,0.09181513875391423,3070047
45000,55000,50.0,4.0476190476190474,1.3638757793428158,0.2817373363522508,-0.3247015679916405,-0.2594384634083416,0.059477150776821114,-0.0025972595591614955,0.07123772708496914,0.2996016020561495,0.10847910592808548,3070048
45000,55000,50.0,4.190476190476191,-0.031207561908272955,0.2827565557261068,-0.05714057778415011,0.4788371482022782,0.19769856973238653,0.03538506354238686,1.3486103632416107,1.3699482350543744,0.09083117373933695,3070049
45000,55000,50.0,3.9523809523809526,-0.17314292010045168,-0.17537098413332117,-0.042173264287963794,-0.5214987053609039,-0.1014207911345899,-0.030314648369945595,-0.5689980043393351,-0.21866381884334773,0.13337315084764062,3070050
45000,55000,50.0,4.095238095238095,0.5589132489165688,0.28486630507224453,-0.3431413896093406,-0.28136661690287657,0.056654491861151304,-0.013659097470364043,0.11776594916902437,-0.24818738902282847,0.12923955296404271,3070051
45000,55000,50.0,4.809523809523809,0.007163823471239471,0.1015206833453066,-0.16848364794892623,-0.24364191110135724,0.019977686282074466,-0.003745027683343966,0.041744758784185404,-0.12817924248030038,0.13699182053773884,3070052
45000,55000,50.0,4.333333333333333,0.17865598797848023,0.21141932201547134,-0.19260497134260812,-0.0614787841730182,0.05752736754545405,0.01133578948923701,0.4194870453654696,0.11986554886763422,0.12492981319511928,3070053
45000,55000,50.0,3.5238095238095237,0.846608407543771,0.16114826328864826,-0.002107287492468135,0.3601487945670071,0.15175829919920794,0.020373137039640152,0.784644040449299,0.7816993894250915,0.10287091026886941,3070054
45000,55000,50.0,4.523809523809524,0.2711701661029156,0.006489956602799584,-0.059749464068960166,-0.1395098238833556,0.018771997158849633,-0.011463594705504202,-0.4478195694109115,-0.023053033812500227,0.12892506208832735,3070055
45000,55000,50.0,5.714285714285714,-0.513156589048452,0.37642430649750536,-0.31579388880483883,-0.0015353786286661953,0.07460408136728977,0.02230526090163972,0.4691050124049667,0.25028173240349716,0.11476824856926895,3070056
45000,55000,50.0,3.6666666666666665,0.09942448735559867,-0.1102921263102151,0.0015255993094642338,-0.23398494527142816,-0.30146916669956036,-0.006270708304096874,-0.5108822984962688,-0.7233272139506125,0.1710175736961451,3070057
45000,55000,50.0,5.333333333333333,0.9071391298157115,0.20860066616463374,-0.19555520718312389,-0.014054547468177808,0.04649461133119396,-0.014919872454466762,0.2007892463806279,0.3474294759437808,0.11155247813411075,3070058
45000,55000,50.0,4.571428571428571,0.196323401881908,-0.030123330241685835,0.22428951323856125,0.4991485660642443,0.15753716733122597,0.02219981626965195,-0.2054594845726495,0.17083259934039666,0.1112751052802073,3070059
45000,55000,50.0,3.2857142857142856,0.17627577757573973,0.6632777066920876,-0.6631769206783759,-0.3072539388981304,0.19855970778057047,0.0014950690738356903,-0.6264391238127698,-0.2321265150642525,0.1279869884461721,3070060
45000,55000,50.0,4.0,-0.018229173348153615,0.04138019326506985,0.19450061989218226,0.6060107874126405,0.11707868150099258,0.03889196144702145,1.3003017490078488,1.1128675339261904,0.08650557445200298,3070061
45000,55000,50.0,6.285714285714286,-0.6654394475693988,0.18865277047244366,-0.13922953611422692,0.043221406014770467,0.05118690367980924,0.019430652921630407,0.37937470129990236,0.23726915798995574,0.11997084548104953,3070062
45000,55000,50.0,4.0476190476190474,2.1321714585704528,0.6191005853736818,-0.7179320139748194,-0.5609128363893356,0.15272031938991396,-0.011760244580986071,-0.09136191843659812,-0.20577263425311815,0.14947562358276642,3070063
45000,55000,50.0,3.5714285714285716,1.0613891367950044,-0.84847419050563,0.504843072150125,-0.572459560578249,-1.3361458297146085,-0.048771057492123016,0.2031779995922872,0.06139585086976593,0.12484680380088539,3070064
45000,55000,50.0,2.3333333333333335,-0.18733794449198268,-0.05762013773761647,0.13525236354595663,0.2353625354805528,0.09805261105508252,0.008381959722604013,-0.4994580459833201,-1.0461785436056137,0.17594482237339376,3070065
45000,55000,50.0,4.857142857142857,0.0961881452352417,-0.6800691289209012,0.7210325602621408,0.4187459471403015,-0.6195465053005895,0.019632592328217964,-0.5664162994043368,-0.3981672230595069,0.1596891534391534,3070066
45000,55000,50.0,4.190476190476191,-0.32616840697760124,0.3724683617129766,-0.2771446565267218,0.06364632941854867,0.14790464739507517,0.02285380090676517,0.771845711703044,0.31119449498653473,0.11823728924676444,3070067
45000,55000,50.0,4.714285714285714,1.6145582249744077,0.21076896959520486,-0.21911127512257814,-0.13817114054900193,0.04286045560409718,0.001713790354348552,-0.4824246709914717,-0.248605469203476,0.12339987582334519,3070068
45000,55000,50.0,3.9523809523809526,-0.07726584746928647,-0.19107499953492382,0.08229916111229485,-0.23119040635678847,-0.030663177300159477,-0.010336341349222134,-0.3428585067357175,0.017013848644982513,0.12517546701220167,3070069
45000,55000,50.0,2.0476190476190474,1.8437118588016301,0.3516555523804074,-0.4411192299792469,-0.4193538476829743,0.30254578203525034,-0.024414809652630324,-0.11843258824521435,-0.7197648374561106,0.16367022999676056,3070070
45000,55000,50.0,3.5238095238095237,-0.6301125892900539,0.40388589740725483,-0.20078604669786995,0.355866126005745,0.23672468204479835,0.034591840142732144,1.2623131765067246,0.7490338335049797,0.10220481049562677,3070071
45000,55000,50.0,5.380952380952381,-0.9628546669596287,-0.010472478803043462,0.12643358643128266,0.3000371942658973,0.08082856216533466,0.023517128583950185,0.6572426077054877,0.6354700919250192,0.10041138337421132,3070072
45000,55000,50.0,4.809523809523809,-0.5693446271075533,0.20580452245878594,-0.02209944811473908,0.4010889590117842,0.21531188017477434,0.034194650713383096,1.0671482304493773,0.767321958434095,0.10772883983525378,3070073
45000,55000,50.0,4.857142857142857,-2.0023364789686537,-0.016843409791926136,0.15471331194346863,0.3825074881425971,0.09969765356434082,0.025673855678326345,0.3762876980430136,0.6349323405069577,0.09842349638268001,3070074
45000,55000,50.0,2.6666666666666665,-0.23444096989736282,0.13034995512150896,-0.10327961868207546,0.030210289863865918,0.24440970326160633,0.0013014694476274032,0.3621590325426972,0.22172178951982527,0.1295364971385379,3070075
45000,55000,50.0,3.4761904761904763,-0.5271465733303243,0.4255288045008461,-0.2392225766785332,0.3286710644492298,0.2869329568364695,0.024407273679142832,1.9166605582352152,0.5193457072148548,0.10939558363027746,3070076
45000,55000,50.0,4.142857142857143,-0.45234033101650173,0.257208578146169,-0.09305030867630577,0.3329129916867896,0.11376351047834728,0.026492367112329263,0.6044553475312762,0.39214068483812026,0.10605833603282579,3070077
45000,55000,50.0,6.285714285714286,-0.1890251498769906,0.07775059027128578,-0.17279614813389169,-0.2742550814556907,0.02458007911373025,-0.016092891840884183,0.23173615908237197,0.15894083099505427,0.13100473182470265,3070078
45000,55000,50.0,3.2857142857142856,-1.242561160920666,-0.16925910185920878,0.4487642538884139,0.8396970908364594,0.18798985501692647,0.039945691837201876,0.7495995663105912,-0.12019288513354462,0.13075580005244725,3070079
45000,55000,50.0,4.238095238095238,-0.7804293607129608,-0.4322297147509092,0.7300174938743174,0.9939432202977304,-0.07034184441293365,0.05139404551898934,0.4012882146564589,0.7478599292907941,0.09920769895259687,3070080
45000,55000,50.0,3.6666666666666665,0.09337675634304334,0.23039042137456445,-0.04777760266224923,0.3722984676864024,0.13753974900701743,0.031695960540617976,1.2588548757554943,1.0263202694461828,0.08446814855949934,3070081
45000,55000,50.0,6.095238095238095,-0.8977138832090139,-0.14235571876524422,0.48811594307501355,0.9361011630543333,0.08325395667599413,0.06816043524023721,1.008866174659252,0.9791000971960739,0.1010386297376093,3070082
45000,55000,50.0,5.619047619047619,0.2344933996583626,-0.16197372627009363,0.30157599430524146,0.4494315685127025,-0.0188860092777345,0.027428633732296617,-0.6846543556146873,-0.2522474683310688,0.13525537199006582,3070083
45000,55000,50.0,5.714285714285714,0.7445745528657811,0.11736881495672125,-0.005202172477816059,0.2554031131675754,0.05377018813776039,0.016320830967822924,0.15382734714203372,-0.0174710529628161,0.11476217471115427,3070084
45000,55000,50.0,4.428571428571429,-0.5137951896778837,0.08755289243329792,0.1079706822546114,0.47249142641769265,0.1293257538365834,0.03444217745992171,0.47211684249833735,0.5555694792232059,0.10073194810804137,3070085
45000,55000,50.0,5.142857142857143,1.5550496161737002,0.010167737896422923,-0.11132871313361455,-0.29085030904691395,-0.012350104854548077,-0.029319276220873863,-0.3176097602095558,-0.23202893164175994,0.1187979159917935,3070086
45000,55000,50.0,4.857142857142857,-0.40477615365867226,0.13547635250676443,-0.10456462437525117,0.035437372995382944,0.11168406426856256,-0.01287930879978602,0.1886592810572813,0.16959291448091451,0.12028466148364103,3070087
45000,55000,50.0,3.4761904761904763,-0.3909942654020804,0.37168906432965343,-0.32213737952620514,-0.04397262758158943,0.10718946914380323,0.0035412358719325455,0.4222002971551809,-0.21346623878839818,0.12097100745059927,3070088
45000,55000,50.0,3.238095238095238,0.1622915831785982,0.32450770689360137,-0.15172016670399174,0.3404872432232313,0.2023371257075138,0.019102943498619,0.3057167169291012,0.4962255970579738,0.10202442655066557,3070089
45000,55000,50.0,3.857142857142857,-0.13609998560098005,-0.01931756466005108,-0.23960424586913276,-0.697536451406198,-0.1441676714480397,-0.04013493828956213,0.12169758803555637,-0.10279952318168278,0.1210891102472735,3070090
45000,55000,50.0,5.333333333333333,1.6066774358916656,-0.027234634767075015,-0.08592966742794064,-0.29860707846103635,-0.03421277551620916,-0.018087302868898543,-0.5124072605137376,-0.1372830656420419,0.1398188640535579,3070091
45000,55000,50.0,2.619047619047619,-0.6461167326186874,-0.36741378646008627,0.5983103923946236,0.8446574076555464,0.019493288901027236,0.02763179357961811,0.960255852059241,0.6202898491655495,0.09384988122233016,3070092
45000,55000,50.0,4.476190476190476,1.6345426308907254,-0.13213576166351765,-0.10198048765805089,-0.5619892681804759,0.033722248716467576,-0.06945278561128194,0.217152418769147,-0.4849622892728804,0.1376295756397797,3070093
45000,55000,50.0,7.190476190476191,-0.5504026705093242,-0.898365633133041,0.5062868109654513,-0.6176660897367222,-0.2712119209222106,-0.07960811926476387,-1.259459284386897,-0.955145282425176,0.18511904761904757,3070094
45000,55000,50.0,3.238095238095238,0.8390399173685229,0.1168072205385095,-0.08349425332096386,0.032980282530256394,0.09388469455344406,0.007114242884726028,-1.4682504181566511,-0.5852238305449614,0.14339164237123417,3070095
45000,55000,50.0,2.7142857142857144,0.4991298730984398,0.5138036718606316,-0.4300083391917279,-0.010417753413913978,0.23561189619510517,0.010133213252763824,1.4695754851651064,0.8367795075912351,0.10220683511499835,3070096
45000,55000,50.0,2.7142857142857144,-1.019711847396413,-0.0034771377619577603,0.012610894020959478,0.026984057908339864,0.07911357214431673,0.0004411002089819375,0.39663075801787495,-0.26241423478858494,0.13755938883489902,3070097
45000,55000,50.0,3.0476190476190474,-0.5364541010794426,0.21215539933962757,-0.1648716109399764,0.02502330557695815,0.0786326212857861,0.012712583930636576,1.2194958499064155,1.545594940902247,0.07939207429003342,3070098
45000,55000,50.0,6.095238095238095,-0.48135929193314114,-0.49896502278563937,0.7537244672532145,0.8804321773788982,-0.020931612819344633,0.04860359799623545,0.6780502995121965,0.03376976368409775,0.12319066515495083,3070099
45000,55000,50.0,5.190476190476191,-0.017650083835970606,-0.2709863661146565,0.3427789867794587,0.3103060786635246,-0.012905651680048995,0.013504899664415667,-0.0138549314443049,0.11658046907808363,0.11694924568466838,3070100
45000,55000,50.0,3.380952380952381,1.407375710026907,0.42995546583354866,-0.3963633037526926,-0.11260774319688467,0.14515858637238133,0.004319701030156964,-0.0008883650749811477,0.1990429090453897,0.12424481697440876,3070101
45000,55000,50.0,6.0476190476190474,-1.0499559077795062,-0.6035342993877907,0.6028479678834964,0.25663064962196025,-0.18566051867876904,0.009290769988720395,0.4645830511185532,0.2835549410857263,0.1255790411402656,3070102
45000,55000,50.0,5.619047619047619,-0.8936165708490529,0.40568504191016735,-0.27822067105682996,0.16957601564932986,0.11302350990126372,0.02895039285836236,0.7497443655822795,0.8197147963240949,0.09777494331065756,3070103
45000,55000,50.0,7.619047619047619,0.3019644228469869,-0.5113401321504896,0.5083029393112609,0.19494659505595668,-0.07246761706131649,0.004528640168588651,-0.8061891410890157,-0.8762558291127608,0.18109050498506277,3070104
45000,55000,50.0,3.7142857142857144,0.17665930107100886,0.2928455961529681,-0.23278470017206748,0.023613881773934427,0.15599145782892251,0.010478855530896003,0.23045947050724283,0.3616848955628032,0.10717660079904973,3070105
45000,55000,50.0,3.9523809523809526,1.2373909353019599,0.36613062395109963,-0.3805381886160819,-0.19724153264685065,0.17027385574773943,-0.003791539087527867,0.5938576314362871,0.4391546044761404,0.11327407947305905,3070106
45000,55000,50.0,6.095238095238095,-1.1729900322368476,0.21863542921200038,0.10555253995907178,0.7556458762964989,0.13565586464597826,0.06024426130973507,0.8056710266533615,0.2999079068273559,0.10061615916207749,3070107
45000,55000,50.0,4.666666666666667,-0.20785687445814718,-0.28310645745965196,0.18524082164954436,-0.11128475455071402,-0.09440880801801912,-0.013389234000004085,-0.3509661682340217,-0.2956278267702399,0.14272804926959443,3070108
45000,55000,50.0,6.714285714285714,0.06037704945234636,-0.7511972598127588,0.6062879839440972,-0.04903730846287176,-0.16744194558286243,-0.022522027035458952,-0.4682441140654604,-0.05530092974232531,0.1371931255495395,3070109
45000,55000,50.0,3.0,-0.6506331630847277,0.5777800875623663,-0.5211342517919485,-0.12440348217483133,0.3030424721973957,0.012967939567160683,1.1641024229027728,0.47764753684197875,0.11590945902170387,3070110
45000,55000,50.0,3.857142857142857,-0.7551468905358386,-0.18779397357863054,0.18593566992171578,0.07963470244004502,-0.0152303745640158,0.006387833255282403,0.10420387450166808,0.3971636116648011,0.10172902494331063,3070111
45000,55000,50.0,2.761904761904762,-0.49935723829365647,0.43127549770714646,-0.4347626256537539,-0.22095758481796662,0.19039421842343734,0.004235893089044282,-0.0863282002761289,0.29959026266905164,0.10463184706989367,3070112
45000,55000,50.0,4.0,0.802264047355221,0.4931888599469545,-0.4055017139954912,-0.002182687598313706,0.148704471565835,0.01617584764270397,0.4439324903047338,0.15017109748569787,0.10718807364215521,3070113
45000,55000,50.0,2.857142857142857,0.08523358214664496,0.5213022701948576,-0.38443086940811944,0.14474422591874933,0.3586798175673227,0.016170050784354392,1.3997216338589504,1.1601783899305753,0.08461964150739656,3070114
45000,55000,50.0,5.380952380952381,0.9773466525584175,-0.1650018038563428,-0.012254703688219829,-0.38868197977845,-0.07078458965746587,-0.04198776703489383,-1.7094629347570702,-0.901653904777643,0.17230070032548164,3070115
45000,55000,50.0,5.190476190476191,-0.7633405543975789,0.051701228749000586,0.33880861600608364,1.0116895369970347,0.03904557986536802,0.06671729609946118,0.09005105582123843,0.05901329035566668,0.12152522290095173,3070116
45000,55000,50.0,6.428571428571429,0.12892471814454604,0.21919475053506826,0.021209086880823586,0.5178515517002441,0.15624929022591377,0.04069343819646428,-0.40381159189451926,0.18624695605440791,0.11269233884029797,3070117
45000,55000,50.0,2.2857142857142856,-0.32803216704878707,0.22800067197359586,-0.23098378259338692,-0.10805817529288288,0.23570696467496569,-0.0007510528010601633,0.2848501461613764,0.42046198920414063,0.1008300939423388,3070118
45000,55000,50.0,2.9047619047619047,1.523991061168298,0.6256236306174763,-0.7362717325545827,-0.6197198503945001,0.18742881101360756,-0.011369765552880379,0.598745897339729,0.07346986774843356,0.12286740092862537,3070119
45000,55000,50.0,2.857142857142857,1.1967607721347289,0.287120720224734,-0.4462605245487086,-0.5893926143988105,0.04517175156890276,-0.016236106029145058,-0.3283229969956463,-0.5425992457727944,0.16105847100745058,3070120
45000,55000,50.0,3.5238095238095237,-0.08836692805207999,0.0005650602189450626,0.26639252912940203,0.7102885437343329,0.1032522124579781,0.0395904911683367,-0.12920115502532253,-0.17619543500540166,0.12253835207552405,3070121
45000,55000,50.0,3.8095238095238093,1.9757435802787815,-0.13697529891583288,-0.024951999919690847,-0.4025306614908386,-0.06909575386583552,-0.021325786579537966,0.21019694947268688,0.6580045599276119,0.10485648340969037,3070122
45000,55000,50.0,6.0476190476190474,-0.6697954637912741,-0.3309319364300684,0.3419584983458409,0.1591482249788468,-0.0670280063835673,0.007647950428222351,-0.4210025478929546,-0.24687237816613583,0.13587490551776263,3070123
45000,55000,50.0,3.1904761904761907,0.9072192747859231,-0.188808635881285,-0.0005548389260800924,-0.4387203077801275,-0.029392524897397094,-0.03342513797288611,-0.21700329115200165,-0.44137287381096485,0.15007828528236689,3070124
45000,55000,50.0,5.285714285714286,-0.2556959980484247,-0.3469177125779245,0.47837382575593895,0.4646072706793897,-0.43787758798837856,0.03121578676789887,1.0921205523904502,0.6068727395271789,0.10107102364755419,3070125
45000,55000,50.0,4.714285714285714,-0.4199605132913918,0.49347669190435617,-0.44593489858164725,-0.0957031631790562,0.12727934518911485,0.014396755623119362,0.3049310730844051,0.29092423495996966,0.10268503092847112,3070126
45000,55000,50.0,4.666666666666667,-0.7444542354436433,0.22181832898391632,-0.19267831698060256,-0.012407967191867411,0.11027145239261187,0.005139553598659107,0.46422377631088,-0.0408181438055785,0.11314247921390773,3070127
45000,55000,50.0,5.571428571428571,-0.268081401305163,0.15599773750107718,0.13064096434006758,0.6903605022717944,0.11776828377239583,0.048191073138301045,0.8173898711966902,0.14443295095029912,0.12596169420149006,3070128
45000,55000,50.0,6.428571428571429,0.13620549059750225,-0.006252367856614985,0.1906997655624773,0.47951967811881185,0.049299683119667946,0.03885984666929204,0.43823851222164445,0.19670382011898363,0.12209997377635858,3070129
45000,55000,50.0,7.142857142857143,0.5122878778591103,0.10217736168195006,-0.0721468538521537,0.04601069593480421,0.04265523539147977,0.003472849069299405,0.030837496480583083,0.5805174951951376,0.10120262390670548,3070130
45000,55000,50.0,4.142857142857143,1.0042611236572512,0.3248305530182852,-0.3157821566977955,-0.1398875275993205,0.11143402650828065,-0.0027919818894094174,0.21172643141041117,0.5130404102481696,0.10355417110154716,3070131
45000,55000,50.0,3.9523809523809526,1.5080514133801792,0.4256967661354863,-0.6162918560444803,-0.7206686851454177,0.04733227189073411,-0.022256673299120434,0.47723576573543913,0.26473465102580274,0.122209399632869,3070132
45000,55000,50.0,3.5714285714285716,0.5718917816591071,0.0009464985992047513,0.2169252045224045,0.6046566654327596,0.08617274765413244,0.02616983651558457,0.20367816843425132,-0.11087808848910254,0.1284992171471763,3070133
45000,55000,50.0,2.8095238095238093,1.3833916400589819,0.1516693139448349,-0.11736432633420432,0.021149852672583132,0.016561038224380174,0.005420218519687682,0.04406270999186123,0.2719215133167817,0.11595602526724973,3070134
45000,55000,50.0,4.714285714285714,0.17345601612845277,-0.339251744041538,0.24220096224641563,-0.1301546742720008,-0.13006416773804244,-0.01598067727024957,-0.3689911615854843,0.010112307991690892,0.1260615754238203,3070135
45000,55000,50.0,3.0952380952380953,1.522119015341154,0.4946784914536756,-0.5869331181510513,-0.49615189283921257,0.29658415750380496,-0.013582958630307224,-0.11219371529725095,-0.31477193788459,0.15261918259367235,3070136
45000,55000,50.0,5.0,0.4560439779586049,0.07349428496545848,0.1434777802230138,0.5143590415897814,0.11240693094981058,0.04288671334810114,0.28907860844711025,-0.1936919099854774,0.13613675628981747,3070137
45000,55000,50.0,2.9523809523809526,-0.379615566529664,0.5646238431023222,-0.5989963632424846,-0.35892988712259716,0.2935169727757028,-0.0009898143717161371,0.24561617226770943,0.0417808571608544,0.1177991037684915,3070138
45000,55000,50.0,3.761904761904762,0.6752823004436733,-0.3246349328628521,0.07391236894700588,-0.5151584073696578,-0.10086358330381603,-0.05268600525663471,-0.3313958729435685,-0.7146182403591352,0.15479699816434506,3070139
45000,55000,50.0,4.428571428571429,0.5174343797425189,0.5326218249543958,-0.4823378664174097,-0.10067281296463451,0.1392522857166087,0.009679580961324694,0.9704947643629986,0.7188438193430355,0.10181878306878302,3070140
45000,55000,50.0,5.714285714285714,-0.2683548367515951,0.3682518782957204,-0.38198257066338615,-0.18243878197473717,0.08747307286528565,-0.005616476035626881,-0.05389959549598783,0.05892759096928976,0.1255203271784904,3070141
45000,55000,50.0,6.190476190476191,0.7947496122343651,0.3046024084125091,-0.2451662844132525,0.006164457166322405,0.07930543677403531,0.01908582659404591,0.4613236784682031,0.22772605677890656,0.12020642440649724,3070142
45000,55000,50.0,6.9523809523809526,-0.4564385715877891,-1.8918618128153828,1.459866968718605,-0.296104416364601,-0.5496001017908652,-0.13383338298277767,0.3450931637628978,-0.7588693665493534,0.1582250001285472,3070143
45000,55000,50.0,3.2857142857142856,0.22069156484174957,0.07699498492139188,-0.3418652818735567,-0.7731763129682964,-0.11145142148575764,-0.032643654281614344,-0.5301564914967267,-0.2995973155400379,0.13964474678760389,3070144
45000,55000,50.0,3.4761904761904763,-0.44074086998137413,0.5155986657062555,-0.5006738166359075,-0.21190701407706927,0.18878575307093703,0.01259218917243427,0.3470774666150583,-0.31308555857604936,0.1504319187992657,3070145
45000,55000,50.0,3.0,1.0894747100205773,-0.1334118256328895,0.09772219236042891,-0.024826295901563513,0.018707248719203002,-0.00919733142711883,0.011940324988210294,0.3647826331186169,0.1200039142641183,3070146
45000,55000,50.0,3.5714285714285716,0.8139567527235027,0.03024878585083416,0.07493487000636986,0.2925326228724958,0.0991347394893603,0.010759681576255701,-0.1198339697220223,0.034848601809663295,0.11692851743872147,3070147
45000,55000,50.0,6.0476190476190474,0.24302919050004226,-0.3929613311983965,0.14735831867459326,-0.469907060894939,-0.14320847585065283,-0.06755107499669519,-1.086913733651441,-0.7314157390624139,0.19272891696361083,3070148
45000,55000,50.0,3.4761904761904763,1.688790084601797,0.5539882516967738,-0.6483213781067598,-0.5483865380979921,0.1193276721313154,-0.004844008294293764,-0.1132773514953879,-0.5464058361224681,0.16350488608141664,3070149
45000,55000,50.0,5.714285714285714,-0.6100699996914876,0.11420898794338274,-0.25967250823255306,-0.44426444625507355,0.0037159855366460165,-0.01676914122910795,-0.18187035636226379,-0.34172382260085366,0.15486448547673032,3070150
45000,55000,50.0,4.333333333333333,0.026917121805067393,0.346844954151682,-0.451611526443794,-0.4332865712452054,0.1722608276679566,-0.016656456679717168,0.2850929286765201,0.1470945774983763,0.12011873910561954,3070151
45000,55000,50.0,3.619047619047619,-0.6793967528002904,-0.7076390410988709,0.5372616119548136,-0.1374169608914586,-0.5530006456898147,-0.03150922807179119,0.6341281468028868,-0.1515192287293439,0.13800817946226104,3070152
45000,55000,50.0,5.428571428571429,1.3324819793007083,0.3522884254149141,-0.2628034841140411,0.07980031808265094,0.074264407494124,0.018568875430333337,-0.10839999001949939,-0.06073298415652846,0.1346839472750551,3070153
45000,55000,50.0,3.8095238095238093,0.38220307646626983,0.4163638894411384,-0.40334900361018017,-0.14163152297517237,0.1374435309491981,0.0029039225507080857,-0.40985775380259165,0.065933467673082,0.11995194903358163,3070154
45000,55000,50.0,4.380952380952381,0.7168560051060636,0.4347672825033297,-0.602179999092801,-0.6702259347040925,0.06520378429463528,-0.02046486463451307,-0.5197342167991914,-0.21198223038552655,0.14115983695065323,3070155
45000,55000,50.0,3.9523809523809526,0.10736367905508594,0.3971190301957528,-0.4049888154196532,-0.19926668661983044,-0.11947246900811745,0.010283559299358017,-0.5087709916202551,0.12263416561010983,0.12788845697008958,3070156
45000,55000,50.0,4.904761904761905,0.3017557808235955,-0.2406026655210455,0.06978751264260563,-0.35929772690477124,-0.06401623817182561,-0.030269560888847365,-0.08521290870097434,-0.46267292368102486,0.14135555015657056,3070157
45000,55000,50.0,4.333333333333333,0.19561763233612525,-0.16397360688929674,0.19490292441322335,0.1414150036020206,0.024903220144690427,0.011291992781253738,0.5025140934938086,0.6334550930399951,0.1024086221790303,3070158
45000,55000,50.0,3.0,0.8235043253207724,0.4693146997555886,-0.5250244396793474,-0.3924841444066076,0.25081577388182974,-0.007732169961030364,0.16137635596885874,0.45901530169023613,0.09904842889536762,3070159
45000,55000,50.0,4.761904761904762,0.3682950089969505,0.30129894117278877,-0.1877728212553448,0.1318067365585082,0.10748600560090842,0.02512711705194944,0.7522141443514182,0.04773934637131357,0.12866489849908214,3070160
45000,55000,50.0,3.1904761904761907,-0.001037410880895706,0.3412397229953145,-0.44163616088663865,-0.45714212788978364,0.080996648797948,-0.005680991997981686,0.17297256699743183,-0.060415424440718915,0.12679439122587804,3070161
45000,55000,50.0,4.333333333333333,1.502529556341878,-0.19183326200857637,0.1431324845231505,-0.08179017554369725,-0.07780690535181929,0.004716976915001135,-0.832064592488423,-1.0574470392689275,0.19347735125796348,3070162
45000,55000,50.0,7.095238095238095,-1.3503896547632142,-0.9199466546050827,0.8784962694649436,0.25119591350902515,-0.14033686078895372,0.0043164384981117425,0.24527860976845717,0.3603963971191108,0.12543124392614183,3070163
45000,55000,50.0,4.809523809523809,-0.07270970733174309,-0.02344345383904998,0.03402898949891047,0.029515897751064557,0.004463300946623884,0.010680927457641695,-0.08413626453179918,0.150743750713453,0.1327380952380952,3070164
45000,55000,50.0,5.095238095238095,-1.161666146697907,-0.16040035922554022,0.2355440244273323,0.236446161857427,0.033387294567281546,0.014350837941534241,-0.7703513571307783,-0.05864113077545886,0.13330498866213147,3070165
45000,55000,50.0,4.904761904761905,1.8132079046030507,0.31101147405990354,-0.37114167050793606,-0.3115245074508691,0.05268447409238718,-0.005757305606548486,-0.14532082980779165,-0.029382127110759743,0.1231668999799466,3070166
45000,55000,50.0,3.380952380952381,0.5830835217122656,-0.09602021463100684,-0.20442742120531016,-0.792211196718744,-0.044954529485951515,-0.06183309919694923,-1.5694871734440117,-1.0127105436713646,0.17167894935752073,3070167
45000,55000,50.0,4.761904761904762,1.5404699649820823,0.2039416673901784,-0.42551880379468104,-0.675190673955917,0.055339502914282544,-0.06082376837206704,-0.4164630488119288,-0.6002200677008852,0.14988594644206885,3070168
45000,55000,50.0,3.0476190476190474,2.8664666735664786,0.6317706727985556,-0.8595920468331888,-0.9524664360186541,0.12746714506594087,-0.026476152575983798,-0.2350876581710705,-0.14867580434031905,0.1376808659971925,3070169
45000,55000,50.0,3.619047619047619,-0.24913507167720467,0.33903565986082,-0.36500936990007277,-0.25427003050712643,0.10644701576386147,0.0042625062105677795,0.7372091831025261,0.5423283878127172,0.10248960695389263,3070170
45000,55000,50.0,4.095238095238095,0.5798962069837474,-0.12942434244460543,-0.05686085197727135,-0.4550453977272535,-0.06434813700541787,-0.016884090268841762,0.555394378122503,0.11854753953982837,0.12212301587301583,3070171
45000,55000,50.0,5.476190476190476,-0.8170488032848804,-0.09737132561995278,0.2609465602729112,0.4613382970255223,0.028978234868014274,0.03928058961164839,-0.6659517290696568,-0.31748819342200935,0.13501723818779204,3070172
45000,55000,50.0,4.9523809523809526,0.3416679250046964,-0.5008476877296288,0.5932469791812227,0.4746303999464159,-0.08835227170976198,-0.010073163096804068,0.822608006048146,0.3958883647112915,0.10304975164669036,3070173
45000,55000,50.0,5.809523809523809,-1.3297336984496393,-0.08790335054653256,0.39578728736974433,0.8474259336346079,0.012096099889974102,0.06380391654067236,1.2201145243356575,0.6317777227291218,0.10429084332145552,3070174
45000,55000,50.0,6.0,-0.007017763088237253,0.18715176927904661,-0.1569494193596188,-0.00772471103199936,0.04335262307072499,0.01634977996361551,0.5485110370364777,0.3948631879806698,0.11252641646227646,3070175
45000,55000,50.0,4.9523809523809526,-1.0519137200685333,-0.21226383566889248,0.38213825558559206,0.543995201427158,0.00645616069950688,0.03290029315717128,0.24095683725745154,-0.10885702059039055,0.13661027619664642,3070176
45000,55000,50.0,5.476190476190476,0.25159770167464934,0.2794474853709226,-0.17084265797644932,0.1630830737250983,0.09163802876190423,0.020619694220622913,0.15190151117784007,-0.42501058414420906,0.14316488500161967,3070177
45000,55000,50.0,5.190476190476191,0.7804762058368369,-0.26497137353806705,0.32902648535509754,0.2904907424097716,-0.040303336845107916,0.011035328461517054,-0.35392040412915277,0.10268248524531577,0.11388551452326959,3070178
45000,55000,50.0,3.5238095238095237,-1.1298384437261721,-0.40606189042534224,0.4720978998201962,0.3560261374229273,-0.11576138895442045,0.0067369455740944745,0.6185447106619437,0.6117410506773545,0.09613432674657157,3070179
45000,55000,50.0,3.619047619047619,0.6897649672885121,-0.05164566087921378,-0.18469823286452552,-0.6319384562139119,-0.2892407822224992,-0.031683011467736305,-0.07318592575699326,-0.05915099588524384,0.13147135838462365,3070180
45000,55000,50.0,7.238095238095238,-1.52241638417318,0.16495018759126487,0.028569200301911547,0.4205226264623067,0.08239556441281369,0.05107056664589198,0.5724790420962034,0.4547350372270621,0.09660471331389694,3070181
45000,55000,50.0,5.333333333333333,-0.6440444913800517,-0.16749842214503674,0.4853735269415889,0.909329524012005,0.0962054468445875,0.060047756676306394,0.2930392495949102,0.2725752953715789,0.12218105496166717,3070182
45000,55000,50.0,5.285714285714286,0.6460171127611306,0.18739701807182044,-0.05992894541352749,0.2641768651492619,0.13194055158239917,0.022449475766820888,-1.1808660292852282,-0.10519371048308625,0.12176735773674542,3070183
45000,55000,50.0,6.619047619047619,-1.5294672025821594,0.1019577429335007,0.33539441053947133,1.0788698930090912,0.12751080652785238,0.09335150670172314,0.9643008683951731,1.2308889528740605,0.08273337112622822,3070184
45000,55000,50.0,4.0476190476190474,0.29360937236015755,-0.2488044238777071,0.3732806379717773,0.4406314164661003,0.05645511292837956,0.02101919456522936,-0.9580247338714559,-0.885512976187254,0.17412536443148682,3070185
45000,55000,50.0,5.142857142857143,-0.4860994740781736,0.11549401413167823,-0.08993434829209053,0.001793666732235133,0.03586391277035044,0.0028174452643745483,0.6018404237404766,0.4416286665338336,0.10450747759421225,3070186
45000,55000,50.0,3.0,0.43233801639414093,-0.23273613071432334,0.18864411141878928,0.018602322288739606,-0.6884163524183403,-0.0017595920285546948,0.26142784845399264,0.41387289860582727,0.1053645664615052,3070187
45000,55000,50.0,4.666666666666667,0.35046588817329666,-0.1694578537413301,0.2089516588407893,0.16869687551154597,-0.007817583868694685,0.011530160057186328,-0.9013250936171185,-0.6915581254388441,0.14969495734801855,3070188
45000,55000,50.0,6.428571428571429,-1.0184123201534834,-0.8368591975076947,0.8162220982833395,0.28014190135300543,-0.12035508508869716,-0.0018887542826614013,0.05337294950739257,0.08696361776272037,0.12768801965230533,3070189
45000,55000,50.0,3.619047619047619,-0.8638437508452306,0.15587027422518904,-0.03066065220841778,0.27950808610983346,0.11118917999176951,0.02087771896488584,-0.015622225034517592,0.5963472140507913,0.10265697548860811,3070190
45000,55000,50.0,4.904761904761905,0.08344687668954288,-0.26857324270091765,0.5689770475690885,0.9186866505942691,0.01543418500230121,0.046195339549816056,-0.2793529717853326,-0.7262768385868105,0.15508025205547066,3070191
45000,55000,50.0,5.0,-0.06853995580820915,0.12774717522239537,-0.13687986187241402,-0.06745749545980173,-0.010740778946383034,0.004267770362320985,-0.3526042390342096,-0.833223197906934,0.16560981535471328,3070192
45000,55000,50.0,3.4285714285714284,0.3780621396336061,0.37317420479187163,-0.45446921174980187,-0.41104292347737276,0.18144003763425248,-0.0018668691625222226,-1.2224530808678726,-0.8913016555370377,0.20030571752510523,3070193
45000,55000,50.0,4.095238095238095,-0.5079688257961997,0.31281808944514333,-0.1399997101009908,0.3292000885110179,0.15599489646670667,0.02701796259093004,0.5960837341005361,0.4672173309439503,0.10764158838138424,3070194
45000,55000,50.0,5.380952380952381,-0.800550214154349,0.24678545311305392,0.131653299978526,0.8961886296149163,0.15899117242024902,0.0652815156755466,0.3599600038857427,0.2730434943656766,0.11413116834035199,3070195
45000,55000,50.0,4.428571428571429,0.4458472759143997,0.03126083061098407,-0.0522488182370161,-0.08703997591590902,0.043707796902284844,0.0013219882777182528,0.0588813066181584,0.09175453018884418,0.13302829068135186,3070196
45000,55000,50.0,2.857142857142857,-1.1829089793403704,-0.15786349313313308,0.16221364470066954,0.10829604491136462,0.06070655296795346,-0.004279923067001517,0.3271374492736465,-0.016047996727941174,0.12952907353417553,3070197
45000,55000,50.0,4.809523809523809,0.3611842731579513,-0.23581085599428525,-0.014485527079534807,-0.5758827531760683,-0.06497290056890649,-0.07272944557876009,0.10456107046912039,-0.06295232615029323,0.1215028074721952,3070198
45000,55000,50.0,4.190476190476191,0.6723690269707004,-0.7720547609690407,0.6038301653302385,-0.11799522647320099,-0.19694773497122384,-0.06017943854125987,-1.3045852187937472,-1.0063649123268643,0.18339243293689356,3070199
45000,55000,50.0,4.714285714285714,0.11611773164618479,0.42968920840136576,-0.5265636822843015,-0.44988881061263214,0.05766750776243361,-0.0075920543449988906,0.6936587338598303,0.17446433121927946,0.12125512903574125,3070200
45000,55000,50.0,6.380952380952381,-0.6805217113087094,-0.4256716224597708,0.8679293184977852,1.3093632067901888,0.04463554452158099,0.08392778466242215,0.21621591827294814,-0.1550236210895665,0.13900901630493465,3070201
45000,55000,50.0,5.380952380952381,0.5735135633236736,0.33196311368624476,-0.2854126546232432,-0.012418012559930722,0.06457236618910074,0.012726029256877713,0.016636487446479158,0.09966538229717362,0.13527831767627682,3070202
45000,55000,50.0,3.5238095238095237,0.7605026063343001,0.6058516500024925,-0.5272485042887067,-0.06546148415843135,0.22596505955908655,0.01003472339097107,1.5550104796201891,0.7536746175351029,0.10243764172335597,3070203
45000,55000,50.0,4.333333333333333,0.6466805075838492,-0.8839017751295198,0.6068258251527081,-0.34385531584839635,-0.2487597644925024,-0.07785227225264243,-0.7876311361015196,-0.9741879237310666,0.18306213074799077,3070204
45000,55000,50.0,4.380952380952381,1.2919382945020768,0.5974917314659591,-0.8704213087359418,-1.0234872735153016,0.04868349279574639,-0.03196298117722608,-1.1864593730783655,-0.45859965263331487,0.1738459669582118,3070205
45000,55000,50.0,5.904761904761905,2.2262240924250642,-0.20260980673178683,-0.09526200478031292,-0.7079899941948979,-0.09988563247981587,-0.09123964298619353,-1.2149926623946985,-1.118463141195075,0.17026711478242088,3070206
45000,55000,50.0,4.0476190476190474,-0.8963132831977696,0.14773976028535787,0.07629382440034918,0.5484633987672094,0.26748132097368094,0.03432976596196382,-0.3798076171023033,0.15978366517775874,0.12668255510821103,3070207
45000,55000,50.0,4.190476190476191,2.491961997774149,-0.19977089062333625,-0.13379888963238515,-0.8060984383935117,-0.05813047076720183,-0.0575321180670857,-0.9287046057761572,-1.0121648813361388,0.2091026886945254,3070208
45000,55000,50.0,3.619047619047619,1.2893816194591,0.05766441190767709,-0.02698087237241851,0.051416503537787116,0.1004774692435152,-0.00761123756630014,0.6874825798842287,0.5034599617407209,0.10438262606629949,3070209
45000,55000,50.0,4.666666666666667,1.8518689442417302,-0.9754102327626232,0.3362562516053813,-1.2813921307196152,-0.4060338381703413,-0.15835352290870408,-1.1859014193350719,-1.2290433865144772,0.2000121477162293,3070210
45000,55000,50.0,4.380952380952381,0.3646384887128941,0.4537022376493443,-0.5389944581890498,-0.4312159515636737,0.07728612719434955,-0.004470839175852561,-1.359351617452506,-1.0507947924445251,0.19213705323399197,3070211
45000,55000,50.0,6.571428571428571,-0.10325417346286983,0.04409617110645627,-0.07976976492305637,-0.1102909672201655,0.04278205256455703,0.0027831220377472067,-0.21494360694328338,-0.6222564723547145,0.14100731562466254,3070212
45000,55000,50.0,4.380952380952381,-0.7634006449785387,-0.37093827072598407,0.6643380025714061,0.9386949728510902,0.04947269789498829,0.05336849719035519,0.009964088211739193,-0.1888428772658306,0.12310707729803935,3070213
45000,55000,50.0,5.857142857142857,0.01653302368174698,-0.1728509273060939,0.32441218404527594,0.467708259603915,0.003336545520160207,0.03566217010467627,0.5417965839635271,0.6302929565491601,0.10028142209264654,3070214
45000,55000,50.0,3.1904761904761907,0.54635676346518,-0.1613092602269586,0.17805244508660478,0.10904390981012661,-0.004051594133980179,0.005303212250569976,-0.310744519429513,-0.003747586141477553,0.1261297376093294,3070215
45000,55000,50.0,6.190476190476191,-0.7780730545270687,0.3400912003442206,0.08874081483137276,0.966658005374206,0.1784538168601013,0.0772274242291122,1.2401957077903583,1.0087677325895803,0.08936120366513947,3070216
45000,55000,50.0,6.619047619047619,-0.5923944716035852,-0.5261634512553093,0.6900769395134062,0.6383148796723035,-0.043573024743456285,0.03736178024692409,0.39072660608199494,0.39478166610023907,0.11755937335079703,3070217
45000,55000,50.0,4.238095238095238,0.07812643686240743,-0.04366874210165336,-0.04925006407213434,-0.2353358975554092,0.06067708295131389,-0.015781923879273036,0.282483834480723,0.04951115096273209,0.13377470035633296,3070218
45000,55000,50.0,5.428571428571429,-0.31276041813400074,-0.0619795841176287,0.35638259656935173,0.7997652569897817,0.12461400915193228,0.051160293715081566,0.7161620082971096,0.13492853921267128,0.11297617119410118,3070219
45000,55000,50.0,3.4285714285714284,-0.08597689963313573,-0.1474238102838405,0.29421923635723185,0.5101907253655066,-0.12903696400088,0.01754877112150077,0.21117317118335938,0.04730829228208623,0.12150290388264146,3070220
45000,55000,50.0,4.904761904761905,-0.11705514367111074,0.14688245245623974,-0.04277261952391008,0.18928002683813663,0.06922996739141332,0.0257999031391935,1.0687529019106954,1.0037392338946705,0.10073493683187558,3070221
45000,55000,50.0,5.095238095238095,0.846864373402296,0.1803276394078773,-0.16911152651593236,-0.033779187266958374,0.04018484343984282,0.00021084318694235006,0.3410649845348257,-0.3918584639658422,0.13931608357628764,3070222
45000,55000,50.0,5.714285714285714,-0.7876122659525683,0.4950063760690724,-0.26813037145502994,0.3712162412104042,0.16144799882243466,0.04906484929574159,1.5826453850614381,0.883606188006506,0.09023998488284198,3070223
45000,55000,50.0,4.142857142857143,0.005451573987111274,0.5361955456811638,-0.49983376753719994,-0.14909248701627065,0.1280788891364869,0.011133040961164315,-0.7925134785730377,-0.4675148308544253,0.14693458165579154,3070224
45000,55000,50.0,3.0,0.5871171812642504,0.2555175967886886,-0.15550022286907353,0.17003703665554779,0.17007078016643215,0.011676878235005567,1.5926664838419902,0.9185314393143452,0.09883179462261091,3070225
45000,55000,50.0,6.142857142857143,-1.767092850684296,-0.4317836055438204,0.6225351699015297,0.6872733178671618,-0.04136055509746541,0.04299181406224612,-1.0059392573153274,-0.7288247101173363,0.1955216383605596,3070226
45000,55000,50.0,5.238095238095238,-0.39970270850262296,-0.11291630428583269,0.3190476616806901,0.6076044268157164,-0.062092966567970066,0.03730696932507238,0.13655903664460153,0.03885403585534507,0.1206797996976568,3070227
45000,55000,50.0,4.0,0.9211034140414033,0.30504043385786084,-0.17733798871788534,0.20908141564860344,0.10684583976110618,0.019685066988089566,0.044074296242011354,0.15913444919782935,0.1352305945053758,3070228
45000,55000,50.0,4.761904761904762,1.1936156941535023,-0.2717547397509178,0.19746845490200546,-0.07836085591259818,-0.07317058490163555,-0.024192361064559204,0.17162812808425829,0.14398675480220946,0.11450707267033793,3070229
45000,55000,50.0,4.619047619047619,-0.26426270757271586,-0.05211232435701614,0.1586154297309459,0.29254069429314433,0.036792275839406155,0.025521164903581632,0.2423072868183661,0.43493898867632763,0.10435225677572614,3070230
45000,55000,50.0,4.0,0.26036504073628697,-0.014439231020241387,-0.2285703177303087,-0.6626555572262524,-0.08829901205496427,-0.04619397861700748,0.12708766383278786,-0.8245379411100648,0.16473768645780304,3070231
45000,55000,50.0,4.0476190476190474,-0.34333156276094035,0.07312653160088074,-0.045041098555747956,0.022011972521924994,0.045540691468269286,0.014039584736433302,0.29190185854243234,-0.193085706146183,0.12619047619047616,3070232
45000,55000,50.0,4.714285714285714,-0.8889084690760618,-0.0003328545933022818,0.16183401646544324,0.42164724048929614,0.06035399938465618,0.03172021908320799,0.284630959879845,0.6129925455874157,0.10469094667345391,3070233
45000,55000,50.0,5.190476190476191,1.1605027934205734,0.24763016714610442,-0.3111373218086521,-0.29977575603093076,0.040827530621823045,-0.004464590761525547,-0.4477112950938806,-0.0892109232748302,0.1407292678976352,3070234
45000,55000,50.0,5.190476190476191,-0.9636748582802765,-0.32808133910178217,0.523726824788805,0.6484515273967886,-0.04475278259109207,0.0405317737856249,0.08561502607588811,-0.06988792672160538,0.1374704019929967,3070235
45000,55000,50.0,3.4285714285714284,0.1266674887353595,0.1290148003828443,-0.03675123147489506,0.20641479228902054,0.030172791005238106,0.01235455697491953,-0.18347932290495841,0.047745001270450595,0.1295169258179462,3070236
45000,55000,50.0,3.9047619047619047,-0.7051852414086616,0.23012805803849118,-0.0849571795527164,0.27121262547205366,0.10658680745015296,0.03093650104469235,1.335157082718109,1.2497957564917255,0.08367414426087892,3070237
45000,55000,50.0,5.571428571428571,1.56712013165272,0.03024078363592983,-0.04753483300281956,-0.062478981717429716,0.03546693187975568,-0.00889108124367817,0.10419126373471721,0.3297610623527013,0.11099705755317996,3070238
45000,55000,50.0,4.761904761904762,-0.777618811385089,0.17678095182347628,-0.09495527451440045,0.13037392392725172,0.13123071722747712,0.012122903424035594,-1.0760902247024424,-0.6227047654473777,0.15430839002267568,3070239
45000,55000,50.0,5.190476190476191,-0.49750293553419345,-0.35364518693821745,0.46985739334966137,0.44843156151010066,-0.17753249315486053,0.03012698571734888,-1.2300170392295948,-0.6034085887402678,0.16318702084008202,3070240
45000,55000,50.0,3.857142857142857,-0.14648754005028702,-0.17084861565841053,0.03448654869602024,-0.2885192730736928,0.025530689912549375,-0.02324419982858202,0.18475639915147135,-0.2053839414962566,0.13954149119965442,3070241
45000,55000,50.0,4.0,1.3263102498320092,-0.2682420760730668,0.07048730433465401,-0.4184817655460641,-0.06986661738142919,-0.027006467566316125,0.12834255142711154,-0.3028465133367027,0.161253509340244,3070242
45000,55000,50.0,4.095238095238095,-0.1648624776191196,0.48672336607514505,-0.3261833129267415,0.22345612765833578,0.15937564653978728,0.024263765075687786,-0.12147643149700475,0.23206642070875244,0.11035187884677677,3070243
45000,55000,50.0,6.9523809523809526,0.06709445709773672,-0.33513942608656383,0.24773288386332576,-0.06373897527257956,-0.07967306967658076,-0.026955434629802613,-0.2804127527398856,-0.05345046045611721,0.12293826260662992,3070244
45000,55000,50.0,4.190476190476191,-0.16304593328399844,0.010851140880453544,-0.15019932407081588,-0.3908160340434194,-0.043164677237588024,-0.0111266769840958,0.5585318085765081,0.15419258061489483,0.11587137689542934,3070245
45000,55000,50.0,6.428571428571429,-0.002002468622865207,0.25632122130139023,-0.23916113209866963,-0.05255756311715923,0.056409678756437195,0.0008500929210963689,-0.2170127445429229,0.5082366505182203,0.11736718496922573,3070246
45000,55000,50.0,6.0476190476190474,-0.7741395142751999,-0.6898253779798853,0.6510554461304148,0.20097061310078745,-0.15681019020566872,-0.017874158247510038,0.5224693285252917,-0.11682009330569103,0.12757936507936507,3070247
45000,55000,50.0,2.9523809523809526,-0.4832572531505629,0.05889062760538971,0.07255014110579643,0.3302608609790668,0.07931892556300549,0.021455308907904314,0.42120686691467557,0.6120077116703742,0.10087328582226537,3070248
45000,55000,50.0,4.857142857142857,1.557578195568184,0.33875565461349,-0.5189087249411388,-0.6240932696999955,0.02016965443620986,-0.027971256990254278,-0.69356833895685,-0.667053782552394,0.18278263686426946,3070249
