"label","score"
0,676.062995677749
0,798.192388332365
0,465.914634057087
0,944.642981354912
0,1029.63360581516
0,761.291749955804
0,769.66992224181
0,632.645868656796
0,1058.134413701
0,934.227682560498
0,975.856198743259
0,794.391359439741
0,1313.99652053381
0,631.016138709274
0,850.769357315487
0,1453.65320058229
0,528.088514036049
0,1129.30868932318
0,1611.73994414366
0,659.773708981822
0,665.52163536857
0,672.257795548929
0,1505.00297999011
0,738.587719239358
0,840.894921922807
0,1053.58389075478
0,874.385543665944
0,604.651507494032
0,698.61634444173
0,791.486927391696
0,759.886481965651
0,758.411198003693
0,1080.37174156809
0,732.247176388343
0,590.807408246153
0,609.955900166348
0,662.054427816868
0,784.149385541569
0,838.862220071702
0,805.93582756287
0,1653.34408346729
0,1388.48832089231
0,806.651732776308
0,830.434020534894
0,673.573346190338
0,783.255969360962
0,713.287406826204
0,752.179648233381
0,976.849036783733
0,828.778574422866
0,830.132207100448
0,777.75030625511
0,1071.70283672042
0,909.997190553834
0,776.376111554192
0,1012.04948893515
0,702.580371802872
0,948.128061645318
0,594.649081687808
0,787.256231623175
0,921.885221620645
0,774.53161273999
0,701.757696452221
0,902.056536339227
0,634.674768355193
0,818.829320398209
0,562.101809697316
0,781.535213118793
0,761.718442456628
0,663.612941759473
0,812.359675568804
0,622.977362467562
0,753.019652457048
0,662.406425871536
0,1224.22900542592
0,919.949662249393
0,914.475853819207
0,653.737968117257
0,1104.69076501156
0,873.478586390545
0,627.405920620674
0,805.734526959997
0,733.256248374057
0,1000.80560089518
0,1151.25603187097
0,924.124346256417
0,866.775491116738
0,785.678081605216
0,614.342870880076
0,638.306883280072
0,663.048225999266
0,740.355945467444
0,927.660639651466
0,692.327055569927
0,859.558460067765
0,893.145921104674
0,550.559952145384
0,1027.64830209097
0,702.97647654856
0,645.391232620858
0,845.222672628018
0,883.345385843841
0,1070.13922222357
0,1120.86474059511
0,605.46856526583
0,1047.76871186933
0,595.720263930372
0,720.886821337313
0,945.972125173893
0,591.852030503853
0,759.204317373409
0,542.300607105745
0,701.066244114769
0,786.497417247361
0,647.749834035665
0,743.821074456566
0,742.023225406308
0,589.075096922867
0,962.336478195662
0,800.772550575346
0,853.482346246128
0,629.958099588257
0,726.929812026625
0,826.306438222527
0,709.906014358394
0,631.449802247555
0,1063.52290114377
0,661.589202391426
0,705.492374164503
0,1140.1736210503
0,944.695575121118
0,912.280156667226
0,744.938867996086
0,675.879351094539
0,888.56629383628
0,820.9924178494
0,894.348003379638
0,654.020891743114
0,876.801698296769
0,925.312033757116
0,819.488575389613
0,816.806745834617
0,1196.17012382701
0,854.951803485743
0,571.932185061453
0,502.570846112524
0,543.622608894666
0,677.094595855488
0,1153.19760922268
0,507.537462705429
0,890.792041214046
0,592.991375907781
0,671.909807249801
0,840.193231270541
0,766.468784624957
0,885.156690081819
0,971.84503143741
0,1238.09622295562
0,862.854991661254
0,726.631586204472
0,767.940537693909
0,1033.58945129733
0,724.352234434108
0,643.138711571027
0,949.895320207225
0,833.716189291701
0,999.62632906447
0,1368.90996918484
0,893.62077719736
0,907.44787025229
0,669.962011456279
0,730.465659295251
0,483.746755901541
0,817.294484264321
0,715.972880130816
0,1368.16450681034
0,913.42565865146
0,713.766622762017
0,554.83750128134
0,616.035622900283
0,697.308246659922
0,530.118939764652
0,628.203954597031
0,666.322321320167
0,836.738182627798
0,863.029048329425
0,729.30750290674
0,775.994960794282
0,925.201949902466
0,1042.71842482884
0,812.004643552193
0,789.329959593329
0,989.286250940488
0,743.960069027674
0,642.88081891918
0,539.195301676951
0,790.916555479134
0,862.941812727541
0,763.82362066733
0,711.455714350885
0,830.898360714284
0,671.584280389819
0,1111.45246280625
0,581.345616970882
0,612.202301514862
0,874.65673256687
0,724.369177538961
0,1252.67115878181
0,772.156712460428
0,784.763759270059
0,615.485930982853
0,699.409898087996
0,697.239712409347
0,731.583638038843
0,587.700909771717
0,1227.6302138888
0,874.225332678384
0,840.319036228237
0,742.992418165877
0,1296.41313827194
0,934.881128712718
0,604.002434704561
0,818.721872623587
0,817.055116020536
0,738.052492346467
0,865.072680251127
0,889.731818314421
0,1044.53029223163
0,657.04945511732
0,656.179311194307
0,678.640838701295
0,699.579949720987
0,1004.58867366233
0,820.802567029581
0,841.975915112043
0,848.469970819373
0,752.146089617387
0,815.503877053083
0,1224.72124088793
0,844.06651819383
0,1326.24142800884
0,1088.41566252283
0,716.290733964175
0,685.863881011386
0,770.657624056303
0,918.937495310732
0,715.842544189304
0,844.473827978182
0,601.023795188383
0,556.065914293517
1,1085.47984574786
1,1206.88498123767
1,705.093383368063
1,871.81753120439
1,519.026671492359
1,1186.96240851858
1,1918.55758955499
1,778.807136910658
1,1516.11753353132
1,1226.01665963471
1,918.241599021872
1,836.212593063483
1,1038.72204879827
1,1325.40800293459
1,736.978469411393
1,887.588084677573
1,1404.91289853771
1,1422.031494942
1,1020.81966456366
1,759.426802924736
1,1037.58351642604
1,1113.24052632963
1,871.189590992966
1,968.475466663079
1,810.333078042832
1,951.110940176806
1,816.268594614239
1,1178.98231133285
1,992.171043720812
1,812.578410886445
1,1260.83117971212
1,1322.95780943373
1,1274.31592234155
1,814.339249435266
1,761.753354000385
1,844.551582860334
1,1305.88274954372
1,804.111757186669
1,705.931745794504
1,1064.1794926451
1,1812.42398595997
1,826.289863909918
1,743.256592334825
1,1244.7279338968
1,1628.73145622315
1,817.960228490629
1,1143.11682519894
1,768.48858837117
1,964.296715449995
1,1104.96456682629
1,1687.90031266446
1,1117.48090649282
1,955.28849343064
1,1204.15505620006
1,1031.36412206188
1,826.232696026159
1,1113.3711995964
1,1475.11565775851
1,638.565003359148
1,732.439126263554
1,1502.3650601194
1,852.619931179726
1,645.360719634341
1,862.558270241465
1,1613.40684772463
1,682.277921559002
1,1627.8347193843
1,874.34653554965
1,1339.11649473625
1,959.977383784295
1,1760.42503747136
1,1290.01310880359
1,819.044278274728
1,1138.76984786466
1,765.659310780233
1,1540.43130816799
1,1927.77274848037
1,867.385896414564
1,1033.61396075842
1,886.866379550768
1,1132.71553307106
1,912.104712240913
1,867.008091492629
1,1758.24367956355
1,979.648561474533
1,1052.49458940333
1,1038.12271588761
1,1011.99305413521
1,1287.47759755278
1,973.922245358001
1,569.025648384851
1,946.548063800308
1,1029.65744541515
1,991.50306804976
1,683.127183929546
1,860.596454741604
1,613.056507977386
1,1301.73632230816
1,1308.47871325388
1,668.16418196974
1,975.236170217324
1,1256.56645291513
1,839.264883940341
1,596.66995996133
1,635.039390582578
1,1112.143805273
1,1004.77761506161
1,1171.30318678199
1,698.195481301973
1,893.678222099746
1,861.00752090283
1,1557.43814496713
1,624.144260471456
1,1025.82949357633
1,1249.00866069686
1,1216.5841259672
1,701.276331226225
1,819.024428720344
1,1536.4238507677
1,740.202661736819
1,1167.81493382394
1,1146.6829322012
1,1204.6364866688
1,980.461610887029
1,1111.03932644888
1,898.701785905721
1,1162.81301053782
1,1297.14956690203
1,1192.69312691571
1,665.145514514484
1,1398.08806641658
1,1060.96805803115
1,905.729017429201
1,888.061163514653
1,1540.81734526784
1,761.175365141568
1,1045.29860485928
1,952.100323475853
1,887.142630435564
1,1367.4630350367
1,941.058129283157
1,950.904886912495
1,574.090861639342
1,1139.02270175386
1,868.43217320931
1,1130.73059773648
1,992.640887727118
1,697.036277400578
1,1653.5910034272
1,927.578001934
1,864.876840966544
1,1325.43870634008
1,807.029587423368
1,523.658184653705
1,1621.78965610327
1,685.664223675643
1,1833.06644138543
1,911.26939111626
1,905.899262132341
1,1703.53110428496
1,1077.68484119734
1,1225.33585054764
1,764.258687856993
1,994.556797817394
1,839.855055614808
1,1299.29178390142
1,903.854367361896
1,1101.46708121036
1,1792.92801125722
1,984.422313924539
1,771.916097695318
1,656.197092533007
1,1057.86763320201
1,753.257200626152
1,1362.34780570873
1,937.694606087611
1,641.439172587675
1,740.658492498535
1,995.217024692965
1,1282.28138677956
1,498.503346610903
1,1118.96171115501
1,1619.17397585515
1,980.489092249464
1,718.706080460807
1,980.069292160482
1,1024.48710981645
1,681.994087909087
1,818.750671036335
1,941.553895504983
1,990.416200002155
1,894.594306584579
1,1200.66796415383
1,1070.25882444555
1,1154.59232462125
1,1065.23147852408
1,917.049796604402
1,1125.36577638945
1,950.25966470685
1,964.995272244315
1,952.373471223388
1,1028.29660055322
1,708.281810020847
1,1015.77658650931
1,1251.7317110021
1,979.700520597827
1,939.992237879528
1,1141.90953354504
1,626.133524620243
1,751.658960528183
1,1024.88197614991
1,805.095093918057
1,833.782133821871
1,876.454723841728
1,897.93409186097
1,757.082208097845
1,919.497921129608
1,1074.89813746736
1,774.19660090466
1,789.199506090643
1,999.319877661142
1,701.731932232048
1,890.45727024631
1,798.63419613846
1,894.703103275627
1,984.473441747386
1,585.460103026674
1,683.122093043423
1,879.756295402917
1,796.109131678156
1,1129.22626216869
1,1295.5049890207
1,881.832626742898
1,1156.08457745883
1,1385.46389231612
1,1368.16228291038
1,759.754467876141
1,1111.30973497652
1,1170.71788242829
1,1852.99393356494
1,890.608859889129
1,920.955876124142
1,1065.05048934341
1,799.524037120776
1,1189.99716814092
1,873.039963206678
1,1243.03622599171
1,1175.17225026869
1,786.973273545802
1,897.748766576105
